valid_time,pressure_level,u,v,t,r
2025-07-22 00:00:00,1000,1.0033636,-0.71900445,293.88086,69.323456
2025-07-22 00:00:00,925,0.93212473,-0.6967332,289.49146,69.642365
2025-07-22 00:00:00,850,1.867034,-0.5576017,287.1394,56.49504
2025-07-22 00:00:00,700,5.942919,-0.4500655,281.05908,27.794846
2025-07-22 00:00:00,500,11.465305,1.0903368,265.0349,54.85463
2025-07-22 01:00:00,1000,0.7767679,-0.58682656,293.90918,72.04413
2025-07-22 01:00:00,925,0.71205634,-0.5504217,289.51733,72.72278
2025-07-22 01:00:00,850,0.91633475,-0.30460995,287.0813,54.794373
2025-07-22 01:00:00,700,6.197998,-0.30226707,280.8723,36.241455
2025-07-22 01:00:00,500,11.706475,1.6328115,264.85132,51.76947
2025-07-22 02:00:00,1000,0.5725407,-0.42964917,293.92798,74.564926
2025-07-22 02:00:00,925,0.53599435,-0.37666696,289.53882,75.3253
2025-07-22 02:00:00,850,-0.1251936,-0.32360262,286.66064,56.13382
2025-07-22 02:00:00,700,6.896764,-0.34786004,280.69922,46.537216
2025-07-22 02:00:00,500,11.933964,1.9420853,264.80444,44.517365
2025-07-22 03:00:00,1000,0.44327855,-0.22943896,293.95215,76.6221
2025-07-22 03:00:00,925,0.43029296,-0.17612922,289.56104,77.284
2025-07-22 03:00:00,850,-0.99820566,-0.065594375,286.11987,60.048492
2025-07-22 03:00:00,700,7.274806,-0.16089308,280.6101,54.5688
2025-07-22 03:00:00,500,12.229567,2.0279226,264.81445,37.591568
2025-07-22 04:00:00,1000,0.36783457,-0.14358556,293.9021,78.16493
2025-07-22 04:00:00,925,0.364729,-0.073816836,289.5088,78.8105
2025-07-22 04:00:00,850,-1.3707266,0.20625925,285.5896,65.42239
2025-07-22 04:00:00,700,7.5365486,0.095694125,280.667,55.704147
2025-07-22 04:00:00,500,12.328538,2.0038414,264.7915,32.97226
2025-07-22 05:00:00,1000,0.27207482,-0.13882071,293.73755,79.09749
2025-07-22 05:00:00,925,0.26395047,-0.07549119,289.34497,79.40813
2025-07-22 05:00:00,850,-1.1446114,0.31725794,285.229,69.3121
2025-07-22 05:00:00,700,7.8647842,0.24803698,280.8457,51.426987
2025-07-22 05:00:00,500,12.068093,2.0664463,264.59937,31.616226
2025-07-22 06:00:00,1000,0.11097169,-0.07815534,293.49707,78.965
2025-07-22 06:00:00,925,0.08541548,-0.029221464,289.1172,79.098816
2025-07-22 06:00:00,850,-0.63163084,0.16880423,285.12354,68.36867
2025-07-22 06:00:00,700,8.01287,0.32259226,281.0354,43.993744
2025-07-22 06:00:00,500,11.558278,2.3051376,264.30444,34.71797
2025-07-22 07:00:00,1000,-0.4160394,-0.11553007,293.41162,71.56239
2025-07-22 07:00:00,925,-0.46810514,-0.08905697,289.04443,71.360504
2025-07-22 07:00:00,850,-0.0959602,-0.15394032,285.26758,64.24039
2025-07-22 07:00:00,700,8.048408,0.21722937,281.1599,36.480316
2025-07-22 07:00:00,500,11.1090555,2.3126383,264.14355,38.344986
2025-07-22 08:00:00,1000,-0.32813638,-0.06689304,294.80664,60.883728
2025-07-22 08:00:00,925,-0.40738976,-0.0335892,290.37085,61.16304
2025-07-22 08:00:00,850,0.1110096,-0.23856741,285.12036,70.33121
2025-07-22 08:00:00,700,7.926552,-0.077184916,281.22656,28.681366
2025-07-22 08:00:00,500,10.533286,1.9622774,264.01758,42.47592
2025-07-22 09:00:00,1000,0.3512497,-0.19819343,296.35132,51.827744
2025-07-22 09:00:00,925,0.3047312,-0.1549905,291.9485,51.42804
2025-07-22 09:00:00,850,0.8164123,-0.4548908,286.364,64.738174
2025-07-22 09:00:00,700,7.6221743,-0.44749284,281.40332,19.449432
2025-07-22 09:00:00,500,9.796353,1.3152418,263.90088,44.929413
2025-07-22 10:00:00,1000,0.92889655,0.2362659,297.64453,48.827118
2025-07-22 10:00:00,925,0.88456655,0.22298652,293.23755,48.44719
2025-07-22 10:00:00,850,1.5770359,0.24892777,287.56128,61.908524
2025-07-22 10:00:00,700,6.0603495,1.1128559,281.4104,12.823329
2025-07-22 10:00:00,500,8.150071,1.2442837,264.12817,36.99196
2025-07-22 11:00:00,1000,1.4342012,-0.062007636,299.10938,46.974945
2025-07-22 11:00:00,925,1.4272928,-0.08659619,294.68506,47.044037
2025-07-22 11:00:00,850,2.1762562,-0.109903276,288.9165,59.61226
2025-07-22 11:00:00,700,6.016718,0.9351756,281.5515,9.616708
2025-07-22 11:00:00,500,8.171509,1.0147696,264.04565,31.909668
2025-07-22 12:00:00,1000,1.859312,0.1893444,300.4458,43.0157
2025-07-22 12:00:00,925,1.8575115,0.18282366,296.0376,43.042328
2025-07-22 12:00:00,850,2.7794504,0.37702674,290.16992,54.66986
2025-07-22 12:00:00,700,6.478223,0.7594062,281.57617,8.324594
2025-07-22 12:00:00,500,8.567042,1.101409,264.02344,25.145615
2025-07-22 13:00:00,1000,2.2343597,0.31618035,301.5791,39.15181
2025-07-22 13:00:00,925,2.2202044,0.31469977,297.16504,39.14998
2025-07-22 13:00:00,850,3.3373184,0.66742873,291.2876,49.99182
2025-07-22 13:00:00,700,6.680559,0.5954787,281.5996,7.662052
2025-07-22 13:00:00,500,9.413065,1.298646,264.0149,21.236694
2025-07-22 14:00:00,1000,2.7739162,0.07845318,302.40503,36.93744
2025-07-22 14:00:00,925,2.7493887,0.07422751,297.98706,36.833527
2025-07-22 14:00:00,850,4.2450266,0.35042173,292.12085,46.94194
2025-07-22 14:00:00,700,6.7590094,0.5849444,281.4912,8.278483
2025-07-22 14:00:00,500,10.462271,1.527648,263.90186,22.43071
2025-07-22 15:00:00,1000,3.15979,-0.4885955,302.76294,36.486526
2025-07-22 15:00:00,925,3.1017714,-0.46389878,298.36108,36.14232
2025-07-22 15:00:00,850,4.8820705,-0.57606584,292.46338,46.197815
2025-07-22 15:00:00,700,6.3901863,0.69605124,281.27173,14.702414
2025-07-22 15:00:00,500,11.62664,1.4336472,263.81982,31.319092
2025-07-22 16:00:00,1000,3.3578625,-1.1252937,302.49585,38.87863
2025-07-22 16:00:00,925,3.2932997,-1.086195,298.0913,38.543488
2025-07-22 16:00:00,850,5.298414,-1.6692228,292.2766,48.253723
2025-07-22 16:00:00,700,5.7713223,1.15518,281.17554,21.72882
2025-07-22 16:00:00,500,12.355825,0.81913507,263.80664,39.236984
2025-07-22 17:00:00,1000,3.4207582,-1.8315687,301.56372,43.84549
2025-07-22 17:00:00,925,3.3641691,-1.786479,297.15186,43.681824
2025-07-22 17:00:00,850,5.729887,-3.13801,291.49292,53.29341
2025-07-22 17:00:00,700,5.3971567,1.7513428,281.1394,28.845718
2025-07-22 17:00:00,500,12.907786,-0.6209044,263.93433,33.026566
2025-07-22 18:00:00,1000,3.0230503,-2.2450256,300.28125,49.846527
2025-07-22 18:00:00,925,2.9514856,-2.166254,295.87354,49.75638
2025-07-22 18:00:00,850,5.3422956,-4.12109,290.23145,61.61505
2025-07-22 18:00:00,700,6.311488,1.895113,281.31934,34.46469
2025-07-22 18:00:00,500,12.905892,-2.0582848,264.0359,23.441849
2025-07-22 19:00:00,1000,2.4923,-2.149725,299.04492,55.37799
2025-07-22 19:00:00,925,2.4634714,-2.060975,294.6482,55.176437
2025-07-22 19:00:00,850,4.8027143,-4.311225,289.1245,67.05278
2025-07-22 19:00:00,700,7.114973,2.4879255,281.3401,38.074966
2025-07-22 19:00:00,500,12.996356,-2.6292238,263.97412,26.187134
2025-07-22 20:00:00,1000,2.0881338,-1.9643068,297.8181,60.57814
2025-07-22 20:00:00,925,2.061967,-1.8900957,293.42725,60.535187
2025-07-22 20:00:00,850,4.760165,-4.761813,287.94287,71.8999
2025-07-22 20:00:00,700,7.6989613,2.9214964,281.22168,40.847702
2025-07-22 20:00:00,500,13.156,-2.8981066,263.98804,29.690842
2025-07-22 21:00:00,1000,2.0035448,-2.036418,296.51392,66.66069
2025-07-22 21:00:00,925,1.972661,-1.9842587,292.1206,66.979935
2025-07-22 21:00:00,850,4.536847,-5.074073,286.78247,77.19153
2025-07-22 21:00:00,700,8.4095335,2.7276478,281.07104,39.514328
2025-07-22 21:00:00,500,13.111413,-2.3681116,263.94458,23.522995
2025-07-22 22:00:00,1000,1.8105431,-1.3227825,295.98828,71.191605
2025-07-22 22:00:00,925,1.7270765,-1.28304,291.5874,71.63779
2025-07-22 22:00:00,850,4.1801014,-3.8821812,287.56445,60.95758
2025-07-22 22:00:00,700,6.9036865,3.2302341,280.05347,40.080612
2025-07-22 22:00:00,500,13.781521,-1.6595716,263.6797,18.0318
2025-07-22 23:00:00,1000,1.6247225,-1.1303968,295.18066,76.61212
2025-07-22 23:00:00,925,1.5179005,-1.0748196,290.80835,76.87779
2025-07-22 23:00:00,850,3.657857,-3.593814,287.8894,52.99678
2025-07-22 23:00:00,700,6.9963837,3.3012753,280.06592,33.896896
2025-07-22 23:00:00,500,13.845007,-1.0172358,263.5664,23.720291
2025-07-23 00:00:00,1000,1.5705366,-1.1160841,294.54858,80.95177
2025-07-23 00:00:00,925,1.4611607,-1.0178223,290.1875,81.416595
2025-07-23 00:00:00,850,3.6493835,-3.6944466,287.50903,54.028778
2025-07-23 00:00:00,700,6.987236,2.8704042,280.22632,25.44017
2025-07-23 00:00:00,500,14.031759,-0.836749,263.4309,33.85817
2025-07-23 01:00:00,1000,1.4095945,-1.1422386,294.00708,83.61087
2025-07-23 01:00:00,925,1.2867632,-1.0066757,289.6477,84.192474
2025-07-23 01:00:00,850,3.1825638,-3.7893553,286.65942,56.886597
2025-07-23 01:00:00,700,6.8153324,2.448677,280.35962,19.695816
2025-07-23 01:00:00,500,14.754392,-1.2028551,263.34644,44.51198
2025-07-23 02:00:00,1000,1.3175983,-1.0735407,293.4629,86.77994
2025-07-23 02:00:00,925,1.2147884,-0.92211616,289.10742,87.2744
2025-07-23 02:00:00,850,2.666875,-3.6797743,285.71216,62.490982
2025-07-23 02:00:00,700,7.0222416,1.6292086,280.35645,16.882645
2025-07-23 02:00:00,500,14.986611,-2.344284,263.35254,51.819565
2025-07-23 03:00:00,1000,1.2669449,-1.0997047,292.96704,88.23726
2025-07-23 03:00:00,925,1.1696634,-0.9291346,288.61035,88.61595
2025-07-23 03:00:00,850,2.173602,-3.4505959,285.20264,63.47055
2025-07-23 03:00:00,700,7.3592777,0.0111966655,280.39697,14.553418
2025-07-23 03:00:00,500,14.667254,-3.2369576,263.32886,53.961136
2025-07-23 04:00:00,1000,1.1402893,-1.1214457,292.5359,88.70947
2025-07-23 04:00:00,925,1.0615187,-0.9547775,288.1853,88.96062
2025-07-23 04:00:00,850,1.5140371,-3.0881367,284.87646,62.691483
2025-07-23 04:00:00,700,7.1632786,-1.8011074,280.53174,13.443124
2025-07-23 04:00:00,500,14.404919,-3.7627726,263.37305,53.32939
2025-07-23 05:00:00,1000,1.1760073,-1.3105259,292.21045,87.15062
2025-07-23 05:00:00,925,1.1052866,-1.1450377,287.84497,87.33954
2025-07-23 05:00:00,850,1.323492,-3.0651484,284.36743,63.407883
2025-07-23 05:00:00,700,6.708288,-3.1617002,280.4541,12.392121
2025-07-23 05:00:00,500,13.902746,-4.243944,263.31958,55.71634
2025-07-23 06:00:00,1000,1.1673698,-1.345829,291.88086,84.98076
2025-07-23 06:00:00,925,1.0899906,-1.1794376,287.51514,85.30205
2025-07-23 06:00:00,850,1.1332817,-2.8120089,284.22705,61.763535
2025-07-23 06:00:00,700,6.428591,-4.275215,280.37158,10.014403
2025-07-23 06:00:00,500,13.074417,-4.452527,263.11328,60.7977
2025-07-23 07:00:00,1000,1.0734177,-1.6796179,292.2273,75.84119
2025-07-23 07:00:00,925,1.0554113,-1.5635414,287.85596,76.52913
2025-07-23 07:00:00,850,1.0553331,-2.9609156,284.1023,62.152496
2025-07-23 07:00:00,700,6.287717,-4.4752398,280.25513,8.116556
2025-07-23 07:00:00,500,12.174631,-5.060774,263.12744,62.248993
2025-07-23 08:00:00,1000,1.0342588,-2.1812057,293.03052,66.564224
2025-07-23 08:00:00,925,0.997886,-2.13982,288.69678,66.59546
2025-07-23 08:00:00,850,1.3505831,-3.6541147,283.62207,74.085464
2025-07-23 08:00:00,700,6.379981,-4.6251793,279.93774,7.930846
2025-07-23 08:00:00,500,11.489526,-4.644457,263.39844,54.60414
2025-07-23 09:00:00,1000,0.89695656,-2.3056793,293.87354,58.20906
2025-07-23 09:00:00,925,0.8684806,-2.2933836,289.53052,58.10356
2025-07-23 09:00:00,850,1.2578163,-3.7041883,284.0276,71.26323
2025-07-23 09:00:00,700,6.2307806,-5.4351645,279.51196,8.849312
2025-07-23 09:00:00,500,11.591253,-3.9079523,263.60132,42.368195
2025-07-23 10:00:00,1000,0.76247525,-1.9378128,295.35303,48.577103
2025-07-23 10:00:00,925,0.7419727,-1.9443893,290.98804,48.38742
2025-07-23 10:00:00,850,0.8630765,-2.8898354,285.4026,59.904785
2025-07-23 10:00:00,700,4.269081,-5.3290873,278.78638,9.268048
2025-07-23 10:00:00,500,11.650857,-3.3154697,263.95215,27.127731
2025-07-23 11:00:00,1000,0.6774348,-2.1564302,296.97607,40.08876
2025-07-23 11:00:00,925,0.67240214,-2.1588583,292.5774,39.776917
2025-07-23 11:00:00,850,0.759722,-3.1518373,286.88623,50.237427
2025-07-23 11:00:00,700,3.5534916,-5.323929,278.72192,8.923898
2025-07-23 11:00:00,500,12.782788,-4.1116095,263.5918,25.644745
2025-07-23 12:00:00,1000,0.871852,-2.168396,298.344,34.85466
2025-07-23 12:00:00,925,0.85895646,-2.1459465,293.90918,34.722305
2025-07-23 12:00:00,850,0.9967374,-3.1503963,288.1753,43.782074
2025-07-23 12:00:00,700,3.0227976,-4.4765797,278.72437,8.395412
2025-07-23 12:00:00,500,13.894582,-4.722805,263.46362,21.855469
2025-07-23 13:00:00,1000,1.0514002,-2.5793247,299.37427,31.643677
2025-07-23 13:00:00,925,1.0462914,-2.5410357,294.93457,31.39032
2025-07-23 13:00:00,850,1.2957945,-3.87926,289.2002,39.529648
2025-07-23 13:00:00,700,2.7625074,-3.8629313,278.62915,8.852017
2025-07-23 13:00:00,500,14.258772,-6.081707,263.08154,22.42807
2025-07-23 14:00:00,1000,1.1340199,-2.7662716,300.052,29.770828
2025-07-23 14:00:00,925,1.1329956,-2.7141743,295.6162,29.470688
2025-07-23 14:00:00,850,1.4645061,-4.279315,289.89624,36.67691
2025-07-23 14:00:00,700,2.6580172,-3.2347727,278.68604,9.161403
2025-07-23 14:00:00,500,13.892272,-8.473297,262.77222,20.317917
2025-07-23 15:00:00,1000,1.2816334,-2.8693867,300.48315,29.143723
2025-07-23 15:00:00,925,1.2736006,-2.8165178,296.0459,29.015228
2025-07-23 15:00:00,850,1.7188654,-4.409238,290.34644,35.637924
2025-07-23 15:00:00,700,2.9084797,-2.682294,278.91235,8.870602
2025-07-23 15:00:00,500,13.494161,-11.583762,262.6819,14.31314
2025-07-23 16:00:00,1000,1.3749084,-2.9412136,300.5681,29.50563
2025-07-23 16:00:00,925,1.375884,-2.903369,296.17114,29.539734
2025-07-23 16:00:00,850,1.9393673,-4.5837097,290.4558,36.358368
2025-07-23 16:00:00,700,3.0732136,-2.1811476,278.9702,10.232344
2025-07-23 16:00:00,500,13.87723,-14.424269,263.0464,8.607704
2025-07-23 17:00:00,1000,1.2087135,-3.0783587,300.1902,31.483109
2025-07-23 17:00:00,925,1.2051172,-3.049037,295.79834,31.670547
2025-07-23 17:00:00,850,1.7057571,-5.0041265,290.11572,39.19171
2025-07-23 17:00:00,700,3.1623344,-1.9149237,279.0603,13.0804205
2025-07-23 17:00:00,500,14.756246,-16.222641,263.6316,6.1515865
2025-07-23 18:00:00,1000,0.8976523,-3.2402496,299.479,34.61635
2025-07-23 18:00:00,925,0.88841075,-3.1953268,295.07666,34.848175
2025-07-23 18:00:00,850,1.1862602,-5.5369415,289.46558,42.76181
2025-07-23 18:00:00,700,3.4192715,-1.776125,279.14453,15.154423
2025-07-23 18:00:00,500,14.668708,-17.119629,263.92676,5.9243994
2025-07-23 19:00:00,1000,0.56169266,-3.1617393,298.3164,39.82956
2025-07-23 19:00:00,925,0.6221758,-3.0885925,293.93262,39.639587
2025-07-23 19:00:00,850,0.67714834,-6.1926336,288.469,46.76625
2025-07-23 19:00:00,700,3.8081188,-2.2577887,279.2351,16.558838
2025-07-23 19:00:00,500,13.493784,-17.893555,264.24902,6.442276
2025-07-23 20:00:00,1000,0.20233583,-2.9627132,296.79736,46.170715
2025-07-23 20:00:00,925,0.29784036,-2.8388786,292.45435,45.65178
2025-07-23 20:00:00,850,-0.08178383,-6.7225437,287.0088,53.43318
2025-07-23 20:00:00,700,4.032014,-3.2627115,279.32446,16.32405
2025-07-23 20:00:00,500,11.354079,-17.930008,264.52197,6.7574596
2025-07-23 21:00:00,1000,-0.084747374,-2.430931,295.33765,52.957138
2025-07-23 21:00:00,925,0.06449163,-2.266448,291.00854,52.3295
2025-07-23 21:00:00,850,-0.6770311,-5.705308,285.53223,63.794403
2025-07-23 21:00:00,700,3.4729185,-4.122368,279.34717,14.228169
2025-07-23 21:00:00,500,10.817056,-16.580185,264.60815,8.635807
2025-07-23 22:00:00,1000,-0.06476039,-1.7044868,294.1189,64.52809
2025-07-23 22:00:00,925,0.11508024,-1.5436144,289.78638,64.253235
2025-07-23 22:00:00,850,-0.2722705,-4.3002357,285.05542,66.22565
2025-07-23 22:00:00,700,2.730876,-5.5415707,279.0149,13.976573
2025-07-23 22:00:00,500,10.502716,-14.088684,264.396,11.713093
2025-07-23 23:00:00,1000,-0.29301035,-1.4824095,293.33423,69.23088
2025-07-23 23:00:00,925,-0.116506815,-1.3465891,288.9873,69.33644
2025-07-23 23:00:00,850,-0.65869576,-4.15958,284.6831,62.82222
2025-07-23 23:00:00,700,2.4004078,-5.2961006,278.8545,13.3822565
2025-07-23 23:00:00,500,11.127072,-12.757011,264.0791,15.504627
2025-07-24 00:00:00,1000,-0.564363,-1.0970488,292.7395,72.916824
2025-07-24 00:00:00,925,-0.39401639,-0.98250014,288.37402,73.45006
2025-07-24 00:00:00,850,-1.5159225,-3.2014904,284.3584,60.506973
2025-07-24 00:00:00,700,2.7066631,-4.775671,278.75464,12.5709505
2025-07-24 00:00:00,500,11.076769,-12.463839,263.8933,20.406784
2025-07-24 01:00:00,1000,-0.5004036,-0.9522373,292.2932,75.97818
2025-07-24 01:00:00,925,-0.3638183,-0.8364986,287.92822,76.702225
2025-07-24 01:00:00,850,-1.7991095,-2.7558556,284.1494,58.537857
2025-07-24 01:00:00,700,3.2626896,-5.163869,278.73584,11.356368
2025-07-24 01:00:00,500,10.516118,-12.937035,263.85693,25.975311
2025-07-24 02:00:00,1000,-0.5206734,-0.9891424,291.92725,78.67917
2025-07-24 02:00:00,925,-0.37344593,-0.8711133,287.58545,79.32216
2025-07-24 02:00:00,850,-2.1023264,-2.8443031,283.7815,60.089554
2025-07-24 02:00:00,700,3.4328842,-5.5518646,278.59888,12.050842
2025-07-24 02:00:00,500,10.30272,-12.693443,263.88403,29.678772
2025-07-24 03:00:00,1000,-0.49155557,-0.85514426,291.59497,80.819
2025-07-24 03:00:00,925,-0.3192467,-0.73313826,287.26953,81.13316
2025-07-24 03:00:00,850,-2.166957,-2.615615,283.4624,59.888184
2025-07-24 03:00:00,700,3.5830297,-6.5031843,278.70996,13.206471
2025-07-24 03:00:00,500,10.344227,-12.443643,263.72388,32.12729
2025-07-24 04:00:00,1000,-0.67507017,-0.6547928,291.3059,82.06
2025-07-24 04:00:00,925,-0.48999017,-0.5467989,286.97852,82.12482
2025-07-24 04:00:00,850,-2.3330755,-1.9459267,283.20874,56.086456
2025-07-24 04:00:00,700,3.3616467,-7.6578207,278.95044,13.89422
2025-07-24 04:00:00,500,10.353076,-12.642709,263.52954,33.8488
2025-07-24 05:00:00,1000,-0.7367097,-0.70707875,291.03882,83.29201
2025-07-24 05:00:00,925,-0.5414981,-0.5778292,286.71533,83.17369
2025-07-24 05:00:00,850,-2.494852,-1.9061384,283.15552,52.85315
2025-07-24 05:00:00,700,3.0014963,-8.410383,278.89038,15.468783
2025-07-24 05:00:00,500,10.573118,-13.618279,263.1443,37.165115
2025-07-24 06:00:00,1000,-0.8394865,-0.7597616,290.77466,82.3893
2025-07-24 06:00:00,925,-0.64651924,-0.6348353,286.4485,82.43529
2025-07-24 06:00:00,850,-2.8345375,-2.052556,283.0481,51.8006
2025-07-24 06:00:00,700,2.1248732,-8.702023,278.77637,17.121582
2025-07-24 06:00:00,500,10.225315,-14.750505,262.86084,38.388626
2025-07-24 07:00:00,1000,-1.221077,-0.98721707,291.04858,69.55884
2025-07-24 07:00:00,925,-0.99594593,-0.85917205,286.68872,69.73093
2025-07-24 07:00:00,850,-3.2986126,-2.3969498,282.89795,52.554123
2025-07-24 07:00:00,700,1.4259996,-8.57953,278.65137,18.32904
2025-07-24 07:00:00,500,9.904897,-16.005005,262.562,43.43181
2025-07-24 08:00:00,1000,-1.4021158,-1.1552372,292.39648,55.242233
2025-07-24 08:00:00,925,-1.1971884,-1.0901976,288.0149,55.547806
2025-07-24 08:00:00,850,-2.8020039,-2.23631,282.6565,66.9772
2025-07-24 08:00:00,700,0.6830373,-8.733949,278.40894,19.254318
2025-07-24 08:00:00,500,9.70955,-16.814941,262.03345,56.62648
2025-07-24 09:00:00,1000,-1.567626,-1.3638716,293.7827,46.86496
2025-07-24 09:00:00,925,-1.4273758,-1.3167601,289.4348,46.65782
2025-07-24 09:00:00,850,-2.835085,-2.477273,283.84106,58.348526
2025-07-24 09:00:00,700,-0.23159319,-8.923566,278.19946,19.924622
2025-07-24 09:00:00,500,9.333147,-17.364471,261.34375,67.92311
2025-07-24 10:00:00,1000,-1.8002825,-1.5526838,294.6704,42.40712
2025-07-24 10:00:00,925,-1.7376051,-1.5253792,290.3164,41.966156
2025-07-24 10:00:00,850,-3.0167809,-2.6623125,284.5786,54.48065
2025-07-24 10:00:00,700,-0.6322462,-8.575199,277.9834,20.40358
2025-07-24 10:00:00,500,10.815693,-16.393478,261.47656,52.488983
2025-07-24 11:00:00,1000,-2.0108309,-1.5957441,296.15942,38.94725
2025-07-24 11:00:00,925,-1.9553108,-1.5862865,291.77222,38.99669
2025-07-24 11:00:00,850,-3.2369556,-2.6381083,286.06323,49.561127
2025-07-24 11:00:00,700,-1.000843,-7.7428446,278.1892,18.775589
2025-07-24 11:00:00,500,7.505965,-15.888055,261.5642,22.70671
2025-07-24 12:00:00,1000,-2.0326147,-1.722887,297.5913,36.128708
2025-07-24 12:00:00,925,-1.9947186,-1.7203789,293.1787,36.272034
2025-07-24 12:00:00,850,-3.3135347,-2.808751,287.4292,45.97963
2025-07-24 12:00:00,700,-1.2590809,-7.073807,278.02612,18.206894
2025-07-24 12:00:00,500,4.007043,-14.824458,262.72827,6.33996
2025-07-24 13:00:00,1000,-1.980978,-1.7692642,298.781,33.78322
2025-07-24 13:00:00,925,-1.96383,-1.7590408,294.3745,33.91983
2025-07-24 13:00:00,850,-3.203023,-2.8371572,288.6255,42.301773
2025-07-24 13:00:00,700,-1.3136635,-6.0922575,277.10815,23.020386
2025-07-24 13:00:00,500,2.368454,-15.2821,262.78247,11.105448
2025-07-24 14:00:00,1000,-1.9903288,-1.975893,299.72095,31.808426
2025-07-24 14:00:00,925,-1.9655304,-1.9655542,295.29785,31.819107
2025-07-24 14:00:00,850,-3.248948,-3.1200047,289.58594,38.7034
2025-07-24 14:00:00,700,-1.8900156,-4.0379677,275.0166,60.277405
2025-07-24 14:00:00,500,1.7771711,-14.574929,262.16675,15.275109
2025-07-24 15:00:00,1000,-2.1216154,-2.2554274,300.3623,30.291687
2025-07-24 15:00:00,925,-2.1001072,-2.2521763,295.94092,30.241425
2025-07-24 15:00:00,850,-3.5124369,-3.4953165,290.2234,36.638916
2025-07-24 15:00:00,700,-2.5027628,-2.7667131,274.69263,77.53621
2025-07-24 15:00:00,500,1.2251339,-14.393079,261.95117,13.640294
2025-07-24 16:00:00,1000,-2.3875303,-2.5200071,300.3877,30.708542
2025-07-24 16:00:00,925,-2.3590164,-2.5141459,295.9663,30.603638
2025-07-24 16:00:00,850,-4.015254,-3.9682217,290.29297,37.164413
2025-07-24 16:00:00,700,-2.0218725,-1.6496897,275.10864,75.154175
2025-07-24 16:00:00,500,0.2521636,-15.267439,262.13818,10.576071
2025-07-24 17:00:00,1000,-2.648839,-2.6654558,299.83252,33.66194
2025-07-24 17:00:00,925,-2.5826836,-2.656022,295.42383,33.5477
2025-07-24 17:00:00,850,-4.5217133,-4.4612722,289.77832,41.324753
2025-07-24 17:00:00,700,0.11616284,-1.4948931,276.44775,52.238144
2025-07-24 17:00:00,500,-1.0091095,-16.091583,262.31372,9.533045
2025-07-24 18:00:00,1000,-2.9387598,-2.7139378,298.66284,38.936523
2025-07-24 18:00:00,925,-2.849945,-2.6661558,294.27515,38.694656
2025-07-24 18:00:00,850,-5.5593624,-5.0273676,288.61157,48.389175
2025-07-24 18:00:00,700,1.119504,-4.056649,277.5835,29.668884
2025-07-24 18:00:00,500,-1.787507,-16.84024,262.5464,9.408185
2025-07-24 19:00:00,1000,-2.8388977,-2.2485352,297.2749,44.340424
2025-07-24 19:00:00,925,-2.6537437,-2.163249,292.90063,44.2789
2025-07-24 19:00:00,850,-6.3918304,-4.69989,287.35132,53.888702
2025-07-24 19:00:00,700,-0.29329652,-6.565921,277.875,22.757858
2025-07-24 19:00:00,500,-2.5060263,-18.056396,262.89648,8.866592
2025-07-24 20:00:00,1000,-2.4314938,-1.5602274,296.0642,48.835953
2025-07-24 20:00:00,925,-2.2020702,-1.4932089,291.70215,48.750443
2025-07-24 20:00:00,850,-6.240383,-3.8715754,286.19238,59.060806
2025-07-24 20:00:00,700,-2.93816,-7.9185,277.9497,23.074783
2025-07-24 20:00:00,500,-3.527852,-18.65799,263.0625,8.0894785
2025-07-24 21:00:00,1000,-2.1901016,-1.1136503,295.05127,52.586243
2025-07-24 21:00:00,925,-1.9036989,-1.0013227,290.69727,52.62123
2025-07-24 21:00:00,850,-5.357443,-2.696044,285.2351,63.12039
2025-07-24 21:00:00,700,-4.796754,-8.090948,278.23853,24.835922
2025-07-24 21:00:00,500,-4.119771,-18.701874,263.1306,7.8717346
2025-07-24 22:00:00,1000,-2.3542175,-0.6500632,294.04883,54.363388
2025-07-24 22:00:00,925,-2.0469227,-0.6201984,289.6748,54.62503
2025-07-24 22:00:00,850,-6.1130323,-1.7186098,284.27148,64.83748
2025-07-24 22:00:00,700,-3.8440742,-7.825552,278.57568,20.799591
2025-07-24 22:00:00,500,-4.6301994,-19.177505,263.49854,8.473085
2025-07-24 23:00:00,1000,-2.2289848,-0.30024368,293.35693,57.90796
2025-07-24 23:00:00,925,-1.9457655,-0.27944452,288.9873,58.539124
2025-07-24 23:00:00,850,-6.1987286,-0.8549469,283.65698,67.64409
2025-07-24 23:00:00,700,-4.2147207,-8.281597,278.81177,18.433853
2025-07-24 23:00:00,500,-4.7899246,-19.104568,263.8081,13.217234
2025-07-25 00:00:00,1000,-2.1414137,-0.11480647,292.73047,61.30197
2025-07-25 00:00:00,925,-1.9052391,-0.065754294,288.3806,61.94615
2025-07-25 00:00:00,850,-6.2238073,-0.15963519,283.02393,72.30083
2025-07-25 00:00:00,700,-4.909937,-7.8670626,278.8418,17.25589
2025-07-25 00:00:00,500,-4.790286,-18.797058,263.9973,17.972977
2025-07-25 01:00:00,1000,-1.7383366,-0.10149878,292.21167,64.44847
2025-07-25 01:00:00,925,-1.4992218,-0.03420994,287.88452,64.97186
2025-07-25 01:00:00,850,-5.4120045,-0.037552275,282.59595,75.919525
2025-07-25 01:00:00,700,-5.0139236,-7.023568,279.03003,16.51384
2025-07-25 01:00:00,500,-4.590395,-18.075577,264.16772,20.628479
2025-07-25 02:00:00,1000,-1.4858971,-0.1467492,291.79053,67.66966
2025-07-25 02:00:00,925,-1.2289772,-0.09068787,287.4795,68.089066
2025-07-25 02:00:00,850,-4.795182,-0.31699497,282.43677,74.98056
2025-07-25 02:00:00,700,-4.8443527,-6.450672,279.3269,15.714135
2025-07-25 02:00:00,500,-4.2388706,-17.316559,264.36133,21.006561
2025-07-25 03:00:00,1000,-1.3468647,-0.18297797,291.4519,70.60455
2025-07-25 03:00:00,925,-1.0992107,-0.16193283,287.13257,71.05632
2025-07-25 03:00:00,850,-4.4387207,-0.5468404,282.54565,70.8642
2025-07-25 03:00:00,700,-4.4249268,-6.2693834,279.52026,15.155242
2025-07-25 03:00:00,500,-3.4915695,-16.760117,264.5681,19.610748
2025-07-25 04:00:00,1000,-1.127347,-0.26588494,291.1433,73.45297
2025-07-25 04:00:00,925,-0.88695514,-0.26422167,286.8108,74.01311
2025-07-25 04:00:00,850,-3.934599,-0.89394057,282.88696,62.707535
2025-07-25 04:00:00,700,-3.9512043,-6.540393,279.73706,14.453641
2025-07-25 04:00:00,500,-3.034255,-16.353867,264.84106,16.330826
2025-07-25 05:00:00,1000,-0.86150384,-0.25596195,290.89087,76.63786
2025-07-25 05:00:00,925,-0.6331578,-0.27242678,286.55664,77.26065
2025-07-25 05:00:00,850,-3.3475199,-1.1358976,283.33936,56.96759
2025-07-25 05:00:00,700,-3.6481524,-6.8211927,279.78735,14.122922
2025-07-25 05:00:00,500,-3.115489,-16.081879,265.0979,12.132584
2025-07-25 06:00:00,1000,-0.7153319,0.033380993,290.74585,78.03798
2025-07-25 06:00:00,925,-0.48814094,0.024316665,286.40186,78.80907
2025-07-25 06:00:00,850,-3.0876036,-0.8928277,283.69507,53.979416
2025-07-25 06:00:00,700,-3.4208832,-6.9362717,279.5476,15.028596
2025-07-25 06:00:00,500,-3.019247,-16.434097,265.30713,9.070562
2025-07-25 07:00:00,1000,-1.2565355,0.24055141,291.05835,69.360535
2025-07-25 07:00:00,925,-1.0662956,0.22628844,286.68018,70.16591
2025-07-25 07:00:00,850,-3.3763828,-0.35196507,283.79175,52.736893
2025-07-25 07:00:00,700,-3.4814997,-6.8648214,279.24072,16.455597
2025-07-25 07:00:00,500,-3.013176,-17.630768,265.6228,8.433534
2025-07-25 08:00:00,1000,-1.6257505,0.2431233,292.7246,56.72534
2025-07-25 08:00:00,925,-1.3863049,0.2260772,288.33276,57.64026
2025-07-25 08:00:00,850,-3.070344,-0.071545124,283.34497,61.216965
2025-07-25 08:00:00,700,-3.5985594,-7.066683,279.2483,17.140717
2025-07-25 08:00:00,500,-3.38136,-18.158737,266.00586,10.905506
2025-07-25 09:00:00,1000,-1.6912203,-0.0012370257,294.4568,46.855865
2025-07-25 09:00:00,925,-1.53232,0.019569825,290.09277,47.075943
2025-07-25 09:00:00,850,-2.5996933,-0.24874479,284.5337,57.621048
2025-07-25 09:00:00,700,-3.6273556,-7.304881,279.4314,17.54985
2025-07-25 09:00:00,500,-3.7627678,-18.211624,266.26245,15.992654
2025-07-25 10:00:00,1000,-1.4780531,-0.21307516,295.96558,39.485687
2025-07-25 10:00:00,925,-1.4026175,-0.18339074,291.61816,39.167435
2025-07-25 10:00:00,850,-2.1728878,-0.59181494,285.85718,49.396545
2025-07-25 10:00:00,700,-3.0713863,-6.157689,279.56348,19.9935
2025-07-25 10:00:00,500,-3.7258568,-16.615494,266.38794,18.926132
2025-07-25 11:00:00,1000,-1.6755905,-0.20781088,297.66577,34.043823
2025-07-25 11:00:00,925,-1.5743532,-0.18269461,293.25366,34.01274
2025-07-25 11:00:00,850,-2.3698301,-0.549779,287.39185,44.033157
2025-07-25 11:00:00,700,-3.5477247,-5.405552,279.88965,19.999176
2025-07-25 11:00:00,500,-2.5987844,-15.52901,266.26147,22.089218
2025-07-25 12:00:00,1000,-1.6384172,-0.2371934,299.26,30.046524
2025-07-25 12:00:00,925,-1.5415707,-0.20381314,294.80762,30.182434
2025-07-25 12:00:00,850,-2.3269453,-0.6060778,288.948,38.47937
2025-07-25 12:00:00,700,-3.8134594,-5.043236,280.10596,20.486282
2025-07-25 12:00:00,500,-1.6016436,-15.329548,266.29053,25.572678
2025-07-25 13:00:00,1000,-1.8082619,-0.24736029,300.62598,26.865128
2025-07-25 13:00:00,925,-1.7195387,-0.19409901,296.14038,26.932495
2025-07-25 13:00:00,850,-2.624835,-0.6676911,290.35156,33.47412
2025-07-25 13:00:00,700,-3.9353647,-4.441449,280.1643,21.157593
2025-07-25 13:00:00,500,-1.2046223,-15.054564,266.3037,27.539627
2025-07-25 14:00:00,1000,-1.5975418,-0.15459841,301.75415,24.449066
2025-07-25 14:00:00,925,-1.5139933,-0.11802989,297.2527,24.50084
2025-07-25 14:00:00,850,-2.282442,-0.49560243,291.5039,29.653976
2025-07-25 14:00:00,700,-3.167986,-4.0690174,280.3557,21.054688
2025-07-25 14:00:00,500,-1.0271807,-14.661527,266.43213,28.552826
2025-07-25 15:00:00,1000,-1.2489834,-0.16017532,302.66284,22.967941
2025-07-25 15:00:00,925,-1.1702671,-0.11148459,298.1577,22.990463
2025-07-25 15:00:00,850,-1.7431364,-0.48753732,292.39917,27.689087
2025-07-25 15:00:00,700,-2.284647,-4.0007677,280.13867,23.408829
2025-07-25 15:00:00,500,-0.5607961,-14.329466,266.511,27.894882
2025-07-25 16:00:00,1000,-1.0019245,-0.18736815,303.3545,22.036346
2025-07-25 16:00:00,925,-0.93535465,-0.15400773,298.86377,21.829529
2025-07-25 16:00:00,850,-1.3674374,-0.50600076,293.063,26.98462
2025-07-25 16:00:00,700,-1.2293072,-3.4265404,279.07397,34.918625
2025-07-25 16:00:00,500,0.26898772,-14.011158,266.5537,25.36914
2025-07-25 17:00:00,1000,-0.7972872,-0.20039648,303.80298,21.44284
2025-07-25 17:00:00,925,-0.74423355,-0.15904927,299.30957,21.069427
2025-07-25 17:00:00,850,-1.0773973,-0.4651391,293.5078,26.430328
2025-07-25 17:00:00,700,-0.5400869,-2.436246,278.48145,46.6371
2025-07-25 17:00:00,500,1.0928745,-13.911863,266.64624,20.928696
2025-07-25 18:00:00,1000,-0.83246154,-0.22644389,303.9265,21.34024
2025-07-25 18:00:00,925,-0.76375115,-0.12771988,299.44116,20.992859
2025-07-25 18:00:00,850,-1.1444864,-0.3466739,293.71045,25.607986
2025-07-25 18:00:00,700,-0.12476951,-1.8536263,278.58032,48.52391
2025-07-25 18:00:00,500,1.5766735,-13.532877,266.71118,17.510376
2025-07-25 19:00:00,1000,-0.92543125,-0.24594384,303.63794,23.527298
2025-07-25 19:00:00,925,-0.7244316,-0.12770283,299.17017,23.154083
2025-07-25 19:00:00,850,-1.7909975,-0.37244248,293.52393,25.763626
2025-07-25 19:00:00,700,0.4148999,-1.9065237,278.89087,46.485214
2025-07-25 19:00:00,500,2.1429796,-12.881899,266.79297,16.152481
2025-07-25 20:00:00,1000,-1.0590448,-0.29676753,302.8606,27.415146
2025-07-25 20:00:00,925,-0.7725996,-0.24398696,298.39673,27.563675
2025-07-25 20:00:00,850,-3.1997795,-0.29218924,292.85938,28.576431
2025-07-25 20:00:00,700,0.7404498,-2.2915344,279.2788,43.04271
2025-07-25 20:00:00,500,2.884571,-11.9303465,266.90552,15.903247
2025-07-25 21:00:00,1000,-1.4201307,-0.57364273,301.6101,31.970184
2025-07-25 21:00:00,925,-1.1345558,-0.5482276,297.09717,32.82817
2025-07-25 21:00:00,850,-4.8982105,-0.28741264,291.6726,35.162994
2025-07-25 21:00:00,700,1.0612555,-3.7013197,279.99487,36.408386
2025-07-25 21:00:00,500,3.7389822,-11.160223,267.0686,16.466751
2025-07-25 22:00:00,1000,-1.6768904,-0.52316535,299.2146,38.126816
2025-07-25 22:00:00,925,-1.4295712,-0.48667133,294.68213,39.313858
2025-07-25 22:00:00,850,-5.82495,-0.25881505,289.29907,45.11473
2025-07-25 22:00:00,700,-0.06813192,-7.2952795,281.60376,26.579025
2025-07-25 22:00:00,500,4.6662207,-10.873398,267.30518,16.569733
2025-07-25 23:00:00,1000,-2.0778399,-0.068570614,297.60596,45.204132
2025-07-25 23:00:00,925,-1.8839779,0.025778122,293.1228,46.162064
2025-07-25 23:00:00,850,-5.4214544,0.11782837,287.67432,53.756042
2025-07-25 23:00:00,700,-1.7417936,-7.574107,282.32446,21.97023
2025-07-25 23:00:00,500,5.124175,-9.885947,267.16626,18.42775
2025-07-26 00:00:00,1000,-1.935751,0.15588003,296.2212,51.447052
2025-07-26 00:00:00,925,-1.7722292,0.31533498,291.75293,52.231506
2025-07-26 00:00:00,850,-4.5796413,0.2321828,286.66846,59.43271
2025-07-26 00:00:00,700,-2.052044,-6.322958,282.3877,20.126144
2025-07-26 00:00:00,500,5.5133247,-9.479743,267.01758,19.626587
2025-07-26 01:00:00,1000,-1.6381454,0.3871383,295.18677,56.0063
2025-07-26 01:00:00,925,-1.467907,0.5236883,290.74487,56.79834
2025-07-26 01:00:00,850,-3.4458075,0.32989746,286.69873,57.861862
2025-07-26 01:00:00,700,-1.6551332,-5.371791,282.302,19.254196
2025-07-26 01:00:00,500,5.875634,-9.022288,267.0564,21.252914
2025-07-26 02:00:00,1000,-1.5226116,0.47712833,294.35327,60.766724
2025-07-26 02:00:00,925,-1.3331776,0.5739311,289.9353,61.226105
2025-07-26 02:00:00,850,-2.9901562,0.3275761,287.05713,55.309006
2025-07-26 02:00:00,700,-0.9738931,-4.9552736,282.0144,19.49562
2025-07-26 02:00:00,500,6.485628,-8.303238,267.21802,23.20456
2025-07-26 03:00:00,1000,-1.490632,0.6385583,293.56152,65.57367
2025-07-26 03:00:00,925,-1.2786036,0.69503874,289.16895,65.90207
2025-07-26 03:00:00,850,-2.9743738,0.29431635,287.1306,54.14264
2025-07-26 03:00:00,700,-0.32065737,-4.820321,281.81567,19.444244
2025-07-26 03:00:00,500,7.3476954,-7.468583,267.3108,24.299911
2025-07-26 04:00:00,1000,-1.377882,0.751108,292.83472,70.274185
2025-07-26 04:00:00,925,-1.1870966,0.7826567,288.46338,70.456375
2025-07-26 04:00:00,850,-2.856227,0.37106705,286.9851,54.37381
2025-07-26 04:00:00,700,0.3302731,-4.9303036,281.89087,18.567108
2025-07-26 04:00:00,500,8.332599,-7.13544,267.18652,24.58879
2025-07-26 05:00:00,1000,-1.2830458,0.8006528,292.21973,74.73944
2025-07-26 05:00:00,925,-1.1181202,0.83256143,287.85352,74.79724
2025-07-26 05:00:00,850,-2.8594513,0.5368277,286.79517,54.827713
2025-07-26 05:00:00,700,0.5101854,-5.2602434,282.01123,18.604584
2025-07-26 05:00:00,500,8.922646,-7.2822638,266.79907,26.0569
2025-07-26 06:00:00,1000,-1.0280666,0.682593,291.8274,77.108505
2025-07-26 06:00:00,925,-0.8748477,0.7237632,287.46558,77.210236
2025-07-26 06:00:00,850,-2.4623785,0.42836857,286.708,54.62094
2025-07-26 06:00:00,700,0.25448644,-5.613182,281.95898,20.379822
2025-07-26 06:00:00,500,9.088872,-7.4480133,266.48462,30.121826
2025-07-26 07:00:00,1000,-0.8781855,0.6194225,292.22412,71.6102
2025-07-26 07:00:00,925,-0.7770168,0.59451383,287.80566,71.88829
2025-07-26 07:00:00,850,-1.805934,0.106305,286.82983,53.5793
2025-07-26 07:00:00,700,-0.37417126,-5.4632215,281.70142,23.131943
2025-07-26 07:00:00,500,9.293061,-7.4460363,266.36597,35.3452
2025-07-26 08:00:00,1000,-0.9880523,0.5489832,294.18506,60.55197
2025-07-26 08:00:00,925,-0.88315725,0.49182427,289.7036,61.221466
2025-07-26 08:00:00,850,-1.2946978,-0.27968204,287.01318,53.281403
2025-07-26 08:00:00,700,-0.9810109,-5.0375643,281.58374,25.73825
2025-07-26 08:00:00,500,9.394033,-7.7595234,266.2002,38.66426
2025-07-26 09:00:00,1000,-0.99027467,0.591878,296.36792,51.177032
2025-07-26 09:00:00,925,-0.9389468,0.56031996,291.93872,51.10045
2025-07-26 09:00:00,850,-0.91336685,0.3324663,286.50928,62.015182
2025-07-26 09:00:00,700,-0.7938673,-4.5457363,281.7224,27.822952
2025-07-26 09:00:00,500,9.398539,-7.844019,265.9038,36.05905
2025-07-26 10:00:00,1000,-0.78500223,0.37321937,297.8435,45.881454
2025-07-26 10:00:00,925,-0.7291814,0.34936446,293.4065,46.07602
2025-07-26 10:00:00,850,-0.7172412,0.22909302,287.53564,59.39807
2025-07-26 10:00:00,700,0.05857785,-4.960312,281.8589,28.802567
2025-07-26 10:00:00,500,10.135617,-7.268565,265.80493,23.591019
2025-07-26 11:00:00,1000,-0.41133404,0.14884925,299.68213,40.568146
2025-07-26 11:00:00,925,-0.3276378,0.22408503,295.30566,40.115433
2025-07-26 11:00:00,850,-0.20149237,-0.007541962,289.31006,52.576187
2025-07-26 11:00:00,700,0.25954658,-4.418623,281.75293,30.032608
2025-07-26 11:00:00,500,10.519574,-6.9179325,265.7522,9.836375
2025-07-26 12:00:00,1000,0.0042203106,-0.25867015,301.31958,35.98607
2025-07-26 12:00:00,925,0.051248875,-0.1653294,296.90015,35.495117
2025-07-26 12:00:00,850,0.30289644,-0.62841195,290.84497,47.117966
2025-07-26 12:00:00,700,0.4414835,-3.8338833,281.44092,31.786652
2025-07-26 12:00:00,500,10.981587,-6.7809887,265.64575,7.0076256
2025-07-26 13:00:00,1000,0.3174414,-0.56747055,302.6919,33.12497
2025-07-26 13:00:00,925,0.34900892,-0.48694098,298.23657,32.819687
2025-07-26 13:00:00,850,0.7481001,-1.1156235,292.18823,43.12143
2025-07-26 13:00:00,700,0.9072512,-3.354948,281.25537,32.96904
2025-07-26 13:00:00,500,11.420059,-6.852209,265.4773,9.044956
2025-07-26 14:00:00,1000,0.5541146,-0.59747696,303.8374,30.78444
2025-07-26 14:00:00,925,0.5752154,-0.53355217,299.36328,30.479462
2025-07-26 14:00:00,850,0.9696612,-1.1384468,293.31714,39.933105
2025-07-26 14:00:00,700,1.8398113,-3.3569717,281.32568,32.436157
2025-07-26 14:00:00,500,11.773172,-6.862756,265.39136,12.9677105
2025-07-26 15:00:00,1000,0.806863,-0.57076037,304.69067,29.137009
2025-07-26 15:00:00,925,0.83175194,-0.51685125,300.19995,28.807983
2025-07-26 15:00:00,850,1.3037186,-1.0349169,294.1941,37.65114
2025-07-26 15:00:00,700,2.619794,-3.5003529,280.50098,43.112457
2025-07-26 15:00:00,500,11.979929,-6.6587133,265.40576,20.004822
2025-07-26 16:00:00,1000,1.0618305,-0.58603156,305.27393,28.156128
2025-07-26 16:00:00,925,1.0808067,-0.5263799,300.7798,27.799957
2025-07-26 16:00:00,850,1.6431236,-1.0734663,294.83008,35.76622
2025-07-26 16:00:00,700,2.1927109,-2.6077366,279.92383,56.128296
2025-07-26 16:00:00,500,12.135128,-7.155017,265.48193,28.61261
2025-07-26 17:00:00,1000,1.3202753,-0.66166955,305.5515,27.941757
2025-07-26 17:00:00,925,1.3580561,-0.587059,301.0581,27.58641
2025-07-26 17:00:00,850,2.0293922,-1.1622257,295.1792,34.2321
2025-07-26 17:00:00,700,1.5359659,-1.5644312,279.96997,58.65564
2025-07-26 17:00:00,500,11.70925,-8.959273,265.6853,35.00879
2025-07-26 18:00:00,1000,1.4769144,-1.0645638,305.32593,29.300674
2025-07-26 18:00:00,925,1.5742512,-0.9672486,300.86597,28.90033
2025-07-26 18:00:00,850,2.3241491,-1.9708223,295.02393,35.60414
2025-07-26 18:00:00,700,0.867664,-0.51297194,280.05176,58.49231
2025-07-26 18:00:00,500,10.5613,-9.772191,266.06885,30.388977
2025-07-26 19:00:00,1000,1.0624733,-1.1273003,304.56714,33.177002
2025-07-26 19:00:00,925,1.2142906,-1.0689583,300.1023,32.920853
2025-07-26 19:00:00,850,1.9991665,-2.6769123,294.39673,37.998215
2025-07-26 19:00:00,700,0.11451721,0.41778582,280.2256,54.93141
2025-07-26 19:00:00,500,10.414467,-10.334549,266.29297,21.862244
2025-07-26 20:00:00,1000,0.655718,-1.0927019,303.58032,38.073532
2025-07-26 20:00:00,925,0.7782126,-1.1105223,299.08594,38.293854
2025-07-26 20:00:00,850,0.8101855,-2.6759377,293.43896,42.09648
2025-07-26 20:00:00,700,-0.051356047,1.074523,280.2019,55.42923
2025-07-26 20:00:00,500,10.631786,-10.584001,266.4463,20.443497
2025-07-26 21:00:00,1000,0.38928384,-1.3702908,302.54834,43.317047
2025-07-26 21:00:00,925,0.47795922,-1.3872166,297.96216,44.14972
2025-07-26 21:00:00,850,-0.43704015,-2.5285425,292.60986,46.373474
2025-07-26 21:00:00,700,0.45092738,0.9287901,280.04272,56.5627
2025-07-26 21:00:00,500,10.975269,-9.95445,266.53662,31.348083
2025-07-26 22:00:00,1000,-0.063393414,-1.1973286,301.14575,49.08098
2025-07-26 22:00:00,925,-0.0017822133,-1.1425228,296.54248,50.171127
2025-07-26 22:00:00,850,-1.7258329,-1.7107058,291.73047,49.944016
2025-07-26 22:00:00,700,2.5963573,0.76163936,280.14502,53.455414
2025-07-26 22:00:00,500,12.372587,-11.663782,266.65063,37.199142
2025-07-26 23:00:00,1000,-0.41941863,-0.98745936,300.146,54.460495
2025-07-26 23:00:00,925,-0.32826817,-0.85991764,295.6145,55.373093
2025-07-26 23:00:00,850,-3.7502222,-0.6179144,291.03027,53.16484
2025-07-26 23:00:00,700,5.482152,-0.16060346,280.39893,44.710068
2025-07-26 23:00:00,500,11.091991,-11.666024,267.14282,34.60913
2025-07-27 00:00:00,1000,-0.7750481,-0.9005358,299.02026,58.182922
2025-07-27 00:00:00,925,-0.6166808,-0.7143211,294.58374,58.948853
2025-07-27 00:00:00,850,-4.306937,-0.16901326,289.78564,60.18805
2025-07-27 00:00:00,700,7.27672,-1.9473286,280.73755,32.516327
2025-07-27 00:00:00,500,10.0840845,-10.77165,267.458,31.194244
2025-07-27 01:00:00,1000,-0.9834699,-0.58957064,297.91357,62.37549
2025-07-27 01:00:00,925,-0.7927019,-0.40550005,293.51978,62.93402
2025-07-27 01:00:00,850,-3.4731321,0.17823178,288.9297,65.225006
2025-07-27 01:00:00,700,7.107071,-3.1020699,281.15015,18.255127
2025-07-27 01:00:00,500,10.028978,-9.637788,267.22485,33.47841
2025-07-27 02:00:00,1000,-0.9150483,-0.23009777,297.08423,67.10478
2025-07-27 02:00:00,925,-0.75243026,-0.070771396,292.71143,67.399536
2025-07-27 02:00:00,850,-2.491763,0.41148955,288.51514,66.780945
2025-07-27 02:00:00,700,6.708311,-3.5109034,281.46387,14.599131
2025-07-27 02:00:00,500,10.469773,-8.961733,267.15137,34.371063
2025-07-27 03:00:00,1000,-0.8288913,0.16630739,296.55615,71.02202
2025-07-27 03:00:00,925,-0.6987359,0.33861685,292.19458,71.2984
2025-07-27 03:00:00,850,-1.6669493,0.6168996,288.32178,66.40874
2025-07-27 03:00:00,700,6.784051,-4.0375605,281.6892,15.125111
2025-07-27 03:00:00,500,10.88137,-9.121324,267.3037,33.081726
2025-07-27 04:00:00,1000,-0.775789,0.49455678,296.16406,74.567444
2025-07-27 04:00:00,925,-0.6670963,0.6663457,291.79297,74.888245
2025-07-27 04:00:00,850,-0.85487604,1.0377636,288.29858,64.62962
2025-07-27 04:00:00,700,7.350504,-4.875308,281.84888,19.01207
2025-07-27 04:00:00,500,10.8178625,-8.871145,267.552,31.034714
2025-07-27 05:00:00,1000,-0.7069434,0.48585552,295.75952,77.83017
2025-07-27 05:00:00,925,-0.59442544,0.6545941,291.38818,77.99547
2025-07-27 05:00:00,850,-0.21821523,1.0530767,288.3606,62.758835
2025-07-27 05:00:00,700,7.7461576,-5.7881966,281.82715,25.573303
2025-07-27 05:00:00,500,10.749516,-8.810279,267.7649,29.414307
2025-07-27 06:00:00,1000,-0.49010003,0.29906982,295.4182,80.18265
2025-07-27 06:00:00,925,-0.376105,0.45840544,291.0503,80.15631
2025-07-27 06:00:00,850,0.5038439,0.53869224,288.4934,60.4868
2025-07-27 06:00:00,700,7.792307,-6.881775,281.81006,32.690018
2025-07-27 06:00:00,500,10.63251,-9.149957,267.75293,29.730194
2025-07-27 07:00:00,1000,-0.48219562,0.4357655,295.3916,73.336624
2025-07-27 07:00:00,925,-0.42546445,0.51542515,290.96167,73.278625
2025-07-27 07:00:00,850,1.1719818,0.17104596,288.74023,56.719727
2025-07-27 07:00:00,700,7.6221895,-7.9717665,281.91748,40.95343
2025-07-27 07:00:00,500,10.421308,-9.287957,267.61108,31.848251
2025-07-27 08:00:00,1000,-0.2113716,0.52450806,297.0298,61.892258
2025-07-27 08:00:00,925,-0.16591543,0.6037505,292.5559,62.344604
2025-07-27 08:00:00,850,1.5716143,0.05047577,288.86548,53.274094
2025-07-27 08:00:00,700,7.68785,-8.5152235,281.89624,46.387146
2025-07-27 08:00:00,500,9.980749,-9.271765,267.44604,34.77147
2025-07-27 09:00:00,1000,0.35459644,0.29878277,299.02686,49.0289
2025-07-27 09:00:00,925,0.37976807,0.36916155,294.6006,48.97696
2025-07-27 09:00:00,850,1.2550535,0.17417806,288.74194,62.56575
2025-07-27 09:00:00,700,8.15562,-8.367112,281.7434,46.796402
2025-07-27 09:00:00,500,9.618171,-8.79074,267.3296,37.314743
2025-07-27 10:00:00,1000,1.068222,-0.17053199,300.80273,37.546967
2025-07-27 10:00:00,925,1.0990047,-0.14516342,296.4043,37.389465
2025-07-27 10:00:00,850,2.1102238,-0.56396604,290.4729,47.411407
2025-07-27 10:00:00,700,8.860607,-8.006665,281.88623,38.93895
2025-07-27 10:00:00,500,10.2776575,-8.278722,267.38086,38.92299
2025-07-27 11:00:00,1000,1.5623322,-0.766711,302.396,30.483368
2025-07-27 11:00:00,925,1.5839138,-0.7280942,297.97046,30.367432
2025-07-27 11:00:00,850,2.726059,-1.5426292,292.00684,38.222473
2025-07-27 11:00:00,700,8.646002,-8.108835,282.00537,38.561417
2025-07-27 11:00:00,500,10.250329,-8.188694,267.1455,39.43628
2025-07-27 12:00:00,1000,1.9818668,-1.2230463,303.6328,26.32254
2025-07-27 12:00:00,925,1.9740438,-1.1512709,299.1902,25.988846
2025-07-27 12:00:00,850,3.1684551,-2.101285,293.15015,33.776993
2025-07-27 12:00:00,700,7.915416,-8.002153,282.08862,41.30458
2025-07-27 12:00:00,500,10.234229,-8.382361,266.8142,41.20459
2025-07-27 13:00:00,1000,2.3441715,-1.5480642,304.52295,23.9935
2025-07-27 13:00:00,925,2.301982,-1.4549875,300.05005,23.465393
2025-07-27 13:00:00,850,3.6662664,-2.5353756,293.98267,31.503387
2025-07-27 13:00:00,700,6.864291,-7.158164,281.79028,44.297653
2025-07-27 13:00:00,500,9.940015,-8.601674,266.50537,43.9664
2025-07-27 14:00:00,1000,2.6220446,-1.9138441,305.0027,23.001389
2025-07-27 14:00:00,925,2.566288,-1.8298826,300.5149,22.517563
2025-07-27 14:00:00,850,4.0554743,-3.114171,294.47192,30.446976
2025-07-27 14:00:00,700,5.74761,-5.4362288,281.57275,47.32727
2025-07-27 14:00:00,500,9.9013,-8.450633,266.4453,45.489563
2025-07-27 15:00:00,1000,2.781005,-2.3043098,305.02148,23.544998
2025-07-27 15:00:00,925,2.7316504,-2.2114515,300.5454,23.236801
2025-07-27 15:00:00,850,4.2862062,-3.7775707,294.583,30.369339
2025-07-27 15:00:00,700,5.494094,-4.6976175,281.83545,46.101654
2025-07-27 15:00:00,500,10.331631,-8.677369,266.60938,45.740555
2025-07-27 16:00:00,1000,2.6978626,-2.6580095,304.61694,25.557892
2025-07-27 16:00:00,925,2.6668606,-2.551877,300.17944,24.635086
2025-07-27 16:00:00,850,4.1965933,-4.506913,294.2505,32.351944
2025-07-27 16:00:00,700,5.4037533,-5.1763725,282.24072,44.41501
2025-07-27 16:00:00,500,10.44118,-9.0666275,266.65063,47.736145
2025-07-27 17:00:00,1000,2.462902,-2.7052498,303.98022,28.205673
2025-07-27 17:00:00,925,2.4253216,-2.6213331,299.56055,26.944458
2025-07-27 17:00:00,850,3.875286,-4.665304,293.66992,35.42569
2025-07-27 17:00:00,700,5.4221725,-6.1314754,282.5249,48.473663
2025-07-27 17:00:00,500,10.283364,-9.290864,266.66553,49.72966
2025-07-27 18:00:00,1000,2.2078886,-2.6472912,303.19287,31.172531
2025-07-27 18:00:00,925,2.193429,-2.542488,298.76196,30.551163
2025-07-27 18:00:00,850,3.6114922,-4.6980467,292.9956,38.163727
2025-07-27 18:00:00,700,5.293844,-6.825882,282.74707,54.766632
2025-07-27 18:00:00,500,9.971306,-9.736148,266.6289,51.64061
2025-07-27 19:00:00,1000,1.9279966,-2.3386984,302.1775,35.39322
2025-07-27 19:00:00,925,1.9476109,-2.2137222,297.73462,35.428955
2025-07-27 19:00:00,850,3.8836918,-4.9334,292.13794,41.41458
2025-07-27 19:00:00,700,5.2535477,-7.2638817,282.94995,55.514404
2025-07-27 19:00:00,500,9.190584,-10.081069,266.77808,50.305588
2025-07-27 20:00:00,1000,1.6335859,-2.069687,300.94678,40.311188
2025-07-27 20:00:00,925,1.6355963,-1.968277,296.49365,40.677902
2025-07-27 20:00:00,850,3.5898485,-5.161237,291.1792,42.826477
2025-07-27 20:00:00,700,4.938525,-7.2541924,283.0515,52.7437
2025-07-27 20:00:00,500,8.049873,-10.476435,267.13525,43.607025
2025-07-27 21:00:00,1000,1.3637152,-1.8496361,299.79053,45.265045
2025-07-27 21:00:00,925,1.3807764,-1.7328978,295.3484,45.30414
2025-07-27 21:00:00,850,2.9296389,-5.262886,290.9944,39.215652
2025-07-27 21:00:00,700,4.756714,-6.7882137,283.10718,52.07306
2025-07-27 21:00:00,500,7.113634,-10.887997,267.42944,36.586823
2025-07-27 22:00:00,1000,1.3024511,-1.5574808,298.3667,53.103622
2025-07-27 22:00:00,925,1.3065538,-1.4350185,293.9397,52.93727
2025-07-27 22:00:00,850,3.0392675,-4.902055,290.69946,39.915436
2025-07-27 22:00:00,700,5.4011993,-7.031843,283.24634,54.177216
2025-07-27 22:00:00,500,6.2394934,-11.145223,267.59033,30.440125
2025-07-27 23:00:00,1000,0.9792474,-1.3164282,297.73608,57.537354
2025-07-27 23:00:00,925,1.0164347,-1.2237997,293.31543,57.470734
2025-07-27 23:00:00,850,2.3702364,-4.6594467,290.1006,43.09662
2025-07-27 23:00:00,700,5.124302,-6.7760935,283.14258,52.93181
2025-07-27 23:00:00,500,6.176097,-11.738297,267.7705,24.512634
2025-07-28 00:00:00,1000,0.62535405,-1.2046127,297.00244,62.430893
2025-07-28 00:00:00,925,0.6892519,-1.138524,292.5852,62.55626
2025-07-28 00:00:00,850,1.4848928,-4.2591724,289.2776,47.818527
2025-07-28 00:00:00,700,4.86465,-6.4860992,282.9702,51.97354
2025-07-28 00:00:00,500,6.2410717,-12.503035,268.05103,19.41742
2025-07-28 01:00:00,1000,0.33686405,-1.0872612,296.29028,67.24492
2025-07-28 01:00:00,925,0.4322647,-0.9994,291.8977,67.275925
2025-07-28 01:00:00,850,0.46259195,-3.5559711,288.37158,54.93799
2025-07-28 01:00:00,700,4.572358,-6.2567873,282.7959,51.93184
2025-07-28 01:00:00,500,5.997222,-13.256389,268.25513,16.197128
2025-07-28 02:00:00,1000,0.12273288,-0.9416767,295.68408,71.61354
2025-07-28 02:00:00,925,0.26450342,-0.8451296,291.3025,71.551346
2025-07-28 02:00:00,850,-0.37052268,-2.6726284,287.53833,61.233673
2025-07-28 02:00:00,700,4.650282,-6.1528206,282.77905,50.83107
2025-07-28 02:00:00,500,5.3571434,-13.495526,268.46924,13.992247
2025-07-28 03:00:00,1000,-0.0032674079,-0.8473201,295.16748,75.4075
2025-07-28 03:00:00,925,0.16628325,-0.7537718,290.80347,75.24779
2025-07-28 03:00:00,850,-0.88772815,-2.1002445,286.86743,65.82672
2025-07-28 03:00:00,700,5.0396004,-6.3795433,282.87842,47.513336
2025-07-28 03:00:00,500,4.770602,-13.313559,268.5935,13.387514
2025-07-28 04:00:00,1000,-0.20287019,-0.76112723,294.6953,78.845505
2025-07-28 04:00:00,925,-0.025831651,-0.656596,290.34717,78.42508
2025-07-28 04:00:00,850,-1.408329,-1.7949038,286.30054,69.45807
2025-07-28 04:00:00,700,4.9774084,-6.7301836,282.88184,43.747818
2025-07-28 04:00:00,500,4.312454,-12.886547,268.52783,14.56336
2025-07-28 05:00:00,1000,-0.32975775,-0.7660775,294.27783,81.63696
2025-07-28 05:00:00,925,-0.15780938,-0.64653814,289.94238,81.118774
2025-07-28 05:00:00,850,-1.7476845,-1.7858801,285.85718,71.42059
2025-07-28 05:00:00,700,4.270834,-7.2012253,282.75708,41.712967
2025-07-28 05:00:00,500,4.229085,-12.833067,268.313,16.98796
2025-07-28 06:00:00,1000,-0.44382042,-0.75504375,293.88037,82.693115
2025-07-28 06:00:00,925,-0.23883289,-0.61906993,289.56885,82.17926
2025-07-28 06:00:00,850,-2.043417,-1.8015509,285.38257,73.33569
2025-07-28 06:00:00,700,2.8061953,-7.366338,282.62866,41.641342
2025-07-28 06:00:00,500,3.8650894,-12.94006,268.0735,19.577896
2025-07-28 07:00:00,1000,-0.872665,-0.9350286,293.8662,76.80411
2025-07-28 07:00:00,925,-0.7179592,-0.8753904,289.54346,76.13245
2025-07-28 07:00:00,850,-2.185793,-1.9612331,285.04395,74.95418
2025-07-28 07:00:00,700,1.2996712,-7.4212513,282.65234,40.949234
2025-07-28 07:00:00,500,3.175929,-12.776885,267.86816,20.742157
2025-07-28 08:00:00,1000,-1.1648693,-1.0903645,295.06543,65.80409
2025-07-28 08:00:00,925,-0.98922986,-1.0412397,290.72168,65.280045
2025-07-28 08:00:00,850,-2.1140957,-1.7906065,285.03857,83.30557
2025-07-28 08:00:00,700,0.025602818,-7.6510057,282.78613,38.33789
2025-07-28 08:00:00,500,2.5196476,-11.863158,267.6306,20.438843
2025-07-28 09:00:00,1000,-1.5854073,-1.3751965,296.39648,57.877686
2025-07-28 09:00:00,925,-1.4500685,-1.305254,292.07153,57.183777
2025-07-28 09:00:00,850,-2.694623,-2.264676,286.3308,73.232025
2025-07-28 09:00:00,700,-0.78885543,-8.051809,283.00073,33.846344
2025-07-28 09:00:00,500,2.7238865,-10.174147,267.4292,19.072952
2025-07-28 10:00:00,1000,-1.9636784,-1.4737473,297.56274,50.783905
2025-07-28 10:00:00,925,-1.8804893,-1.3999023,293.20288,50.2782
2025-07-28 10:00:00,850,-3.2347536,-2.4360514,287.27417,65.77243
2025-07-28 10:00:00,700,-2.4616413,-6.9770823,282.2964,31.590729
2025-07-28 10:00:00,500,4.0959463,-8.238811,267.7351,13.033145
2025-07-28 11:00:00,1000,-2.3018456,-1.3840075,299.0454,45.36641
2025-07-28 11:00:00,925,-2.2177048,-1.3244905,294.65332,45.11194
2025-07-28 11:00:00,850,-3.5747938,-2.2356224,288.5901,60.33795
2025-07-28 11:00:00,700,-3.2110958,-6.5153313,282.80542,25.472351
2025-07-28 11:00:00,500,5.231347,-7.0972166,267.40576,13.958609
2025-07-28 12:00:00,1000,-2.6909447,-1.5112886,300.26416,41.406006
2025-07-28 12:00:00,925,-2.5686646,-1.4292002,295.8562,41.11458
2025-07-28 12:00:00,850,-4.21082,-2.4041834,289.8418,54.42299
2025-07-28 12:00:00,700,-3.429925,-5.803256,283.17358,21.619873
2025-07-28 12:00:00,500,6.8463287,-6.176387,267.0056,15.499507
2025-07-28 13:00:00,1000,-2.8401222,-1.6439276,301.25464,38.4628
2025-07-28 13:00:00,925,-2.717658,-1.5667639,296.81616,38.170105
2025-07-28 13:00:00,850,-4.493929,-2.6163607,290.81494,50.429108
2025-07-28 13:00:00,700,-3.1422071,-5.291253,283.48804,18.273285
2025-07-28 13:00:00,500,8.023625,-6.3565054,266.60547,17.255508
2025-07-28 14:00:00,1000,-2.873746,-1.7021198,301.92407,36.993088
2025-07-28 14:00:00,925,-2.756649,-1.6278124,297.4673,36.613235
2025-07-28 14:00:00,850,-4.538027,-2.6802425,291.50708,48.258316
2025-07-28 14:00:00,700,-2.745741,-5.1915817,283.64648,16.540451
2025-07-28 14:00:00,500,8.515444,-7.0744295,266.22974,18.764221
2025-07-28 15:00:00,1000,-2.8031282,-1.6841707,302.4585,35.804733
2025-07-28 15:00:00,925,-2.6883497,-1.6008806,297.99194,35.444656
2025-07-28 15:00:00,850,-4.393158,-2.6273422,292.08838,46.088913
2025-07-28 15:00:00,700,-2.376402,-5.4401684,283.68286,15.693026
2025-07-28 15:00:00,500,8.105792,-8.285592,265.88037,21.376709
2025-07-28 16:00:00,1000,-2.7798433,-1.8636227,302.7312,35.360565
2025-07-28 16:00:00,925,-2.6600142,-1.7731924,298.24707,34.93596
2025-07-28 16:00:00,850,-4.4437504,-2.9418688,292.38037,45.160675
2025-07-28 16:00:00,700,-2.333292,-5.836733,283.59424,15.519596
2025-07-28 16:00:00,500,7.0642414,-9.742299,265.60132,27.674393
2025-07-28 17:00:00,1000,-2.8000498,-2.0597782,302.53223,36.287354
2025-07-28 17:00:00,925,-2.6628847,-1.9744797,298.05713,35.894577
2025-07-28 17:00:00,850,-4.673211,-3.377921,292.2024,45.804474
2025-07-28 17:00:00,700,-2.5218277,-6.3778286,283.53125,16.850342
2025-07-28 17:00:00,500,5.735055,-10.7375765,265.32324,32.30081
2025-07-28 18:00:00,1000,-2.8805132,-2.0988894,301.8191,38.479263
2025-07-28 18:00:00,925,-2.7256708,-1.967268,297.3601,38.262848
2025-07-28 18:00:00,850,-5.2586145,-3.5832443,291.62183,47.839554
2025-07-28 18:00:00,700,-2.999257,-6.9948463,283.47217,20.639328
2025-07-28 18:00:00,500,4.022723,-12.063489,265.1079,32.49852
2025-07-28 19:00:00,1000,-2.5718136,-1.8734903,300.61987,42.215225
2025-07-28 19:00:00,925,-2.3242579,-1.6874075,296.20166,41.82393
2025-07-28 19:00:00,850,-5.5951204,-3.7724142,290.5974,51.32823
2025-07-28 19:00:00,700,-3.301281,-7.5519876,283.29468,26.009277
2025-07-28 19:00:00,500,2.5405731,-13.2716675,265.1975,27.749771
2025-07-28 20:00:00,1000,-2.3639946,-1.7446442,299.1714,46.646088
2025-07-28 20:00:00,925,-2.030405,-1.5600176,294.76,46.318726
2025-07-28 20:00:00,850,-5.733735,-4.227147,289.15186,56.108414
2025-07-28 20:00:00,700,-3.4343348,-8.17965,283.04468,30.931671
2025-07-28 20:00:00,500,2.2162046,-13.551161,265.4851,17.716766
2025-07-28 21:00:00,1000,-2.009922,-1.2755222,297.85742,50.75804
2025-07-28 21:00:00,925,-1.6495447,-1.1169214,293.3955,50.88658
2025-07-28 21:00:00,850,-4.909959,-3.3121796,287.9651,58.99849
2025-07-28 21:00:00,700,-3.529047,-8.551155,282.84766,33.121643
2025-07-28 21:00:00,500,2.5592585,-13.178204,265.70166,10.296896
2025-07-28 22:00:00,1000,-2.0343857,-0.81617737,296.313,54.630157
2025-07-28 22:00:00,925,-1.72791,-0.7281383,291.81567,55.274643
2025-07-28 22:00:00,850,-4.5505066,-2.1945858,286.65894,60.051956
2025-07-28 22:00:00,700,-3.7693539,-8.579666,282.26416,29.691193
2025-07-28 22:00:00,500,3.1837864,-13.841587,266.0515,7.4344797
2025-07-28 23:00:00,1000,-1.8082075,-0.41607887,295.47266,58.12938
2025-07-28 23:00:00,925,-1.5315638,-0.31267744,290.99756,58.725845
2025-07-28 23:00:00,850,-4.216816,-1.512743,286.14404,57.556015
2025-07-28 23:00:00,700,-4.3562527,-7.8157654,282.2937,28.88179
2025-07-28 23:00:00,500,2.4439535,-13.101669,265.90234,11.366425
2024-07-01 00:00:00,1000,-0.12529033,-0.9167799,293.19165,96.15016
2024-07-01 00:00:00,925,-0.008710559,-0.81378293,288.81543,96.86401
2024-07-01 00:00:00,850,-3.7036448,-0.99574596,284.55518,85.771225
2024-07-01 00:00:00,700,0.5467166,-0.27116936,274.92285,81.633606
2024-07-01 00:00:00,500,-1.2368174,-8.291164,261.062,22.675873
2024-07-01 01:00:00,1000,-0.20092446,-0.8930358,292.9485,96.63907
2024-07-01 01:00:00,925,-0.109737754,-0.7702476,288.56738,97.36856
2024-07-01 01:00:00,850,-3.6396933,-0.3558581,284.27588,88.71013
2024-07-01 01:00:00,700,0.737485,-1.2743759,275.1985,77.70799
2024-07-01 01:00:00,500,-1.5867834,-8.489526,261.10498,22.53479
2024-07-01 02:00:00,1000,-0.06168177,-1.0320663,292.6748,98.056595
2024-07-01 02:00:00,925,0.02657304,-0.9002399,288.29883,98.58731
2024-07-01 02:00:00,850,-2.8531694,-0.4303338,284.0891,89.485245
2024-07-01 02:00:00,700,0.47335088,-2.677,275.41675,74.153336
2024-07-01 02:00:00,500,-1.6143789,-9.593522,261.36255,21.473907
2024-07-01 03:00:00,1000,0.16280109,-1.0154791,292.4048,98.4901
2024-07-01 03:00:00,925,0.2682624,-0.91911024,288.0293,99.01494
2024-07-01 03:00:00,850,-1.843502,-0.6484917,284.09814,88.36922
2024-07-01 03:00:00,700,-0.2697301,-3.4695063,275.4043,72.583496
2024-07-01 03:00:00,500,-1.5635824,-11.734967,261.67358,17.146729
2024-07-01 04:00:00,1000,0.40662515,-0.98376447,292.156,99.19435
2024-07-01 04:00:00,925,0.51096696,-0.90900993,287.74414,99.87981
2024-07-01 04:00:00,850,-1.0489025,-1.1202936,284.20483,86.35724
2024-07-01 04:00:00,700,-1.0234957,-3.3913326,275.19727,72.888916
2024-07-01 04:00:00,500,-1.0761547,-13.105109,262.01978,10.750955
2024-07-01 05:00:00,1000,0.6542718,-0.8615573,292.0039,100.27312
2024-07-01 05:00:00,925,0.73762,-0.8092249,287.59106,100.70836
2024-07-01 05:00:00,850,-0.51639163,-1.6008224,284.4109,83.49466
2024-07-01 05:00:00,700,-1.5836077,-3.2529907,275.17505,69.46959
2024-07-01 05:00:00,500,-0.2575277,-14.49973,262.6057,9.626642
2024-07-01 06:00:00,1000,0.73733914,-0.8853189,291.9961,97.769165
2024-07-01 06:00:00,925,0.8125166,-0.82008445,287.58838,98.10147
2024-07-01 06:00:00,850,0.017920036,-2.070198,284.47778,81.00815
2024-07-01 06:00:00,700,-1.7975492,-3.6635027,275.42944,62.02307
2024-07-01 06:00:00,500,-1.066844,-16.682785,263.24585,14.163488
2024-07-01 07:00:00,1000,0.4751801,-0.79618394,291.8755,91.4258
2024-07-01 07:00:00,925,0.5186897,-0.746419,287.511,91.5688
2024-07-01 07:00:00,850,0.03979709,-2.171937,284.6875,77.28702
2024-07-01 07:00:00,700,-1.8712273,-4.5332956,276.12695,50.83673
2024-07-01 07:00:00,500,-1.5904846,-17.07106,263.72803,24.39067
2024-07-01 08:00:00,1000,-0.104724705,-0.7241304,293.04956,84.3775
2024-07-01 08:00:00,925,-0.016950324,-0.6748251,288.6372,85.14229
2024-07-01 08:00:00,850,-0.35592055,-1.7908125,284.802,74.49716
2024-07-01 08:00:00,700,-1.7971277,-5.8307095,276.8999,41.01291
2024-07-01 08:00:00,500,-0.9348263,-15.69714,264.14062,33.80768
2024-07-01 09:00:00,1000,-0.39483923,-0.6810399,294.56104,72.87947
2024-07-01 09:00:00,925,-0.27801967,-0.6385746,290.15405,73.56354
2024-07-01 09:00:00,850,-0.4840448,-1.0361891,284.75928,86.203384
2024-07-01 09:00:00,700,-1.7947111,-6.568881,277.21338,37.509262
2024-07-01 09:00:00,500,-0.20531243,-13.631227,264.34204,37.85826
2024-07-01 10:00:00,1000,-0.18692493,-0.540939,295.5188,67.34645
2024-07-01 10:00:00,925,-0.124664426,-0.5354547,291.16064,67.52109
2024-07-01 10:00:00,850,-0.27436697,-0.66104907,285.53833,79.96097
2024-07-01 10:00:00,700,-1.9856853,-7.075985,277.61523,38.626877
2024-07-01 10:00:00,500,0.13043785,-11.2908125,264.1853,43.09395
2024-07-01 11:00:00,1000,-0.36644065,-0.59234864,296.90234,58.77977
2024-07-01 11:00:00,925,-0.3108809,-0.521008,292.56226,58.172897
2024-07-01 11:00:00,850,-0.49133778,-0.65945774,286.75073,70.5542
2024-07-01 11:00:00,700,-3.3338661,-6.060158,277.61133,38.883514
2024-07-01 11:00:00,500,1.9403152,-10.345655,264.04785,45.880997
2024-07-01 12:00:00,1000,-0.55689013,-0.7062162,298.06958,52.52713
2024-07-01 12:00:00,925,-0.5274262,-0.5996061,293.71094,52.00212
2024-07-01 12:00:00,850,-0.8013126,-0.869729,287.8401,63.278946
2024-07-01 12:00:00,700,-3.6887484,-4.9212627,277.64893,37.8497
2024-07-01 12:00:00,500,3.5298014,-9.842152,263.86987,49.10144
2024-07-01 13:00:00,1000,-0.5824373,-0.7803429,299.16797,46.712814
2024-07-01 13:00:00,925,-0.5648621,-0.68302655,294.78613,46.492737
2024-07-01 13:00:00,850,-0.85682476,-1.1198759,288.84253,57.388138
2024-07-01 13:00:00,700,-2.793128,-3.406518,277.47314,39.77733
2024-07-01 13:00:00,500,4.9836864,-9.072691,263.72095,50.385193
2024-07-01 14:00:00,1000,-0.5211386,-0.7531737,300.0437,42.550964
2024-07-01 14:00:00,925,-0.4836833,-0.6600224,295.65503,42.2825
2024-07-01 14:00:00,850,-0.72860277,-1.0213137,289.74976,51.646545
2024-07-01 14:00:00,700,-1.1092949,-1.7308912,276.92334,55.528625
2024-07-01 14:00:00,500,6.0652237,-8.344691,263.75146,46.136383
2024-07-01 15:00:00,1000,-0.39187175,-0.7004695,300.77148,39.296524
2024-07-01 15:00:00,925,-0.35206604,-0.6172543,296.37305,39.289124
2024-07-01 15:00:00,850,-0.46834105,-0.9114993,290.49927,47.03659
2024-07-01 15:00:00,700,-0.0031882806,-1.3221474,276.64478,64.84328
2024-07-01 15:00:00,500,6.7929707,-7.981077,263.91138,38.402954
2024-07-01 16:00:00,1000,-0.2496264,-0.7999883,301.18457,37.633728
2024-07-01 16:00:00,925,-0.22641295,-0.7008973,296.7732,37.6799
2024-07-01 16:00:00,850,-0.2524631,-1.0600452,290.9231,45.20685
2024-07-01 16:00:00,700,0.19588423,-1.5137672,276.95166,62.92717
2024-07-01 16:00:00,500,7.4215317,-7.9470186,264.1294,34.04814
2024-07-01 17:00:00,1000,-0.2840413,-1.1725807,301.4077,37.831177
2024-07-01 17:00:00,925,-0.2573259,-1.0686064,296.99097,37.60872
2024-07-01 17:00:00,850,-0.3255639,-1.5939159,291.15137,45.28485
2024-07-01 17:00:00,700,0.53253514,-1.1938086,277.0183,63.732117
2024-07-01 17:00:00,500,8.108188,-8.105495,264.22607,35.41432
2024-07-01 18:00:00,1000,-0.47212833,-1.5113411,301.1975,40.2489
2024-07-01 18:00:00,925,-0.3790127,-1.3995066,296.7727,40.282074
2024-07-01 18:00:00,850,-0.72868174,-2.604969,291.06665,46.20175
2024-07-01 18:00:00,700,0.27704972,-1.017622,276.93286,68.66432
2024-07-01 18:00:00,500,8.360525,-8.388994,264.1206,38.5672
2024-07-01 19:00:00,1000,-0.80311346,-1.4308128,300.3225,49.282944
2024-07-01 19:00:00,925,-0.5868238,-1.3461571,295.90063,49.45482
2024-07-01 19:00:00,850,-1.9990273,-3.3452911,290.31226,50.998886
2024-07-01 19:00:00,700,0.98740935,-1.4673882,277.46704,63.453415
2024-07-01 19:00:00,500,8.04164,-8.78228,263.96118,37.51216
2024-07-01 20:00:00,1000,-0.85940796,-1.2577,299.14136,56.13083
2024-07-01 20:00:00,925,-0.53903145,-1.2252846,294.7036,56.462128
2024-07-01 20:00:00,850,-2.8189259,-2.8534708,289.14917,58.05005
2024-07-01 20:00:00,700,0.96572244,-3.7548542,278.22632,56.373093
2024-07-01 20:00:00,500,7.43174,-8.912061,263.8999,25.36995
2024-07-01 21:00:00,1000,-0.87486947,-1.1540079,298.031,61.931854
2024-07-01 21:00:00,925,-0.55018264,-1.1405106,293.54102,62.76541
2024-07-01 21:00:00,850,-2.7229643,-1.9089346,288.11182,63.853027
2024-07-01 21:00:00,700,-0.003073164,-6.1689987,278.7417,54.559418
2024-07-01 21:00:00,500,6.9067173,-8.997775,263.88135,16.584305
2024-07-01 22:00:00,1000,-1.0470886,-0.867141,296.92407,67.636795
2024-07-01 22:00:00,925,-0.8017276,-0.8645831,292.41724,68.816025
2024-07-01 22:00:00,850,-2.4466896,-1.1873283,287.3369,68.57146
2024-07-01 22:00:00,700,-0.49169725,-7.159813,279.20166,54.263855
2024-07-01 22:00:00,500,6.315055,-9.094689,263.82935,13.962259
2024-07-01 23:00:00,1000,-1.1672516,-0.48918486,295.89966,72.89909
2024-07-01 23:00:00,925,-0.987895,-0.4300182,291.39185,74.06979
2024-07-01 23:00:00,850,-2.3484554,-0.7554404,286.9348,69.51088
2024-07-01 23:00:00,700,-0.90722907,-6.436371,279.4956,51.937775
2024-07-01 23:00:00,500,5.6086264,-10.121511,264.1084,15.843951
2024-07-02 00:00:00,1000,-1.126092,-0.08786225,295.09717,77.2218
2024-07-02 00:00:00,925,-0.9576711,0.002049068,290.63623,77.87506
2024-07-02 00:00:00,850,-2.0826235,-0.336096,286.58057,69.91966
2024-07-02 00:00:00,700,-0.4980209,-6.051812,279.80884,47.95793
2024-07-02 00:00:00,500,4.6986732,-11.084394,264.5144,15.217184
2024-07-02 01:00:00,1000,-1.1333771,0.20276237,294.48755,80.36369
2024-07-02 01:00:00,925,-0.9489543,0.3223365,290.08032,80.84201
2024-07-02 01:00:00,850,-2.0112085,-0.11685574,286.20142,70.35678
2024-07-02 01:00:00,700,0.1182853,-5.7387323,280.0166,45.262527
2024-07-02 01:00:00,500,4.0201235,-11.34889,264.75537,15.510946
2024-07-02 02:00:00,1000,-1.0448122,0.3377816,293.98608,82.53015
2024-07-02 02:00:00,925,-0.86882967,0.46969283,289.61133,82.98845
2024-07-02 02:00:00,850,-1.853075,-0.019974314,285.8667,70.8228
2024-07-02 02:00:00,700,0.741284,-5.5459385,280.01782,44.608566
2024-07-02 02:00:00,500,3.8760176,-11.333335,264.98828,16.911987
2024-07-02 03:00:00,1000,-1.0040722,0.46087593,293.51147,84.61755
2024-07-02 03:00:00,925,-0.80914307,0.5865943,289.14404,85.03146
2024-07-02 03:00:00,850,-1.6122026,0.023700878,285.59595,71.7236
2024-07-02 03:00:00,700,1.294117,-5.571437,279.8269,45.493256
2024-07-02 03:00:00,500,4.0716124,-10.672048,265.13257,18.70723
2024-07-02 04:00:00,1000,-0.9509999,0.47001523,293.09253,86.53963
2024-07-02 04:00:00,925,-0.7354299,0.5702084,288.72852,86.86981
2024-07-02 04:00:00,850,-1.2869453,-0.13100296,285.40552,73.110535
2024-07-02 04:00:00,700,1.8658209,-5.98973,279.55786,47.24269
2024-07-02 04:00:00,500,4.1672144,-9.186441,265.0603,20.784348
2024-07-02 05:00:00,1000,-0.9346654,0.5139802,292.68335,88.27432
2024-07-02 05:00:00,925,-0.6813954,0.56199825,288.33276,88.63025
2024-07-02 05:00:00,850,-1.0909004,-0.31859303,285.2798,74.84706
2024-07-02 05:00:00,700,2.4074745,-6.170785,279.48633,47.009384
2024-07-02 05:00:00,500,4.538414,-7.8263216,265.00122,22.675507
2024-07-02 06:00:00,1000,-0.8070068,0.44125378,292.27295,89.01779
2024-07-02 06:00:00,925,-0.5830308,0.4486007,287.927,89.560135
2024-07-02 06:00:00,850,-1.1858435,-0.42280513,285.15967,76.515656
2024-07-02 06:00:00,700,2.861824,-6.2337093,279.59912,44.370453
2024-07-02 06:00:00,500,4.985071,-7.039996,264.87866,24.595367
2024-07-02 07:00:00,1000,-0.991728,0.6640482,292.2439,81.36995
2024-07-02 07:00:00,925,-0.8738779,0.6714487,287.83545,81.947296
2024-07-02 07:00:00,850,-1.0432329,-0.6085185,285.1411,76.719025
2024-07-02 07:00:00,700,2.9229393,-6.7417936,279.63843,42.03398
2024-07-02 07:00:00,500,5.3726244,-6.161648,264.562,26.28215
2024-07-02 08:00:00,1000,-0.8028937,0.6467661,293.58813,75.63231
2024-07-02 08:00:00,925,-0.68358177,0.62933344,289.15454,76.522415
2024-07-02 08:00:00,850,-0.3614745,-0.582702,285.1494,76.1859
2024-07-02 08:00:00,700,2.5311632,-6.8855753,279.59497,39.911606
2024-07-02 08:00:00,500,5.8504057,-5.614648,264.4558,27.444946
2024-07-02 09:00:00,1000,-0.48848307,0.08139306,295.10547,70.153305
2024-07-02 09:00:00,925,-0.41471028,0.062219214,290.6548,70.9375
2024-07-02 09:00:00,850,-0.11916345,-0.3845029,285.1609,83.86026
2024-07-02 09:00:00,700,2.045641,-6.445862,279.39697,38.9942
2024-07-02 09:00:00,500,6.590247,-5.616233,264.6067,26.955276
2024-07-02 10:00:00,1000,-0.46215892,-0.30426234,296.64014,61.881363
2024-07-02 10:00:00,925,-0.3967771,-0.33734202,292.21704,62.371643
2024-07-02 10:00:00,850,-0.24907643,-0.6639097,286.5144,74.93431
2024-07-02 10:00:00,700,2.2856026,-5.1263323,279.1958,41.442963
2024-07-02 10:00:00,500,7.5445957,-7.263957,264.73242,26.40068
2024-07-02 11:00:00,1000,-0.42346126,-0.3382364,297.9807,57.797592
2024-07-02 11:00:00,925,-0.35040665,-0.3068143,293.62158,57.581497
2024-07-02 11:00:00,850,-0.31939703,-0.62423885,287.7876,69.7854
2024-07-02 11:00:00,700,2.1257143,-4.570965,279.33008,37.57776
2024-07-02 11:00:00,500,7.7626915,-7.439678,264.80908,24.139725
2024-07-02 12:00:00,1000,-0.11965793,-0.42418998,299.21362,53.499634
2024-07-02 12:00:00,925,-0.06841773,-0.34400403,294.85303,52.954315
2024-07-02 12:00:00,850,0.00463387,-0.65324205,288.9026,65.34
2024-07-02 12:00:00,700,2.3091116,-3.9922075,279.53662,33.706223
2024-07-02 12:00:00,500,7.847438,-7.191432,265.1306,22.111725
2024-07-02 13:00:00,1000,0.16409993,-0.8604394,300.2495,50.094543
2024-07-02 13:00:00,925,0.19836861,-0.7756159,295.85547,49.892593
2024-07-02 13:00:00,850,0.3926096,-1.33144,289.90942,61.54959
2024-07-02 13:00:00,700,2.5320435,-4.103842,279.80518,29.83641
2024-07-02 13:00:00,500,7.8740063,-6.5948105,265.33203,21.99292
2024-07-02 14:00:00,1000,0.27029908,-1.0837564,301.10815,47.00177
2024-07-02 14:00:00,925,0.29584277,-1.0079536,296.6953,46.81961
2024-07-02 14:00:00,850,0.46783543,-1.6201553,290.7854,57.412018
2024-07-02 14:00:00,700,2.3322,-4.5471144,280.2893,24.793457
2024-07-02 14:00:00,500,7.9113483,-5.715351,265.51538,21.832748
2024-07-02 15:00:00,1000,0.3876887,-0.89431226,301.8169,44.680984
2024-07-02 15:00:00,925,0.40322292,-0.82436126,297.37305,44.552002
2024-07-02 15:00:00,850,0.62118524,-1.2144566,291.55347,53.73242
2024-07-02 15:00:00,700,1.9451036,-4.3713226,280.59253,23.513
2024-07-02 15:00:00,500,8.203774,-5.5534744,265.7163,21.299591
2024-07-02 16:00:00,1000,0.4702986,-0.65224713,302.2954,43.585632
2024-07-02 16:00:00,925,0.48017544,-0.5719836,297.85693,43.359497
2024-07-02 16:00:00,850,0.717807,-0.80500287,292.06616,52.05983
2024-07-02 16:00:00,700,1.848978,-3.6616755,280.69263,23.42923
2024-07-02 16:00:00,500,8.35491,-6.4238014,265.97144,19.305084
2024-07-02 17:00:00,1000,0.6563758,-0.8801103,302.5088,43.862823
2024-07-02 17:00:00,925,0.69123125,-0.7904992,298.06348,43.860886
2024-07-02 17:00:00,850,0.9308034,-1.1718426,292.3169,51.926758
2024-07-02 17:00:00,700,1.9826431,-2.9996738,280.37134,23.702667
2024-07-02 17:00:00,500,7.991852,-7.581377,266.22632,16.314896
2024-07-02 18:00:00,1000,0.6617052,-1.2080822,302.4204,45.58551
2024-07-02 18:00:00,925,0.76627165,-1.1133518,297.98828,45.787567
2024-07-02 18:00:00,850,1.0449495,-1.8908806,292.29175,53.375565
2024-07-02 18:00:00,700,1.6595001,-2.040699,280.04102,29.721436
2024-07-02 18:00:00,500,7.5832243,-8.466298,266.51538,12.452205
2024-07-02 19:00:00,1000,0.44761747,-1.0735178,302.011,52.451675
2024-07-02 19:00:00,925,0.6258928,-1.0509901,297.55786,52.93187
2024-07-02 19:00:00,850,0.8706309,-2.2998018,291.989,55.22484
2024-07-02 19:00:00,700,1.61308,-2.43962,280.2932,26.529968
2024-07-02 19:00:00,500,7.423378,-8.815844,266.99658,8.5785675
2024-07-02 20:00:00,1000,0.3928312,-0.99891156,301.39185,59.892532
2024-07-02 20:00:00,925,0.5932268,-1.0291014,296.91577,60.825882
2024-07-02 20:00:00,850,0.27747577,-2.0867605,291.43677,57.486755
2024-07-02 20:00:00,700,1.813755,-2.8863287,280.64868,21.004456
2024-07-02 20:00:00,500,7.518215,-9.02192,267.22974,8.219008
2024-07-02 21:00:00,1000,0.18502676,-0.9725346,300.71265,65.99228
2024-07-02 21:00:00,925,0.36191744,-1.0084009,296.23242,67.060104
2024-07-02 21:00:00,850,-0.7749888,-1.2178593,290.86304,60.49904
2024-07-02 21:00:00,700,2.0208588,-3.2303123,281.1206,15.6756935
2024-07-02 21:00:00,500,7.694394,-9.83147,267.44434,8.154448
2024-07-02 22:00:00,1000,0.14967209,-0.8357101,299.76782,71.3389
2024-07-02 22:00:00,925,0.21569073,-0.8634519,295.27197,72.85719
2024-07-02 22:00:00,850,-0.99536043,-0.07113063,290.39087,61.888443
2024-07-02 22:00:00,700,1.8394585,-2.5447989,281.17188,13.719657
2024-07-02 22:00:00,500,8.440342,-11.188039,267.6433,8.4347515
2024-07-02 23:00:00,1000,-0.36885142,-0.28541905,298.88184,76.1918
2024-07-02 23:00:00,925,-0.28763407,-0.16812074,294.41797,77.964874
2024-07-02 23:00:00,850,-2.3097858,0.85014653,290.0393,62.824203
2024-07-02 23:00:00,700,2.5282402,-3.7344046,282.1306,9.631334
2024-07-02 23:00:00,500,7.7797136,-11.9753475,267.58228,9.312615
2024-07-03 00:00:00,1000,-1.0718241,0.032355405,297.99805,77.62453
2024-07-03 00:00:00,925,-0.9526525,0.18613446,293.6223,78.82391
2024-07-03 00:00:00,850,-3.4599352,1.984335,289.3252,64.00275
2024-07-03 00:00:00,700,3.9628124,-4.2633915,282.73706,8.638389
2024-07-03 00:00:00,500,6.4008923,-11.808045,267.53687,15.915865
2024-07-03 01:00:00,1000,-1.3253212,0.25492704,297.02295,79.19859
2024-07-03 01:00:00,925,-1.1992598,0.36977023,292.71973,79.566666
2024-07-03 01:00:00,850,-3.2498274,2.2833586,288.46362,65.88431
2024-07-03 01:00:00,700,4.9080286,-4.0513535,282.688,9.618591
2024-07-03 01:00:00,500,5.498884,-10.239953,267.63208,26.212158
2024-07-03 02:00:00,1000,-1.3010597,0.49900097,296.07544,80.840805
2024-07-03 02:00:00,925,-1.1851368,0.600537,291.7339,80.918396
2024-07-03 02:00:00,850,-2.35153,2.678874,288.08374,65.80551
2024-07-03 02:00:00,700,5.0612755,-3.1177902,282.50293,10.416188
2024-07-03 02:00:00,500,5.6432066,-8.88201,267.7932,32.73256
2024-07-03 03:00:00,1000,-1.1565104,0.5942541,295.27563,82.37007
2024-07-03 03:00:00,925,-1.0607901,0.70047355,290.93115,82.493195
2024-07-03 03:00:00,850,-1.436841,2.7747002,288.07007,63.770706
2024-07-03 03:00:00,700,5.145071,-2.4910212,282.4746,11.116736
2024-07-03 03:00:00,500,6.2683973,-8.787934,267.81323,36.03618
2024-07-03 04:00:00,1000,-0.9695936,0.62583554,294.75732,83.75893
2024-07-03 04:00:00,925,-0.89375705,0.7121469,290.36304,84.01021
2024-07-03 04:00:00,850,-0.9138342,2.662693,288.18896,61.523026
2024-07-03 04:00:00,700,5.380121,-2.1605444,282.69556,11.847049
2024-07-03 04:00:00,500,6.3937435,-9.286898,267.5913,39.211823
2024-07-03 05:00:00,1000,-0.7278396,0.6188143,294.56592,88.65837
2024-07-03 05:00:00,925,-0.68148524,0.7201367,290.09082,89.21791
2024-07-03 05:00:00,850,-0.59124917,2.5000067,288.3037,60.39444
2024-07-03 05:00:00,700,6.1908607,-2.2931662,283.09985,12.609921
2024-07-03 05:00:00,500,5.8416443,-9.127195,267.11548,43.981033
2024-07-03 06:00:00,1000,-0.4457907,0.48158318,294.5625,87.985794
2024-07-03 06:00:00,925,-0.39982086,0.5914953,290.0896,88.18483
2024-07-03 06:00:00,850,-0.25959593,2.356968,288.36597,59.859238
2024-07-03 06:00:00,700,7.01775,-2.7350607,283.2622,13.181677
2024-07-03 06:00:00,500,5.5601196,-8.939871,267.21484,44.250183
2024-07-03 07:00:00,1000,-0.47680628,0.7848906,294.68262,75.430954
2024-07-03 07:00:00,925,-0.43955714,0.85542935,290.261,75.04251
2024-07-03 07:00:00,850,0.23194087,2.304554,288.43286,59.107315
2024-07-03 07:00:00,700,7.2635326,-3.2248163,283.26514,12.849502
2024-07-03 07:00:00,500,5.6868935,-9.885833,267.53613,43.038055
2024-07-03 08:00:00,1000,-0.3761747,1.0235729,295.7124,63.458054
2024-07-03 08:00:00,925,-0.325422,1.077136,291.22046,63.81073
2024-07-03 08:00:00,850,0.76328784,2.3661337,288.56665,57.805298
2024-07-03 08:00:00,700,7.0074587,-3.9908657,283.35815,12.394183
2024-07-03 08:00:00,500,5.735297,-10.015531,267.58203,45.47592
2024-07-03 09:00:00,1000,0.037276857,0.9832739,297.59668,57.252716
2024-07-03 09:00:00,925,0.077382326,1.0078783,293.14795,57.970764
2024-07-03 09:00:00,850,1.1541862,1.8210583,288.22607,62.746628
2024-07-03 09:00:00,700,6.2554684,-4.5269537,283.30078,12.143466
2024-07-03 09:00:00,500,6.191367,-9.915847,267.78662,46.371277
2024-07-03 10:00:00,1000,0.602389,0.17035788,298.79248,49.463028
2024-07-03 10:00:00,925,0.6532972,0.16366398,294.37256,50.26094
2024-07-03 10:00:00,850,1.3996067,0.13483882,288.71436,58.254074
2024-07-03 10:00:00,700,3.8541336,-2.8931818,283.2837,13.256833
2024-07-03 10:00:00,500,7.007905,-11.406959,268.0608,41.853394
2024-07-03 11:00:00,1000,1.0290709,0.15696067,300.49414,44.170685
2024-07-03 11:00:00,925,1.0726204,0.14402187,296.11523,44.27835
2024-07-03 11:00:00,850,1.7624807,0.17478836,290.3391,51.98613
2024-07-03 11:00:00,700,3.8923435,-1.9273348,283.17188,12.735444
2024-07-03 11:00:00,500,5.6601915,-11.968887,268.3811,32.947845
2024-07-03 12:00:00,1000,1.3755465,-0.04771579,301.89795,38.635834
2024-07-03 12:00:00,925,1.383666,-0.033275384,297.54004,37.905197
2024-07-03 12:00:00,850,2.1514254,-0.029003251,291.72534,43.593307
2024-07-03 12:00:00,700,4.401453,-1.4119577,283.18213,12.628109
2024-07-03 12:00:00,500,3.3795595,-12.61572,268.85864,25.07959
2024-07-03 13:00:00,1000,1.7603235,-0.39396793,302.85303,36.094147
2024-07-03 13:00:00,925,1.736269,-0.35710186,298.49878,35.21161
2024-07-03 13:00:00,850,2.6310396,-0.43912494,292.6255,41.25209
2024-07-03 13:00:00,700,5.154443,-1.5691423,283.3567,13.116742
2024-07-03 13:00:00,500,2.1868334,-11.981732,268.96655,23.38533
2024-07-03 14:00:00,1000,2.0442352,-0.8218355,303.39868,35.79535
2024-07-03 14:00:00,925,2.0222588,-0.7695679,299.04883,34.878143
2024-07-03 14:00:00,850,3.0568275,-1.0611238,293.1499,41.787277
2024-07-03 14:00:00,700,5.3524227,-2.0112991,283.5962,14.960031
2024-07-03 14:00:00,500,1.9871292,-10.454717,269.02856,23.686554
2024-07-03 15:00:00,1000,2.2436562,-1.2353153,303.54004,37.000412
2024-07-03 15:00:00,925,2.2215357,-1.191884,299.18262,36.24623
2024-07-03 15:00:00,850,3.4017868,-1.7686338,293.33936,43.4767
2024-07-03 15:00:00,700,4.935258,-2.4172316,283.74463,19.510788
2024-07-03 15:00:00,500,2.5911827,-9.086208,269.06885,23.929703
2024-07-03 16:00:00,1000,2.1803074,-1.5908861,303.36377,39.084534
2024-07-03 16:00:00,925,2.1697044,-1.5505667,298.99048,38.529404
2024-07-03 16:00:00,850,3.3092594,-2.4305716,293.2246,45.752563
2024-07-03 16:00:00,700,4.1385345,-2.859705,283.97754,24.450989
2024-07-03 16:00:00,500,3.395009,-8.050099,269.063,24.302933
2024-07-03 17:00:00,1000,2.0033455,-1.8940163,302.92334,41.157425
2024-07-03 17:00:00,925,2.0052376,-1.8353834,298.56348,40.49353
2024-07-03 17:00:00,850,3.1141787,-3.1104803,292.854,47.65909
2024-07-03 17:00:00,700,3.8337812,-3.3614607,284.16113,29.300247
2024-07-03 17:00:00,500,4.2579355,-7.2993956,269.06152,24.733948
2024-07-03 18:00:00,1000,1.6753664,-1.9742813,302.20972,43.7919
2024-07-03 18:00:00,925,1.7218103,-1.897748,297.8557,43.247803
2024-07-03 18:00:00,850,2.8341198,-3.7209396,292.2644,49.42192
2024-07-03 18:00:00,700,3.8513002,-4.110298,284.2141,35.582153
2024-07-03 18:00:00,500,5.0326357,-6.9337015,269.0459,25.442322
2024-07-03 19:00:00,1000,1.2276659,-1.6770325,301.37354,49.157257
2024-07-03 19:00:00,925,1.3031845,-1.647232,297.00342,48.963028
2024-07-03 19:00:00,850,2.3863068,-3.9570684,291.58862,47.31929
2024-07-03 19:00:00,700,3.8117313,-4.6019125,284.28906,39.577927
2024-07-03 19:00:00,500,5.6692476,-6.6658964,269.00073,26.362274
2024-07-03 20:00:00,1000,1.1282787,-1.4752417,300.5603,52.996902
2024-07-03 20:00:00,925,1.1780396,-1.4495277,296.14307,53.42537
2024-07-03 20:00:00,850,1.5217476,-3.676526,291.67578,32.93924
2024-07-03 20:00:00,700,3.9512749,-5.241127,284.32178,39.98654
2024-07-03 20:00:00,500,6.2832804,-6.566189,268.9026,27.395447
2024-07-03 21:00:00,1000,0.96705896,-1.2801151,299.9082,55.634476
2024-07-03 21:00:00,925,0.99439114,-1.2338638,295.43506,56.946686
2024-07-03 21:00:00,850,0.66770977,-3.206852,292.1333,24.769608
2024-07-03 21:00:00,700,3.473054,-5.5238056,284.24097,38.701416
2024-07-03 21:00:00,500,6.4954176,-6.685817,268.781,28.19664
2024-07-03 22:00:00,1000,0.9016189,-0.9167899,299.55225,57.2442
2024-07-03 22:00:00,925,0.8967063,-0.8440521,295.07837,58.899475
2024-07-03 22:00:00,850,1.2141457,-1.946229,292.1848,23.220123
2024-07-03 22:00:00,700,2.4680204,-5.009425,283.84595,40.941635
2024-07-03 22:00:00,500,7.067174,-6.3919373,268.81616,27.204773
2024-07-03 23:00:00,1000,0.86764127,-0.961195,299.24658,61.170883
2024-07-03 23:00:00,925,0.89337575,-0.84179246,294.77612,62.450195
2024-07-03 23:00:00,850,0.610647,-1.8837976,292.13892,25.839401
2024-07-03 23:00:00,700,2.3756647,-4.4887295,284.0171,37.877014
2024-07-03 23:00:00,500,7.156207,-6.4337206,268.7556,27.28572
2024-07-04 00:00:00,1000,0.6726972,-0.8270362,298.8181,64.52075
2024-07-04 00:00:00,925,0.74145246,-0.72483945,294.3567,65.222046
2024-07-04 00:00:00,850,-0.223477,-1.7144642,291.9436,28.248428
2024-07-04 00:00:00,700,2.7369337,-4.2111692,284.21948,35.24257
2024-07-04 00:00:00,500,6.9833355,-6.1890774,268.68164,26.722137
2024-07-04 01:00:00,1000,0.570685,-0.5626366,298.427,67.08606
2024-07-04 01:00:00,925,0.6462426,-0.48272413,293.9668,67.12935
2024-07-04 01:00:00,850,-0.8806696,-1.4788656,291.56836,30.770447
2024-07-04 01:00:00,700,3.4917974,-4.7669134,284.6438,31.278015
2024-07-04 01:00:00,500,7.015134,-5.628248,268.58716,25.657303
2024-07-04 02:00:00,1000,0.32236177,-0.35783976,298.1057,68.572235
2024-07-04 02:00:00,925,0.38411832,-0.2823518,293.63403,68.31697
2024-07-04 02:00:00,850,-1.4715004,-1.0966749,291.01758,33.80069
2024-07-04 02:00:00,700,3.2430353,-5.376025,284.85156,29.44371
2024-07-04 02:00:00,500,7.011731,-5.3709745,268.4912,24.37619
2024-07-04 03:00:00,1000,0.14124787,-0.32377416,297.80884,69.47693
2024-07-04 03:00:00,925,0.18683672,-0.23845291,293.3181,69.28027
2024-07-04 03:00:00,850,-1.6014023,-0.8451273,290.47974,36.82187
2024-07-04 03:00:00,700,2.6878872,-5.4735184,284.896,28.007889
2024-07-04 03:00:00,500,7.12562,-5.432766,268.42212,23.974808
2024-07-04 04:00:00,1000,0.010096405,-0.2934124,297.54883,70.156815
2024-07-04 04:00:00,925,0.050857533,-0.19647461,293.0515,69.82448
2024-07-04 04:00:00,850,-1.64431,-0.7637349,290.0913,39.415497
2024-07-04 04:00:00,700,2.1074429,-5.1096954,284.76807,26.977951
2024-07-04 04:00:00,500,7.0997095,-5.8199406,268.3484,24.146133
2024-07-04 05:00:00,1000,-0.1245631,-0.2744766,297.34814,70.45892
2024-07-04 05:00:00,925,-0.06305784,-0.17066795,292.84888,70.09328
2024-07-04 05:00:00,850,-1.764205,-0.7511654,289.84302,41.39714
2024-07-04 05:00:00,700,1.675003,-4.7441454,284.53394,26.557404
2024-07-04 05:00:00,500,6.714425,-5.964672,268.239,24.639343
2024-07-04 06:00:00,1000,-0.16851908,-0.061354555,297.16675,70.60921
2024-07-04 06:00:00,925,-0.082713544,0.04279708,292.68384,70.33058
2024-07-04 06:00:00,850,-1.8742208,-0.58166975,289.66382,43.19789
2024-07-04 06:00:00,700,1.3953705,-4.439478,284.34155,26.057861
2024-07-04 06:00:00,500,6.0036964,-5.3801584,268.12744,25.42044
2024-07-04 07:00:00,1000,-0.60531104,0.02987434,297.03833,64.68785
2024-07-04 07:00:00,925,-0.5293141,0.09363699,292.55005,64.49707
2024-07-04 07:00:00,850,-2.0105343,-0.16176927,289.56055,44.664047
2024-07-04 07:00:00,700,1.2715168,-3.7180443,284.2229,25.50882
2024-07-04 07:00:00,500,5.3853464,-4.844228,268.10303,26.868301
2024-07-04 08:00:00,1000,-1.2249212,-0.058360983,297.40967,53.546783
2024-07-04 08:00:00,925,-1.1290398,-0.008766077,292.94995,53.64987
2024-07-04 08:00:00,850,-2.2855654,-0.0709998,289.40015,46.29721
2024-07-04 08:00:00,700,1.134573,-2.6617785,283.99585,26.295593
2024-07-04 08:00:00,500,4.684675,-4.615711,268.12524,28.535934
2024-07-04 09:00:00,1000,-1.437398,-0.1391499,298.85864,49.52043
2024-07-04 09:00:00,925,-1.3408098,-0.11312842,294.3838,50.159256
2024-07-04 09:00:00,850,-2.1842928,-0.18602842,288.95142,55.872986
2024-07-04 09:00:00,700,1.1336308,-1.487052,283.80884,27.377197
2024-07-04 09:00:00,500,4.01157,-3.8348246,268.1206,29.814224
2024-07-04 10:00:00,1000,-0.9467481,-0.4715526,299.5598,46.377472
2024-07-04 10:00:00,925,-0.8658805,-0.4434548,295.13916,46.67993
2024-07-04 10:00:00,850,-1.2643871,-0.84605545,289.47852,54.013733
2024-07-04 10:00:00,700,3.2764683,-1.8430767,284.11157,23.118347
2024-07-04 10:00:00,500,3.989132,-2.7935638,268.36597,28.29895
2024-07-04 11:00:00,1000,-0.9854713,-0.2583151,301.14233,43.969223
2024-07-04 11:00:00,925,-0.893648,-0.21981514,296.7644,43.719086
2024-07-04 11:00:00,850,-1.3594666,-0.41706955,291.03564,50.61023
2024-07-04 11:00:00,700,3.274891,-1.8482008,284.20068,23.867172
2024-07-04 11:00:00,500,3.9376755,-0.80883545,268.26318,27.6474
2024-07-04 12:00:00,1000,-0.9714795,-0.013667826,302.50415,41.787155
2024-07-04 12:00:00,925,-0.8862933,0.068140626,298.1355,41.031525
2024-07-04 12:00:00,850,-1.4204435,0.06100974,292.3269,47.79869
2024-07-04 12:00:00,700,3.0737438,-2.3161669,284.17017,25.455368
2024-07-04 12:00:00,500,4.1875134,0.9286072,268.20068,26.26242
2024-07-04 13:00:00,1000,-0.85979074,0.15551567,303.71436,39.308533
2024-07-04 13:00:00,925,-0.8105788,0.26014572,299.30493,38.519806
2024-07-04 13:00:00,850,-1.2970381,0.38928664,293.40625,46.000214
2024-07-04 13:00:00,700,2.656314,-2.6595564,283.99414,27.898026
2024-07-04 13:00:00,500,5.260041,2.4590645,268.11572,22.418777
2024-07-04 14:00:00,1000,-0.82969326,0.44367093,304.70898,37.094803
2024-07-04 14:00:00,925,-0.7833774,0.52086586,300.26294,36.663666
2024-07-04 14:00:00,850,-1.2562323,0.83551466,294.35303,44.033417
2024-07-04 14:00:00,700,1.9216557,-2.401103,283.85352,29.798065
2024-07-04 14:00:00,500,6.3519287,3.6656723,268.0276,19.490646
2024-07-04 15:00:00,1000,-0.6680324,0.73431885,305.5254,34.915787
2024-07-04 15:00:00,925,-0.6307546,0.80710685,301.0708,34.728577
2024-07-04 15:00:00,850,-1.0539503,1.2836227,295.16968,41.789017
2024-07-04 15:00:00,700,1.4668369,-1.7382746,283.79883,30.223785
2024-07-04 15:00:00,500,7.1874065,4.7222013,268.00293,19.869537
2024-07-04 16:00:00,1000,-0.6096409,0.86786306,306.1277,33.23442
2024-07-04 16:00:00,925,-0.5680375,0.9574174,301.67163,32.930786
2024-07-04 16:00:00,850,-1.0005684,1.5165119,295.82275,39.243073
2024-07-04 16:00:00,700,1.0301723,-0.8851566,283.73193,29.871246
2024-07-04 16:00:00,500,7.3657045,5.6175156,267.927,22.162079
2024-07-04 17:00:00,1000,-0.50081193,0.87857914,306.52686,31.944748
2024-07-04 17:00:00,925,-0.44153774,0.9638166,302.06714,31.576782
2024-07-04 17:00:00,850,-0.8675922,1.6183567,296.30078,37.117523
2024-07-04 17:00:00,700,0.9872543,0.29784006,283.75732,29.35109
2024-07-04 17:00:00,500,7.115958,5.881589,267.6797,23.503265
2024-07-04 18:00:00,1000,-0.51383936,0.7355307,306.75293,31.109299
2024-07-04 18:00:00,925,-0.40314656,0.8512748,302.27393,31.141296
2024-07-04 18:00:00,850,-0.94093066,1.6068316,296.58472,35.446793
2024-07-04 18:00:00,700,1.1661234,1.371994,283.89136,29.142944
2024-07-04 18:00:00,500,6.5799313,5.7213745,267.35815,24.150604
2024-07-04 19:00:00,1000,-0.410805,0.32842153,306.70215,38.897293
2024-07-04 19:00:00,925,-0.23867029,0.42826414,302.20752,39.21498
2024-07-04 19:00:00,850,-1.0291414,1.4608049,296.6399,34.723755
2024-07-04 19:00:00,700,1.4244204,2.416895,283.802,32.42552
2024-07-04 19:00:00,500,6.2569466,5.5613403,267.00317,25.181335
2024-07-04 20:00:00,1000,-0.31795537,0.21185642,306.4458,42.34581
2024-07-04 20:00:00,925,-0.11183584,0.27862287,301.93848,42.817886
2024-07-04 20:00:00,850,-1.3536997,1.422924,296.4402,35.604706
2024-07-04 20:00:00,700,1.798768,3.5304604,283.46826,38.46286
2024-07-04 20:00:00,500,6.1097546,5.5685167,266.64014,27.392899
2024-07-04 21:00:00,1000,-0.35451502,-0.12365812,305.77856,45.262314
2024-07-04 21:00:00,925,-0.17363936,-0.06975633,301.2766,45.943436
2024-07-04 21:00:00,850,-2.4972668,1.5291262,295.95068,37.567932
2024-07-04 21:00:00,700,2.5326233,4.7191305,283.18286,41.870407
2024-07-04 21:00:00,500,5.7836266,5.4483557,266.30786,30.675903
2024-07-04 22:00:00,1000,-0.42051244,-0.19283259,304.49365,50.153183
2024-07-04 22:00:00,925,-0.25197542,-0.16607726,299.9829,50.856018
2024-07-04 22:00:00,850,-2.9105291,1.2318296,295.02808,40.29892
2024-07-04 22:00:00,700,1.5293121,5.7108746,283.20435,41.98593
2024-07-04 22:00:00,500,6.6069145,5.5379667,266.31763,33.13852
2024-07-04 23:00:00,1000,-0.9658502,-0.112131536,303.01758,53.33406
2024-07-04 23:00:00,925,-0.79407895,-0.074249804,298.55493,53.772324
2024-07-04 23:00:00,850,-4.4174404,1.574398,294.04712,44.332947
2024-07-04 23:00:00,700,3.5430613,7.1171513,283.22095,39.707413
2024-07-04 23:00:00,500,5.9828615,5.22163,266.12598,35.232117
2024-07-05 00:00:00,1000,-1.5123615,0.12535936,301.47437,56.570236
2024-07-05 00:00:00,925,-1.3710976,0.15457207,297.05347,56.482162
2024-07-05 00:00:00,850,-5.1688805,1.8301382,292.76245,48.96141
2024-07-05 00:00:00,700,5.312174,7.628559,283.23438,36.994843
2024-07-05 00:00:00,500,5.302352,4.9432497,265.74512,36.17479
2024-07-05 01:00:00,1000,-1.54739,0.44656128,300.16504,60.39264
2024-07-05 01:00:00,925,-1.45364,0.47508126,295.75317,59.98404
2024-07-05 01:00:00,850,-5.425274,2.1312256,291.62915,53.50142
2024-07-05 01:00:00,700,6.2927427,7.446807,283.12207,37.898315
2024-07-05 01:00:00,500,4.616229,5.242284,265.32446,36.505478
2024-07-05 02:00:00,1000,-1.4458122,0.50002193,299.05713,63.94278
2024-07-05 02:00:00,925,-1.3764915,0.54367155,294.61987,63.21637
2024-07-05 02:00:00,850,-5.423257,2.2435179,290.80493,57.826294
2024-07-05 02:00:00,700,6.923814,6.7839117,283.01245,38.04628
2024-07-05 02:00:00,500,4.274337,6.188385,265.09766,32.811752
2024-07-05 03:00:00,1000,-1.1412563,0.419186,298.2146,67.15234
2024-07-05 03:00:00,925,-1.0728865,0.47196847,293.75342,66.16446
2024-07-05 03:00:00,850,-5.160798,2.215067,290.5298,59.06099
2024-07-05 03:00:00,700,7.812584,6.1396112,283.0005,35.477127
2024-07-05 03:00:00,500,4.5637684,7.3054857,264.97534,24.428543
2024-07-05 04:00:00,1000,-0.89852226,0.34670883,297.75732,70.90915
2024-07-05 04:00:00,925,-0.82125473,0.41445237,293.23755,69.90474
2024-07-05 04:00:00,850,-4.637103,2.200697,290.56982,57.339813
2024-07-05 04:00:00,700,8.729528,5.4630585,282.94458,32.575745
2024-07-05 04:00:00,500,5.2192764,7.6405115,264.6643,17.98198
2024-07-05 05:00:00,1000,-0.77955896,0.4253916,297.48608,74.94609
2024-07-05 05:00:00,925,-0.7061906,0.4842413,292.95605,73.968155
2024-07-05 05:00:00,850,-3.9961987,2.456274,290.79736,53.9301
2024-07-05 05:00:00,700,9.2677355,4.8904896,282.94604,29.576385
2024-07-05 05:00:00,500,6.3937893,7.3454866,264.34888,12.865621
2024-07-05 06:00:00,1000,-0.6246485,0.49259806,297.39624,78.890945
2024-07-05 06:00:00,925,-0.57760376,0.5374931,292.85498,78.1008
2024-07-05 06:00:00,850,-3.2368984,2.8927364,291.07812,51.170532
2024-07-05 06:00:00,700,9.558857,4.856557,283.07178,26.216095
2024-07-05 06:00:00,500,7.8505116,6.8573837,264.11865,9.01914
2024-07-05 07:00:00,1000,-0.8773193,0.48966175,297.37134,74.31787
2024-07-05 07:00:00,925,-0.87042016,0.4998182,292.82227,74.108475
2024-07-05 07:00:00,850,-2.2380276,3.1837263,291.31372,49.95662
2024-07-05 07:00:00,700,9.883525,5.0745516,283.2456,23.37233
2024-07-05 07:00:00,500,9.0734825,6.699589,263.9026,8.581226
2024-07-05 08:00:00,1000,-0.8512335,0.58985406,298.69653,64.88309
2024-07-05 08:00:00,925,-0.81972736,0.6117801,294.22046,65.01288
2024-07-05 08:00:00,850,-0.8449875,3.0541668,291.5005,49.42607
2024-07-05 08:00:00,700,10.100999,5.131728,283.27588,21.856186
2024-07-05 08:00:00,500,9.868199,7.0358887,263.64258,10.077074
2024-07-05 09:00:00,1000,-0.3487525,0.68617773,300.63672,56.72461
2024-07-05 09:00:00,925,-0.34399623,0.7430145,296.18604,56.97914
2024-07-05 09:00:00,850,0.37959063,1.9143057,291.24512,59.19014
2024-07-05 09:00:00,700,10.125136,5.314685,283.14648,22.4581
2024-07-05 09:00:00,500,10.280047,7.617937,263.3855,12.268378
2024-07-05 10:00:00,1000,0.736425,0.43502283,302.30566,50.607895
2024-07-05 10:00:00,925,0.7523075,0.46389365,297.9065,50.389847
2024-07-05 10:00:00,850,1.5750256,0.94375926,292.2483,58.45352
2024-07-05 10:00:00,700,8.150068,6.4907417,283.50732,23.931335
2024-07-05 10:00:00,500,10.292036,6.2081547,262.89697,13.871368
2024-07-05 11:00:00,1000,1.1161518,0.48028034,304.07422,44.68042
2024-07-05 11:00:00,925,1.1503963,0.54120857,299.6809,44.076935
2024-07-05 11:00:00,850,1.8928957,1.0015831,293.90527,51.692642
2024-07-05 11:00:00,700,9.018464,7.392934,283.2307,26.689651
2024-07-05 11:00:00,500,10.155448,6.5350323,262.614,16.084
2024-07-05 12:00:00,1000,1.7105389,0.69913256,305.49072,39.58493
2024-07-05 12:00:00,925,1.738616,0.76494884,301.06128,38.970947
2024-07-05 12:00:00,850,2.737894,1.3947344,295.30713,44.86989
2024-07-05 12:00:00,700,9.830071,8.084771,282.9751,29.114182
2024-07-05 12:00:00,500,10.336574,7.1557035,262.05444,19.931244
2024-07-05 13:00:00,1000,2.7660818,0.7695435,306.50317,34.86667
2024-07-05 13:00:00,925,2.7718782,0.83248895,302.06152,34.421036
2024-07-05 13:00:00,850,4.4116096,1.5117064,296.31274,39.743042
2024-07-05 13:00:00,700,9.985101,8.164042,282.8247,30.085709
2024-07-05 13:00:00,500,10.608247,7.9300375,261.6245,24.000488
2024-07-05 14:00:00,1000,3.892478,0.24052256,306.75757,28.860504
2024-07-05 14:00:00,925,3.8677254,0.3007046,302.28906,28.43338
2024-07-05 14:00:00,850,6.386608,0.8298695,296.47998,33.634308
2024-07-05 14:00:00,700,8.8523655,7.9390917,281.75732,43.288635
2024-07-05 14:00:00,500,10.40179,8.349667,263.04346,14.443999
2024-07-05 15:00:00,1000,3.0873575,-1.0755577,305.53174,32.846313
2024-07-05 15:00:00,925,3.0858736,-1.026164,301.06616,32.47766
2024-07-05 15:00:00,850,5.5749865,-1.6326246,295.38135,38.085648
2024-07-05 15:00:00,700,10.4799385,7.533949,282.61914,33.58307
2024-07-05 15:00:00,500,11.254525,8.120765,262.3313,20.797104
2024-07-05 16:00:00,1000,2.8769035,-0.8967774,305.33838,37.472748
2024-07-05 16:00:00,925,2.8838167,-0.8444494,300.896,37.16275
2024-07-05 16:00:00,850,4.975626,-1.4374208,295.20728,43.889587
2024-07-05 16:00:00,700,10.808845,5.4859495,282.3579,31.55774
2024-07-05 16:00:00,500,12.31029,7.348192,263.03345,15.504056
2024-07-05 17:00:00,1000,2.4961138,-0.66610575,304.3911,44.73494
2024-07-05 17:00:00,925,2.4753828,-0.6335115,299.9563,44.421814
2024-07-05 17:00:00,850,4.570943,-1.2487507,294.36084,50.458588
2024-07-05 17:00:00,700,8.669766,3.4623318,281.43726,51.837067
2024-07-05 17:00:00,500,11.7600565,6.985402,263.0752,22.418472
2024-07-05 18:00:00,1000,2.3594522,-0.98107916,303.7527,49.821167
2024-07-05 18:00:00,925,2.3861313,-0.9340638,299.33813,49.41394
2024-07-05 18:00:00,850,3.948738,-1.7967157,293.85938,55.628708
2024-07-05 18:00:00,700,7.57419,2.682455,281.2317,50.429276
2024-07-05 18:00:00,500,11.6425085,5.982031,263.1494,18.365494
2024-07-05 19:00:00,1000,1.9109364,-1.1285448,302.7522,60.079117
2024-07-05 19:00:00,925,1.9672775,-1.0308943,298.29297,60.266968
2024-07-05 19:00:00,850,4.215435,-2.831358,292.9143,64.02574
2024-07-05 19:00:00,700,6.9587317,2.3392363,281.19214,43.070374
2024-07-05 19:00:00,500,11.9517975,5.22945,263.19946,15.266882
2024-07-05 20:00:00,1000,1.7784977,-1.259448,301.53467,68.450714
2024-07-05 20:00:00,925,1.8341331,-1.1463089,297.05518,69.23056
2024-07-05 20:00:00,850,4.1876564,-3.424798,291.8147,72.43338
2024-07-05 20:00:00,700,7.0525293,2.0456667,281.37158,30.987274
2024-07-05 20:00:00,500,12.056892,4.2859898,263.22754,10.705267
2024-07-05 21:00:00,1000,1.7338276,-1.3156214,300.17773,76.6145
2024-07-05 21:00:00,925,1.7697926,-1.167346,295.68555,77.583786
2024-07-05 21:00:00,850,4.0146513,-3.4640884,290.67822,79.75372
2024-07-05 21:00:00,700,6.887126,2.1278038,281.43848,26.044525
2024-07-05 21:00:00,500,11.725624,3.7618818,262.81714,14.315272
2024-07-05 22:00:00,1000,1.7781763,-1.4557037,298.83008,82.15633
2024-07-05 22:00:00,925,1.7374973,-1.2792196,294.3672,82.297806
2024-07-05 22:00:00,850,4.8974056,-4.0151577,290.3872,66.22366
2024-07-05 22:00:00,700,9.651434,3.4727125,281.81104,22.649658
2024-07-05 22:00:00,500,11.16809,3.5675154,262.6128,27.049667
2024-07-05 23:00:00,1000,1.7974539,-1.303441,297.50293,88.92461
2024-07-05 23:00:00,925,1.7995815,-1.1042366,293.07056,89.20424
2024-07-05 23:00:00,850,4.7676716,-4.32683,289.95605,50.147354
2024-07-05 23:00:00,700,9.862174,3.6079721,281.10742,28.368439
2024-07-05 23:00:00,500,11.238341,3.9678364,262.24243,43.708344
2024-07-06 00:00:00,1000,1.7277374,-1.2854548,296.43384,91.803986
2024-07-06 00:00:00,925,1.7420177,-1.1252375,292.01147,92.533325
2024-07-06 00:00:00,850,4.4563913,-4.6160355,288.80078,51.01059
2024-07-06 00:00:00,700,9.434171,3.912941,280.66797,36.95781
2024-07-06 00:00:00,500,11.158639,4.3547344,261.89258,51.837112
2024-07-06 01:00:00,1000,1.5704956,-1.1207304,295.3313,93.088394
2024-07-06 01:00:00,925,1.5440311,-0.9324296,290.91724,94.21208
2024-07-06 01:00:00,850,4.011449,-4.2695227,287.9956,51.53781
2024-07-06 01:00:00,700,9.3371315,3.8960495,280.21655,41.843155
2024-07-06 01:00:00,500,11.754298,4.5083838,261.5769,57.29619
2024-07-06 02:00:00,1000,1.5039444,-1.182168,294.29004,93.25815
2024-07-06 02:00:00,925,1.4604197,-1.010396,289.88452,94.08803
2024-07-06 02:00:00,850,3.8223238,-4.0767307,286.77026,56.588226
2024-07-06 02:00:00,700,9.437525,3.1692839,279.6604,45.268845
2024-07-06 02:00:00,500,12.632741,4.898486,261.41675,56.391678
2024-07-06 03:00:00,1000,1.6801453,-1.5298462,293.344,86.92102
2024-07-06 03:00:00,925,1.6268148,-1.459631,288.95142,87.57327
2024-07-06 03:00:00,850,4.0194607,-4.5072956,285.46973,63.295395
2024-07-06 03:00:00,700,9.326419,2.4410124,279.17822,47.966736
2024-07-06 03:00:00,500,14.027561,5.2483177,261.42603,57.790253
2024-07-06 04:00:00,1000,1.5835524,-1.5141163,292.39502,87.20897
2024-07-06 04:00:00,925,1.4983778,-1.504632,288.03516,87.56889
2024-07-06 04:00:00,850,3.7690153,-4.9300632,285.0078,65.17116
2024-07-06 04:00:00,700,9.215646,2.21206,278.8318,49.307175
2024-07-06 04:00:00,500,15.558422,5.5976133,261.5349,56.170807
2024-07-06 05:00:00,1000,1.6026669,-1.5802603,291.8213,86.90765
2024-07-06 05:00:00,925,1.5185432,-1.5196791,287.48193,87.18152
2024-07-06 05:00:00,850,3.786642,-5.349966,284.04004,70.71959
2024-07-06 05:00:00,700,9.084975,1.9013023,278.4204,48.668915
2024-07-06 05:00:00,500,16.547318,6.5656176,261.50342,46.314896
2024-07-06 06:00:00,1000,1.6689262,-1.9011192,291.39453,84.92816
2024-07-06 06:00:00,925,1.6155949,-1.6930609,287.06763,85.37506
2024-07-06 06:00:00,850,3.8162355,-5.924219,283.36157,75.19351
2024-07-06 06:00:00,700,8.35318,1.5435114,277.813,47.398773
2024-07-06 06:00:00,500,17.125656,7.740052,261.1255,40.70482
2024-07-06 07:00:00,1000,1.6693897,-2.2312517,291.72607,82.16705
2024-07-06 07:00:00,925,1.6764631,-1.9234934,287.43018,82.53827
2024-07-06 07:00:00,850,3.059187,-5.6874714,282.91577,82.70575
2024-07-06 07:00:00,700,7.5076704,1.3818645,277.21875,46.682327
2024-07-06 07:00:00,500,17.606903,7.9081583,260.76758,39.034042
2024-07-06 08:00:00,1000,1.341258,-2.5548315,292.84204,73.963425
2024-07-06 08:00:00,925,1.3916187,-2.30754,288.54785,74.20657
2024-07-06 08:00:00,850,2.2261934,-4.912587,283.28687,86.67566
2024-07-06 08:00:00,700,6.6301937,1.3700504,276.8003,45.505753
2024-07-06 08:00:00,500,17.737488,6.427041,260.7124,31.648697
2024-07-06 09:00:00,1000,0.92538446,-2.7131395,294.09644,65.26378
2024-07-06 09:00:00,925,0.99104947,-2.53609,289.81104,65.284134
2024-07-06 09:00:00,850,1.2625732,-4.5997963,284.40283,77.44426
2024-07-06 09:00:00,700,5.8334627,1.6388578,276.4519,43.549347
2024-07-06 09:00:00,500,17.76265,4.4456005,260.84375,46.74582
2024-07-06 10:00:00,1000,0.895769,-2.0847378,294.80908,60.821182
2024-07-06 10:00:00,925,0.89710516,-2.0377684,290.48242,60.775314
2024-07-06 10:00:00,850,1.1245565,-3.3260593,284.99243,72.90753
2024-07-06 10:00:00,700,6.177518,0.37400544,276.7771,31.893494
2024-07-06 10:00:00,500,18.256561,-0.21429396,260.93408,66.88345
2024-07-06 11:00:00,1000,0.9449863,-1.8861046,295.71753,54.884888
2024-07-06 11:00:00,925,0.9292039,-1.8353653,291.4021,54.87973
2024-07-06 11:00:00,850,1.2658606,-2.7495909,285.8103,65.45302
2024-07-06 11:00:00,700,5.3340645,-0.15561694,276.27075,28.004684
2024-07-06 11:00:00,500,16.655304,-3.2845554,261.6277,32.265594
2024-07-06 12:00:00,1000,1.061449,-1.4945412,296.8015,48.17552
2024-07-06 12:00:00,925,1.029562,-1.4414644,292.48193,48.06949
2024-07-06 12:00:00,850,1.3578911,-1.9926815,286.8728,57.075302
2024-07-06 12:00:00,700,3.8541422,-0.022634063,275.91284,29.01355
2024-07-06 12:00:00,500,14.695436,-4.9437475,262.39185,3.9985123
2024-07-06 13:00:00,1000,1.5913954,-1.6919594,297.5227,44.692383
2024-07-06 13:00:00,925,1.5550671,-1.6577644,293.1797,44.53528
2024-07-06 13:00:00,850,2.174305,-2.3596601,287.6079,52.333496
2024-07-06 13:00:00,700,2.7768517,1.1173096,275.49,34.59224
2024-07-06 13:00:00,500,12.448229,-6.042389,262.85693,6.310833
2024-07-06 14:00:00,1000,1.9155684,-2.2565212,297.84937,43.5793
2024-07-06 14:00:00,925,1.8926783,-2.2499027,293.49854,43.5065
2024-07-06 14:00:00,850,2.7277222,-3.3426447,287.92798,50.468018
2024-07-06 14:00:00,700,2.1949196,1.9733095,275.46753,39.072403
2024-07-06 14:00:00,500,11.315025,-5.288829,263.15283,11.599433
2024-07-06 15:00:00,1000,1.8269691,-2.5755215,297.83667,44.48523
2024-07-06 15:00:00,925,1.7926378,-2.5739222,293.48315,44.383392
2024-07-06 15:00:00,850,2.4758816,-3.808405,287.97192,51.06378
2024-07-06 15:00:00,700,2.0172396,2.6873007,275.71655,42.20305
2024-07-06 15:00:00,500,11.056623,-4.0890684,263.52783,14.216758
2024-07-06 16:00:00,1000,1.6737776,-2.835003,297.4319,47.33548
2024-07-06 16:00:00,925,1.6350307,-2.804613,293.08667,47.1344
2024-07-06 16:00:00,850,2.2812595,-4.382657,287.61304,54.833023
2024-07-06 16:00:00,700,1.998558,3.567751,276.36182,41.48947
2024-07-06 16:00:00,500,11.534586,-3.3934956,263.61768,14.836971
2024-07-06 17:00:00,1000,1.6014776,-2.9510326,296.9519,49.53723
2024-07-06 17:00:00,925,1.5674257,-2.909792,292.614,49.45308
2024-07-06 17:00:00,850,2.323062,-4.794054,287.1482,57.751633
2024-07-06 17:00:00,700,1.8129549,4.4008713,276.54126,44.159744
2024-07-06 17:00:00,500,12.463217,-2.286396,263.70386,15.179023
2024-07-06 18:00:00,1000,1.4480152,-3.0576992,296.0913,52.663544
2024-07-06 18:00:00,925,1.4302254,-2.9749565,291.7627,52.764954
2024-07-06 18:00:00,850,2.3023558,-5.266982,286.37915,61.20671
2024-07-06 18:00:00,700,1.5699778,5.5544643,276.4807,48.34433
2024-07-06 18:00:00,500,13.581642,-1.1012926,263.90112,15.084879
2024-07-06 19:00:00,1000,0.8466128,-2.863737,294.79346,58.495987
2024-07-06 19:00:00,925,0.8940968,-2.7455301,290.48242,58.518097
2024-07-06 19:00:00,850,1.3841963,-5.52205,285.15015,67.735886
2024-07-06 19:00:00,700,2.8023348,6.216097,276.6548,39.153152
2024-07-06 19:00:00,500,15.3182745,-1.305543,263.79468,17.20047
2024-07-06 20:00:00,1000,-0.016826,-2.1909485,293.6897,62.35704
2024-07-06 20:00:00,925,0.09739667,-2.0808058,289.3828,62.270462
2024-07-06 20:00:00,850,-0.45626074,-4.4878244,284.0747,72.3058
2024-07-06 20:00:00,700,4.997078,5.7972116,276.85327,30.291489
2024-07-06 20:00:00,500,16.1734,-2.721776,263.53394,23.831497
2024-07-06 21:00:00,1000,-0.5320269,-1.4142504,292.93896,64.97102
2024-07-06 21:00:00,925,-0.40139937,-1.2805281,288.6328,64.6434
2024-07-06 21:00:00,850,-1.7882814,-2.4737434,283.2998,75.909195
2024-07-06 21:00:00,700,6.968711,4.7777557,276.83984,27.717163
2024-07-06 21:00:00,500,15.976105,-3.8182411,263.63525,31.544235
2024-07-06 22:00:00,1000,-0.61220676,-0.75227165,291.92358,74.90599
2024-07-06 22:00:00,925,-0.4788381,-0.6766936,287.6194,74.55397
2024-07-06 22:00:00,850,-2.1692276,-0.37766832,282.41724,88.43286
2024-07-06 22:00:00,700,8.41002,4.3626537,276.62134,33.483093
2024-07-06 22:00:00,500,14.295111,-6.851775,264.16333,35.429337
2024-07-06 23:00:00,1000,-0.652097,-0.6773239,291.50708,76.90436
2024-07-06 23:00:00,925,-0.52083504,-0.61268806,287.19653,76.685104
2024-07-06 23:00:00,850,-2.6913862,-0.11246234,282.0913,91.18306
2024-07-06 23:00:00,700,9.113361,3.2246523,276.3938,23.744919
2024-07-06 23:00:00,500,12.602298,-5.9898195,264.271,36.685883
2024-07-07 00:00:00,1000,-0.6902353,-0.7006113,291.1892,78.45253
2024-07-07 00:00:00,925,-0.57439166,-0.6499995,286.87622,78.44406
2024-07-07 00:00:00,850,-2.6641216,-0.30777013,281.85693,92.92221
2024-07-07 00:00:00,700,9.0641575,2.3130493,276.4978,15.13873
2024-07-07 00:00:00,500,12.774977,-3.9706745,264.3086,31.149399
2024-07-07 01:00:00,1000,-0.58831,-0.68570393,290.94678,79.78664
2024-07-07 01:00:00,925,-0.46549278,-0.63650125,286.62646,79.83896
2024-07-07 01:00:00,850,-2.264492,-0.45205617,281.67212,93.59503
2024-07-07 01:00:00,700,8.931794,0.8096745,276.9663,9.908806
2024-07-07 01:00:00,500,13.33162,-2.5785294,264.13428,28.362
2024-07-07 02:00:00,1000,-0.58731985,-0.5471852,290.6814,81.48103
2024-07-07 02:00:00,925,-0.4706614,-0.4938448,286.36597,81.60716
2024-07-07 02:00:00,850,-2.1140022,-0.33723748,281.45728,94.849686
2024-07-07 02:00:00,700,8.3643055,-0.9660617,277.29248,8.845659
2024-07-07 02:00:00,500,13.75191,-1.7865162,263.86572,26.942612
2024-07-07 03:00:00,1000,-0.64374465,-0.22961009,290.4895,82.3678
2024-07-07 03:00:00,925,-0.5572222,-0.17202401,286.17554,82.4716
2024-07-07 03:00:00,850,-2.0454874,0.16724122,281.281,96.147644
2024-07-07 03:00:00,700,7.473958,-2.1235085,277.46704,9.49125
2024-07-07 03:00:00,500,14.054986,-1.5546789,263.5735,26.372818
2024-07-07 04:00:00,1000,-0.75059706,0.30967605,290.36206,83.24666
2024-07-07 04:00:00,925,-0.6901805,0.39411134,286.05713,83.13457
2024-07-07 04:00:00,850,-1.9863644,0.9454336,281.1521,96.26427
2024-07-07 04:00:00,700,7.1212034,-2.749752,277.55566,10.510712
2024-07-07 04:00:00,500,13.65942,-1.8820562,263.21777,26.32103
2024-07-07 05:00:00,1000,-0.5055683,0.23666471,290.20654,84.355255
2024-07-07 05:00:00,925,-0.44511652,0.34000093,285.90942,83.97267
2024-07-07 05:00:00,850,-1.3846207,1.0226927,281.01294,96.2157
2024-07-07 05:00:00,700,6.684511,-2.7662983,277.38696,12.182778
2024-07-07 05:00:00,500,12.740333,-1.7715349,263.0476,25.236008
2024-07-07 06:00:00,1000,-0.44484133,0.12483913,290.02466,83.36102
2024-07-07 06:00:00,925,-0.3705014,0.22015905,285.73584,83.24707
2024-07-07 06:00:00,850,-0.84196395,0.794985,281.00586,96.12419
2024-07-07 06:00:00,700,5.8188562,-2.1749115,277.4375,16.675842
2024-07-07 06:00:00,500,12.613611,-2.0459032,263.00903,25.252777
2024-07-07 07:00:00,1000,-0.27693772,0.39916968,290.74487,80.50223
2024-07-07 07:00:00,925,-0.22961134,0.4163651,286.43555,80.4411
2024-07-07 07:00:00,850,-0.48075628,0.62590504,281.16162,96.08037
2024-07-07 07:00:00,700,5.4851685,-1.320508,277.75977,24.014862
2024-07-07 07:00:00,500,12.4446,-2.9505978,262.90356,31.858154
2024-07-07 08:00:00,1000,0.060231496,0.7137605,291.81006,73.23773
2024-07-07 08:00:00,925,0.09623474,0.72596264,287.4917,73.49631
2024-07-07 08:00:00,850,0.17331606,1.095314,282.02124,87.11919
2024-07-07 08:00:00,700,5.547352,-0.75706875,277.91113,29.609833
2024-07-07 08:00:00,500,11.931951,-2.3488874,262.87402,42.59543
2024-07-07 09:00:00,1000,0.26834136,0.8069119,293.02466,63.27794
2024-07-07 09:00:00,925,0.27841115,0.8112233,288.7539,62.530655
2024-07-07 09:00:00,850,0.64721406,1.3035135,283.2671,75.36371
2024-07-07 09:00:00,700,5.6549835,-0.41005367,277.9026,32.955902
2024-07-07 09:00:00,500,12.847464,-1.1601257,263.07935,48.2166
2024-07-07 10:00:00,1000,0.21979791,0.7740541,293.75122,60.013092
2024-07-07 10:00:00,925,0.22456086,0.7530867,289.45532,59.429474
2024-07-07 10:00:00,850,0.47541618,1.1775331,283.9192,71.67694
2024-07-07 10:00:00,700,4.27684,-1.5676985,278.0254,33.567017
2024-07-07 10:00:00,500,14.419395,-1.1376038,263.27417,51.67932
2024-07-07 11:00:00,1000,0.6390435,0.9825721,295.33813,52.417328
2024-07-07 11:00:00,925,0.6319377,0.9874888,291.01855,52.288437
2024-07-07 11:00:00,850,0.9659286,1.5682201,285.3943,62.49597
2024-07-07 11:00:00,700,4.3894024,-0.38662773,278.08252,34.508163
2024-07-07 11:00:00,500,15.390198,-1.4464941,263.00854,60.30455
2024-07-07 12:00:00,1000,1.0510969,0.80205375,296.8352,46.3304
2024-07-07 12:00:00,925,1.031415,0.8339867,292.5061,46.307266
2024-07-07 12:00:00,850,1.4837332,1.3528252,286.80493,56.168533
2024-07-07 12:00:00,700,4.7974615,0.09449744,278.1953,36.251953
2024-07-07 12:00:00,500,15.081193,-1.7489204,263.15356,58.100845
2024-07-07 13:00:00,1000,1.599658,0.6534142,298.09424,42.33252
2024-07-07 13:00:00,925,1.5595741,0.70303917,293.7544,42.31317
2024-07-07 13:00:00,850,2.3703785,1.1761799,288.06787,50.737595
2024-07-07 13:00:00,700,5.573532,0.13535982,278.25732,40.52623
2024-07-07 13:00:00,500,14.686354,-2.2743216,263.57324,51.647568
2024-07-07 14:00:00,1000,2.125102,0.45326835,299.04834,39.62085
2024-07-07 14:00:00,925,2.1018286,0.50207,294.6997,39.42668
2024-07-07 14:00:00,850,3.2122269,0.928719,289.011,47.220245
2024-07-07 14:00:00,700,5.923888,0.34149927,278.17334,46.151398
2024-07-07 14:00:00,500,14.103631,-2.5128355,263.7671,54.38214
2024-07-07 15:00:00,1000,2.704566,-0.09457594,299.51855,38.706055
2024-07-07 15:00:00,925,2.674096,-0.08878046,295.1631,38.238403
2024-07-07 15:00:00,850,4.182494,0.07211155,289.51147,45.536484
2024-07-07 15:00:00,700,5.671666,1.0109262,277.84692,52.625275
2024-07-07 15:00:00,500,13.518157,-2.1459885,263.96533,57.391556
2024-07-07 16:00:00,1000,2.9428225,-0.6789724,299.4397,39.900482
2024-07-07 16:00:00,925,2.9017963,-0.6562097,295.06787,39.271255
2024-07-07 16:00:00,850,4.6719065,-0.98000735,289.48926,46.646225
2024-07-07 16:00:00,700,5.5793333,1.5463858,277.72388,62.338165
2024-07-07 16:00:00,500,12.810427,-0.713602,263.98267,58.28247
2024-07-07 17:00:00,1000,2.894555,-1.0483599,299.01392,42.416245
2024-07-07 17:00:00,925,2.861372,-0.98833007,294.65356,41.567444
2024-07-07 17:00:00,850,4.754591,-1.6725273,289.1443,48.63124
2024-07-07 17:00:00,700,5.992733,1.6238089,277.93018,64.925064
2024-07-07 17:00:00,500,12.623424,0.77792424,263.8872,57.738846
2024-07-07 18:00:00,1000,2.6155233,-1.2447186,298.31567,45.871765
2024-07-07 18:00:00,925,2.6137228,-1.2054644,293.96753,44.968887
2024-07-07 18:00:00,850,4.5223207,-2.1299114,288.53735,51.896072
2024-07-07 18:00:00,700,6.123808,1.7397804,278.13232,64.005035
2024-07-07 18:00:00,500,12.743995,1.9189463,263.79224,56.644028
2024-07-07 19:00:00,1000,2.0871077,-1.1952553,297.46704,50.539413
2024-07-07 19:00:00,925,2.117875,-1.1876984,293.13916,49.67723
2024-07-07 19:00:00,850,4.2399206,-2.4094515,287.69336,57.338104
2024-07-07 19:00:00,700,6.335701,1.723978,278.43726,59.992767
2024-07-07 19:00:00,500,12.816334,2.6688108,263.7588,55.539307
2024-07-07 20:00:00,1000,1.5418377,-0.8628122,296.61108,55.318954
2024-07-07 20:00:00,925,1.5528431,-0.912286,292.25195,55.16429
2024-07-07 20:00:00,850,3.7768793,-1.8789415,286.89502,61.436325
2024-07-07 20:00:00,700,6.57076,1.3697805,278.64795,57.795273
2024-07-07 20:00:00,500,12.963729,2.9244757,263.8374,53.836655
2024-07-07 21:00:00,1000,1.4153347,-0.7018932,295.93726,59.059753
2024-07-07 21:00:00,925,1.3394451,-0.755429,291.52393,59.795105
2024-07-07 21:00:00,850,3.8410292,-0.9581682,286.53442,62.27574
2024-07-07 21:00:00,700,6.352558,1.156683,278.73828,58.848175
2024-07-07 21:00:00,500,13.008931,2.903287,263.896,52.868286
2024-07-07 22:00:00,1000,1.5095358,-0.492724,295.42505,66.11687
2024-07-07 22:00:00,925,1.3527498,-0.5291205,291.00073,67.198975
2024-07-07 22:00:00,850,4.3038263,0.5581648,286.89453,59.832657
2024-07-07 22:00:00,700,5.0219374,3.684598,278.58643,63.476273
2024-07-07 22:00:00,500,13.231598,1.0340061,263.95996,50.49153
2024-07-07 23:00:00,1000,1.5126791,-0.5791334,294.9585,70.01871
2024-07-07 23:00:00,925,1.3624716,-0.6208513,290.58228,70.60205
2024-07-07 23:00:00,850,4.402912,0.25224638,287.11816,54.5365
2024-07-07 23:00:00,700,5.5542135,3.7526503,278.71436,64.75923
2024-07-07 23:00:00,500,12.298231,2.423174,263.85547,50.014374
2025-07-08 00:00:00,1000,-2.2486792,-0.07330966,293.54736,66.15881
2025-07-08 00:00:00,925,-1.9782925,-0.03765508,289.12256,66.6427
2025-07-08 00:00:00,850,-6.096157,-0.18287319,284.3667,70.03798
2025-07-08 00:00:00,700,1.7569809,-3.0524158,284.12622,6.3308516
2025-07-08 00:00:00,500,3.8403473,-1.3368816,266.00464,14.61168
2025-07-08 01:00:00,1000,-2.1654406,0.018029798,292.75244,69.47923
2025-07-08 01:00:00,925,-1.8641701,0.029884737,288.36694,69.79564
2025-07-08 01:00:00,850,-6.1426888,0.012768272,283.84082,72.274445
2025-07-08 01:00:00,700,1.8653173,-2.5751543,284.0381,6.241968
2025-07-08 01:00:00,500,3.7951508,-0.56602234,265.8015,14.532349
2025-07-08 02:00:00,1000,-2.1236773,0.019184023,292.07178,73.34267
2025-07-08 02:00:00,925,-1.8258457,-0.007546786,287.6853,73.71527
2025-07-08 02:00:00,850,-6.3074274,0.020156603,283.65894,69.64432
2025-07-08 02:00:00,700,1.9887123,-2.1861706,283.92944,5.8371105
2025-07-08 02:00:00,500,4.002513,0.22595084,265.55273,14.492302
2025-07-08 03:00:00,1000,-2.092247,0.03295726,291.48047,77.05287
2025-07-08 03:00:00,925,-1.8100615,-0.03594138,287.0818,77.50748
2025-07-08 03:00:00,850,-6.249654,-0.21606779,283.67773,65.8244
2025-07-08 03:00:00,700,1.910286,-2.170639,283.93433,5.7031784
2025-07-08 03:00:00,500,4.75043,0.7810961,265.3933,14.748573
2025-07-08 04:00:00,1000,-2.0100403,0.12504315,290.98218,80.127304
2025-07-08 04:00:00,925,-1.7647429,0.054676495,286.56885,80.67206
2025-07-08 04:00:00,850,-6.2401857,-0.385494,283.84082,60.89351
2025-07-08 04:00:00,700,1.4726028,-2.1431713,283.9519,5.816022
2025-07-08 04:00:00,500,5.6205225,0.94749594,265.38477,15.264087
2025-07-08 05:00:00,1000,-1.9001455,0.19456255,290.52393,82.795
2025-07-08 05:00:00,925,-1.6702995,0.13352066,286.10938,83.18654
2025-07-08 05:00:00,850,-6.154887,-0.464898,283.99023,56.652008
2025-07-08 05:00:00,700,1.0212193,-1.8749018,283.9253,5.8918467
2025-07-08 05:00:00,500,6.280761,0.5873241,265.38184,15.798538
2025-07-08 06:00:00,1000,-2.0091248,0.3304646,290.33594,80.765884
2025-07-08 06:00:00,925,-1.8103323,0.25835317,285.91992,81.31447
2025-07-08 06:00:00,850,-6.281315,-0.25395715,284.16675,52.861557
2025-07-08 06:00:00,700,0.71694505,-1.4670963,283.87207,6.1019707
2025-07-08 06:00:00,500,6.492173,0.08055967,265.35303,16.193283
2025-07-08 07:00:00,1000,-2.2284336,0.4441744,291.19434,71.21167
2025-07-08 07:00:00,925,-1.9836292,0.35084146,286.771,72.09018
2025-07-08 07:00:00,850,-6.4202166,0.21657306,284.13916,50.789856
2025-07-08 07:00:00,700,0.5817149,-1.2891493,283.74854,6.3101597
2025-07-08 07:00:00,500,6.402256,-0.3170352,265.38794,16.500778
2025-07-08 08:00:00,1000,-2.5265198,0.42393148,292.823,58.7536
2025-07-08 08:00:00,925,-2.2935848,0.37496388,288.40723,59.3891
2025-07-08 08:00:00,850,-5.6883125,0.68365407,283.65454,59.998535
2025-07-08 08:00:00,700,0.57858694,-0.9964796,283.63452,6.562358
2025-07-08 08:00:00,500,6.203702,-0.22462696,265.489,16.602676
2025-07-08 09:00:00,1000,-2.8173676,0.33337498,294.71777,46.804016
2025-07-08 09:00:00,925,-2.6129436,0.3180496,290.3318,47.086792
2025-07-08 09:00:00,850,-5.1504593,0.649255,284.77588,58.29738
2025-07-08 09:00:00,700,0.59991264,-0.50642526,283.53564,6.7388735
2025-07-08 09:00:00,500,6.014843,0.29282779,265.58618,16.6669
2025-07-08 10:00:00,1000,-3.1135807,0.46023715,295.6277,38.291367
2025-07-08 10:00:00,925,-2.97301,0.4699419,291.29614,38.23062
2025-07-08 10:00:00,850,-5.4688425,0.7032951,285.52856,47.779068
2025-07-08 10:00:00,700,0.30700928,-1.6540623,283.51172,7.7020264
2025-07-08 10:00:00,500,5.44355,0.71797776,265.7046,17.239548
2025-07-08 11:00:00,1000,-3.1396942,0.63704145,297.4524,31.182785
2025-07-08 11:00:00,925,-3.0594378,0.69979775,293.12476,30.73436
2025-07-08 11:00:00,850,-5.4141865,1.1376429,287.27588,38.977676
2025-07-08 11:00:00,700,-0.20263672,-0.5282321,283.78638,7.7013702
2025-07-08 11:00:00,500,5.286484,0.68471086,265.66455,17.422424
2025-07-08 12:00:00,1000,-3.1339216,0.5441644,299.35425,25.673935
2025-07-08 12:00:00,925,-3.069189,0.5843466,294.98267,25.237854
2025-07-08 12:00:00,850,-5.3161926,1.0118313,289.1548,31.202957
2025-07-08 12:00:00,700,0.14026344,0.14620405,283.87964,7.948889
2025-07-08 12:00:00,500,5.2659216,1.2696905,265.63794,18.658005
2025-07-08 13:00:00,1000,-3.057188,0.44765687,300.96875,21.968887
2025-07-08 13:00:00,925,-3.008935,0.48082095,296.5852,21.562363
2025-07-08 13:00:00,850,-5.1178055,0.7626386,290.7046,26.694992
2025-07-08 13:00:00,700,0.88268286,0.52283275,283.52197,8.225038
2025-07-08 13:00:00,500,5.209772,2.1171083,265.5266,19.833633
2025-07-08 14:00:00,1000,-3.0301218,0.4420228,302.2522,19.603134
2025-07-08 14:00:00,925,-2.9797869,0.4780534,297.85034,19.200119
2025-07-08 14:00:00,850,-4.979924,0.7531368,291.96655,23.443878
2025-07-08 14:00:00,700,1.5531855,0.6656066,283.29907,8.396235
2025-07-08 14:00:00,500,5.330949,2.6537619,265.4331,22.42453
2025-07-08 15:00:00,1000,-2.8807535,0.39611012,303.19238,18.168213
2025-07-08 15:00:00,925,-2.8176098,0.4210754,298.77344,17.836685
2025-07-08 15:00:00,850,-4.686487,0.67464155,292.90723,21.605545
2025-07-08 15:00:00,700,2.0086193,0.7256219,283.31934,8.710011
2025-07-08 15:00:00,500,5.807893,3.043703,265.41626,26.49173
2025-07-08 16:00:00,1000,-2.8355036,0.30581272,303.80103,17.361511
2025-07-08 16:00:00,925,-2.7859364,0.3361519,299.35278,17.292679
2025-07-08 16:00:00,850,-4.6498804,0.5457296,293.5188,20.84076
2025-07-08 16:00:00,700,2.2530155,0.47530347,283.33105,9.296646
2025-07-08 16:00:00,500,6.430544,3.1615305,265.42993,28.694641
2025-07-08 17:00:00,1000,-2.7953606,0.33507633,304.07178,17.20456
2025-07-08 17:00:00,925,-2.740017,0.39500606,299.62207,17.231995
2025-07-08 17:00:00,850,-4.73507,0.6229682,293.82886,20.708603
2025-07-08 17:00:00,700,2.376315,0.16711396,283.22046,9.478736
2025-07-08 17:00:00,500,6.9419823,3.1040668,265.41626,28.63173
2025-07-08 18:00:00,1000,-2.697425,0.39931142,303.99463,17.966782
2025-07-08 18:00:00,925,-2.6141233,0.4814893,299.53442,18.024399
2025-07-08 18:00:00,850,-4.964117,0.8066243,293.82153,21.116455
2025-07-08 18:00:00,700,2.4089746,-0.046059757,283.17383,9.521374
2025-07-08 18:00:00,500,7.3004627,3.0017176,265.3816,26.835464
2025-07-08 19:00:00,1000,-2.2408295,0.3502763,303.6001,20.73999
2025-07-08 19:00:00,925,-2.1002293,0.43486726,299.11328,21.080963
2025-07-08 19:00:00,850,-5.708685,1.1940851,293.52246,21.615189
2025-07-08 19:00:00,700,2.497077,-0.11126226,283.21777,10.323839
2025-07-08 19:00:00,500,7.4337873,2.9167795,265.2788,25.069717
2025-07-08 20:00:00,1000,-2.2266703,0.3648352,302.9663,22.843964
2025-07-08 20:00:00,925,-2.0594578,0.43616557,298.44287,23.408981
2025-07-08 20:00:00,850,-7.203988,1.7151518,293.05298,22.770386
2025-07-08 20:00:00,700,2.6272573,0.12633812,283.23145,11.791255
2025-07-08 20:00:00,500,7.303459,2.9959345,265.09424,24.00267
2025-07-08 21:00:00,1000,-2.4020147,0.20145154,301.8318,25.603333
2025-07-08 21:00:00,925,-2.254304,0.25968271,297.29175,25.920013
2025-07-08 21:00:00,850,-8.097538,1.3259611,292.0349,27.964996
2025-07-08 21:00:00,700,2.7846918,0.528771,283.15698,14.3160515
2025-07-08 21:00:00,500,6.996582,3.1071777,264.93457,21.873001
2025-07-08 22:00:00,1000,-2.173027,-0.056386717,299.7527,31.407822
2025-07-08 22:00:00,925,-2.065279,-0.08090228,295.20386,31.734406
2025-07-08 22:00:00,850,-7.104888,0.10694164,290.3352,33.952103
2025-07-08 22:00:00,700,3.6744108,1.1534615,283.865,18.366974
2025-07-08 22:00:00,500,7.0951157,3.0032225,264.88525,16.05841
2025-07-08 23:00:00,1000,-1.9373741,-0.13381147,298.48364,38.03325
2025-07-08 23:00:00,925,-1.8509111,-0.19396871,293.94946,38.18126
2025-07-08 23:00:00,850,-6.1581106,-0.41307002,289.86523,35.343292
2025-07-08 23:00:00,700,5.633359,1.5550089,283.36304,24.241486
2025-07-08 23:00:00,500,7.3564577,3.6647186,264.96045,12.295918
2025-07-09 00:00:00,1000,-1.7287683,-0.02470126,297.3523,44.611435
2025-07-09 00:00:00,925,-1.6130114,-0.103845835,292.85693,44.696762
2025-07-09 00:00:00,850,-5.743209,-0.23738503,289.47266,36.32219
2025-07-09 00:00:00,700,7.3537254,1.1040287,282.93506,30.212494
2025-07-09 00:00:00,500,7.779644,4.7501726,264.85425,10.54588
2025-07-09 01:00:00,1000,-1.5688486,0.21196675,296.35205,50.88524
2025-07-09 01:00:00,925,-1.4492474,0.13712054,291.86694,51.124817
2025-07-09 01:00:00,850,-5.8195486,0.2693237,289.16016,34.987366
2025-07-09 01:00:00,700,7.702362,0.22323537,282.48853,35.35524
2025-07-09 01:00:00,500,8.552411,5.904153,264.71216,9.595244
2025-07-09 02:00:00,1000,-1.4297314,0.35665107,295.56567,56.70427
2025-07-09 02:00:00,925,-1.3187895,0.30559266,291.09302,57.157333
2025-07-09 02:00:00,850,-6.1382008,0.6896633,288.94922,31.071411
2025-07-09 02:00:00,700,7.4555874,-0.30817193,282.0808,39.776016
2025-07-09 02:00:00,500,9.528793,6.9604807,264.4851,10.688307
2025-07-09 03:00:00,1000,-1.2723093,0.36054236,295.15918,60.69243
2025-07-09 03:00:00,925,-1.1730785,0.3124084,290.70898,61.08719
2025-07-09 03:00:00,850,-6.197896,0.86779,288.95654,23.63768
2025-07-09 03:00:00,700,6.994666,-0.23464239,281.7119,45.193283
2025-07-09 03:00:00,500,10.711614,7.558343,264.1787,13.974214
2025-07-09 04:00:00,1000,-1.1851835,0.30532306,295.14136,62.009186
2025-07-09 04:00:00,925,-1.0831394,0.26334363,290.7036,62.14058
2025-07-09 04:00:00,850,-6.0181866,0.8911788,289.25952,16.534454
2025-07-09 04:00:00,700,6.4127064,0.3336023,281.3999,51.461945
2025-07-09 04:00:00,500,11.800002,7.3765373,264.00537,16.877975
2025-07-09 05:00:00,1000,-1.1571655,0.24056566,295.32983,60.965042
2025-07-09 05:00:00,925,-1.05795,0.19458938,290.89844,60.865692
2025-07-09 05:00:00,850,-5.607355,0.7664102,289.6001,13.31558
2025-07-09 05:00:00,700,5.9169903,1.2407341,281.14722,58.081345
2025-07-09 05:00:00,500,12.46886,6.9422493,264.02075,17.120178
2025-07-09 06:00:00,1000,-1.0769157,0.16921234,295.4983,57.15573
2025-07-09 06:00:00,925,-0.99367243,0.12806106,291.06226,56.90103
2025-07-09 06:00:00,850,-5.217223,0.49229842,289.93652,13.414353
2025-07-09 06:00:00,700,5.590129,2.0679398,280.98584,64.195175
2025-07-09 06:00:00,500,12.741251,6.562092,264.1416,16.50888
2025-07-09 07:00:00,1000,-1.444294,0.07878107,295.57886,41.373795
2025-07-09 07:00:00,925,-1.3540897,0.047377907,291.14966,40.98889
2025-07-09 07:00:00,850,-4.739415,0.3160218,290.18115,15.528543
2025-07-09 07:00:00,700,5.3502436,2.7615223,280.88965,69.01526
2025-07-09 07:00:00,500,12.672835,6.363756,264.28003,15.843449
2025-07-09 08:00:00,1000,-1.7246637,0.0018071369,297.18237,29.159271
2025-07-09 08:00:00,925,-1.5923395,-0.031787887,292.7124,29.596008
2025-07-09 08:00:00,850,-4.1634197,0.2665723,290.42285,18.069855
2025-07-09 08:00:00,700,5.2084913,3.2787876,280.8142,72.71805
2025-07-09 08:00:00,500,12.422879,6.162346,264.38892,15.436068
2025-07-09 09:00:00,1000,-1.8649426,0.122499704,299.2815,24.856628
2025-07-09 09:00:00,925,-1.7533283,0.12519705,294.9004,24.80011
2025-07-09 09:00:00,850,-3.1220531,0.35974187,290.07788,26.274902
2025-07-09 09:00:00,700,5.081088,3.7559013,280.7693,76.28232
2025-07-09 09:00:00,500,12.054587,6.115781,264.4485,15.324261
2025-07-09 10:00:00,1000,-1.6275759,0.18172944,300.72095,21.633087
2025-07-09 10:00:00,925,-1.5175552,0.17201024,296.3567,21.378723
2025-07-09 10:00:00,850,-2.3048,-0.13333577,290.60083,26.10057
2025-07-09 10:00:00,700,5.5152464,2.41327,281.98145,71.469406
2025-07-09 10:00:00,500,11.077774,5.347047,264.15527,14.514459
2025-07-09 11:00:00,1000,-1.5723076,0.30145156,302.7539,20.904037
2025-07-09 11:00:00,925,-1.4923792,0.31571156,298.40332,19.963638
2025-07-09 11:00:00,850,-2.150938,0.2242921,292.43994,25.764618
2025-07-09 11:00:00,700,4.84171,2.4660788,281.886,72.99362
2025-07-09 11:00:00,500,10.845351,5.4271145,264.16064,14.615633
2025-07-09 12:00:00,1000,-1.4701557,0.5462338,304.26685,21.023651
2025-07-09 12:00:00,925,-1.4258251,0.58568144,299.92334,19.719772
2025-07-09 12:00:00,850,-2.0205107,0.65643317,293.88257,26.238907
2025-07-09 12:00:00,700,4.1432457,2.4581585,281.71655,74.82489
2025-07-09 12:00:00,500,10.826335,5.5602207,264.11768,14.626933
2025-07-09 13:00:00,1000,-1.1898794,0.78003114,305.58545,21.545746
2025-07-09 13:00:00,925,-1.1413383,0.822681,301.23413,20.21843
2025-07-09 13:00:00,850,-1.5124626,0.9669793,295.1023,27.268341
2025-07-09 13:00:00,700,3.5091276,2.182804,281.60742,75.92668
2025-07-09 13:00:00,500,10.78162,5.060169,264.21094,13.827075
2025-07-09 14:00:00,1000,-0.66632,0.84891254,306.61255,22.445663
2025-07-09 14:00:00,925,-0.5825381,0.9045186,302.24683,21.14743
2025-07-09 14:00:00,850,-0.7870246,1.0620413,296.1067,28.58258
2025-07-09 14:00:00,700,2.8894224,1.9084711,281.4402,75.149475
2025-07-09 14:00:00,500,10.711664,4.117855,264.6748,12.172669
2025-07-09 15:00:00,1000,-0.14693624,0.8623299,307.27686,23.252121
2025-07-09 15:00:00,925,-0.027589079,0.92133415,302.87158,22.377792
2025-07-09 15:00:00,850,-0.15557212,1.1683931,296.7937,29.675232
2025-07-09 15:00:00,700,1.693039,1.6993771,281.19238,67.7169
2025-07-09 15:00:00,500,10.317636,3.248495,265.00415,11.749692
2025-07-09 16:00:00,1000,0.2233997,1.1293354,307.78003,23.605072
2025-07-09 16:00:00,925,0.36629933,1.1778517,303.3457,23.04364
2025-07-09 16:00:00,850,0.28583825,1.6631765,297.35962,29.468124
2025-07-09 16:00:00,700,0.7888388,1.8602104,281.42114,64.20622
2025-07-09 16:00:00,500,9.698433,2.7137203,265.07886,12.441754
2025-07-09 17:00:00,1000,0.62884814,1.2068558,308.1272,23.106644
2025-07-09 17:00:00,925,0.758714,1.2426081,303.66455,22.850525
2025-07-09 17:00:00,850,0.84298146,1.8829174,297.79346,27.70546
2025-07-09 17:00:00,700,0.7374351,2.0667582,281.78223,61.28827
2025-07-09 17:00:00,500,9.371559,2.0740337,265.24536,11.856434
2025-07-09 18:00:00,1000,0.9720908,0.8822038,308.12964,23.472336
2025-07-09 18:00:00,925,1.0958319,0.9124416,303.65723,23.31215
2025-07-09 18:00:00,850,1.5947876,1.4245071,297.86206,27.21698
2025-07-09 18:00:00,700,0.055973794,2.246873,281.89087,60.446075
2025-07-09 18:00:00,500,9.206459,1.3350859,265.34473,12.470431
2025-07-09 19:00:00,1000,1.0010948,0.46007812,307.47144,28.191055
2025-07-09 19:00:00,925,1.1595497,0.44550288,302.96216,28.442596
2025-07-09 19:00:00,850,2.2677794,0.3970543,297.2937,30.522934
2025-07-09 19:00:00,700,-1.188056,2.3015814,281.74243,62.58792
2025-07-09 19:00:00,500,9.136414,0.9553887,265.38916,13.661195
2025-07-09 20:00:00,1000,1.181284,0.047654714,306.63037,33.848953
2025-07-09 20:00:00,925,1.2912464,-0.017688401,302.0691,34.50998
2025-07-09 20:00:00,850,2.4641628,-0.42789626,296.52832,34.93306
2025-07-09 20:00:00,700,-2.8863077,2.2458448,281.51367,65.96097
2025-07-09 20:00:00,500,9.118302,0.6914392,265.42456,14.3786125
2025-07-09 21:00:00,1000,1.3060093,-0.60882,305.562,39.70334
2025-07-09 21:00:00,925,1.3515072,-0.6922716,300.99634,40.632843
2025-07-09 21:00:00,850,1.9580202,-1.7080002,295.59497,40.964447
2025-07-09 21:00:00,700,-4.694435,2.464221,281.34546,67.48978
2025-07-09 21:00:00,500,9.03689,1.0223732,265.31763,15.107652
2025-07-09 22:00:00,1000,0.7280604,-1.2410536,303.58032,48.83348
2025-07-09 22:00:00,925,0.7221073,-1.3648138,299.0327,49.803787
2025-07-09 22:00:00,850,0.12871498,-1.8505764,294.1765,49.56317
2025-07-09 22:00:00,700,-5.455741,2.9504547,282.1494,63.01425
2025-07-09 22:00:00,500,9.183166,0.48616827,265.38574,13.034802
2025-07-09 23:00:00,1000,0.04019686,-1.2385921,302.6565,54.60176
2025-07-09 23:00:00,925,0.026168685,-1.3119574,298.12866,55.344193
2025-07-09 23:00:00,850,-2.6908865,-1.9133987,293.66357,51.26796
2025-07-09 23:00:00,700,-4.4198236,4.5731754,281.88696,64.52127
2025-07-09 23:00:00,500,8.176411,0.66179144,265.30835,12.144968
2025-07-10 00:00:00,1000,-0.44693124,-0.78556854,302.06323,58.996307
2025-07-10 00:00:00,925,-0.48960197,-0.8323063,297.57642,59.404327
2025-07-10 00:00:00,850,-4.4425707,-0.45897478,293.16235,50.564087
2025-07-10 00:00:00,700,-4.0689497,5.12224,281.7522,63.509857
2025-07-10 00:00:00,500,7.772437,1.2206774,265.1526,11.577776
2025-07-10 01:00:00,1000,-1.0031471,-0.116829455,301.36963,61.1848
2025-07-10 01:00:00,925,-1.0126524,-0.1443981,296.89453,61.36673
2025-07-10 01:00:00,850,-5.0844088,1.0075378,292.37598,51.76451
2025-07-10 01:00:00,700,-3.7122154,5.143425,281.6709,62.221176
2025-07-10 01:00:00,500,7.9446783,1.8008718,265.05933,10.902946
2025-07-10 02:00:00,1000,-1.2848005,0.1585449,300.54736,61.38127
2025-07-10 02:00:00,925,-1.2369471,0.1786884,296.07544,61.528305
2025-07-10 02:00:00,850,-5.155267,1.7419691,291.71045,53.38295
2025-07-10 02:00:00,700,-3.3190813,5.1353645,281.6101,61.00949
2025-07-10 02:00:00,500,8.367983,1.8237944,265.11035,9.94037
2025-07-10 03:00:00,1000,-1.2513733,0.28724617,299.8203,61.914764
2025-07-10 03:00:00,925,-1.1617155,0.32181168,295.3374,62.060684
2025-07-10 03:00:00,850,-4.900033,2.1517954,291.43848,52.716354
2025-07-10 03:00:00,700,-3.1701832,5.138996,281.4734,61.36389
2025-07-10 03:00:00,500,8.575057,1.5196295,265.2705,9.297026
2025-07-10 04:00:00,1000,-1.051218,0.35464627,299.27686,62.405807
2025-07-10 04:00:00,925,-0.9813913,0.37506467,294.78174,62.597473
2025-07-10 04:00:00,850,-4.500457,2.427577,291.37134,51.348816
2025-07-10 04:00:00,700,-3.1862268,4.9219866,281.2439,63.582657
2025-07-10 04:00:00,500,8.483128,1.2844028,265.44263,8.6706
2025-07-10 05:00:00,1000,-0.9288335,0.29379678,298.93018,63.75467
2025-07-10 05:00:00,925,-0.8809227,0.3197192,294.41357,64.05687
2025-07-10 05:00:00,850,-3.9074278,2.404625,291.25146,50.97264
2025-07-10 05:00:00,700,-3.0622015,4.4014206,280.92847,66.89728
2025-07-10 05:00:00,500,8.186454,1.4451075,265.52344,8.759423
2025-07-10 06:00:00,1000,-0.916022,0.24949253,298.61133,65.26927
2025-07-10 06:00:00,925,-0.8998432,0.27215892,294.11084,65.53932
2025-07-10 06:00:00,850,-3.711957,2.1952782,291.03906,52.15152
2025-07-10 06:00:00,700,-3.187523,3.7827282,280.62988,69.09462
2025-07-10 06:00:00,500,7.809661,2.140975,265.47388,9.774425
2025-07-10 07:00:00,1000,-1.3533735,0.20811325,298.5808,60.086
2025-07-10 07:00:00,925,-1.3796225,0.19230849,294.10425,60.272614
2025-07-10 07:00:00,850,-3.5717888,2.0436716,290.7954,54.32779
2025-07-10 07:00:00,700,-3.3984098,3.37214,280.51978,67.31978
2025-07-10 07:00:00,500,7.7895203,3.052084,265.35156,10.999513
2025-07-10 08:00:00,1000,-1.6344767,0.39096916,299.78467,52.903168
2025-07-10 08:00:00,925,-1.6350555,0.38270396,295.33032,53.238297
2025-07-10 08:00:00,850,-2.8666725,1.5858536,290.30737,59.835876
2025-07-10 08:00:00,700,-3.7419243,3.3675861,280.55176,62.386505
2025-07-10 08:00:00,500,7.738821,3.8993292,265.15967,12.008833
2025-07-10 09:00:00,1000,-1.4871683,0.67925483,301.24268,48.594086
2025-07-10 09:00:00,925,-1.4915133,0.7032988,296.8728,48.177567
2025-07-10 09:00:00,850,-2.1536942,1.3142042,291.0669,59.562027
2025-07-10 09:00:00,700,-3.847334,3.519824,280.60645,56.825073
2025-07-10 09:00:00,500,7.5643454,4.385256,265.00513,12.333199
2025-07-10 10:00:00,1000,-0.6751398,-0.11342776,302.0569,42.851288
2025-07-10 10:00:00,925,-0.69888604,-0.11010796,297.6731,42.496246
2025-07-10 10:00:00,850,-0.82317966,-0.15607268,291.89795,51.977676
2025-07-10 10:00:00,700,-3.834591,1.9047298,280.7976,46.515366
2025-07-10 10:00:00,500,6.3048105,4.7324286,265.30762,10.727035
2025-07-10 11:00:00,1000,-0.639259,0.6064636,303.74414,38.658585
2025-07-10 11:00:00,925,-0.6560955,0.62546927,299.32104,38.529053
2025-07-10 11:00:00,850,-0.93667823,0.85283184,293.33545,48.57512
2025-07-10 11:00:00,700,-4.533003,1.9401131,280.92358,42.754654
2025-07-10 11:00:00,500,6.212515,4.7847157,265.18213,11.346209
2025-07-10 12:00:00,1000,-0.60597306,1.042222,304.9641,35.841293
2025-07-10 12:00:00,925,-0.6201722,1.066659,300.54883,35.656296
2025-07-10 12:00:00,850,-0.9485224,1.3774796,294.3933,46.84607
2025-07-10 12:00:00,700,-4.84515,1.9252644,280.74756,45.295593
2025-07-10 12:00:00,500,6.33243,4.8518467,265.0569,12.101622
2025-07-10 13:00:00,1000,-0.57465476,1.4299526,305.91382,32.96399
2025-07-10 13:00:00,925,-0.5930875,1.4704771,301.48486,32.760025
2025-07-10 13:00:00,850,-0.99153626,1.8999624,295.37256,42.785675
2025-07-10 13:00:00,700,-3.1440067,1.334837,280.35767,61.582596
2025-07-10 13:00:00,500,6.6506157,5.101741,264.9336,12.730883
2025-07-10 14:00:00,1000,-0.18111831,1.5334072,306.60254,31.079025
2025-07-10 14:00:00,925,-0.20315862,1.5875072,302.16895,30.800858
2025-07-10 14:00:00,850,-0.535081,1.9969397,296.16626,39.38997
2025-07-10 14:00:00,700,-1.5840015,0.87557256,280.23413,76.24805
2025-07-10 14:00:00,500,7.193906,5.1976137,264.90308,13.064223
2025-07-10 15:00:00,1000,0.31170553,1.6277714,307.04175,29.733276
2025-07-10 15:00:00,925,0.29864508,1.6848202,302.60205,29.40509
2025-07-10 15:00:00,850,0.15465969,2.235034,296.64844,37.212463
2025-07-10 15:00:00,700,-0.8489987,0.8916377,280.71118,75.27855
2025-07-10 15:00:00,500,7.438449,5.3048706,264.93604,13.876313
2025-07-10 16:00:00,1000,1.0697136,1.54074,306.77612,30.880035
2025-07-10 16:00:00,925,1.086196,1.5806465,302.354,30.507904
2025-07-10 16:00:00,850,1.2257395,2.2588387,296.52832,37.406708
2025-07-10 16:00:00,700,-0.50554585,1.1445808,281.03174,75.50998
2025-07-10 16:00:00,500,7.3990374,5.883642,264.9756,15.5645075
2025-07-10 17:00:00,1000,1.9951982,0.98419565,306.3225,33.972977
2025-07-10 17:00:00,925,2.0088568,0.9975096,301.89844,33.513626
2025-07-10 17:00:00,850,2.9520893,1.4335508,296.10034,40.31784
2025-07-10 17:00:00,700,-1.1385174,1.0942345,281.02222,78.96478
2025-07-10 17:00:00,500,7.41117,6.651902,264.90405,20.721283
2025-07-10 18:00:00,1000,2.4137878,0.17642319,305.44873,39.891968
2025-07-10 18:00:00,925,2.4469128,0.1634512,301.02393,39.339478
2025-07-10 18:00:00,850,3.9562416,0.112300515,295.34937,46.60498
2025-07-10 18:00:00,700,-2.0938492,2.3140764,280.82495,82.12732
2025-07-10 18:00:00,500,7.798208,7.2883034,264.9978,17.837814
2025-07-10 19:00:00,1000,2.4248857,-0.50137955,303.93506,49.415665
2025-07-10 19:00:00,925,2.4848242,-0.58524626,299.51392,48.839355
2025-07-10 19:00:00,850,4.5392666,-1.4133644,293.9414,57.403946
2025-07-10 19:00:00,700,-3.7703543,2.8529282,280.90186,82.65593
2025-07-10 19:00:00,500,7.528179,7.314974,264.96533,16.618256
2025-07-10 20:00:00,1000,2.1896067,-0.7973481,302.31738,59.32231
2025-07-10 20:00:00,925,2.1964865,-0.88360775,297.8855,58.730484
2025-07-10 20:00:00,850,4.582387,-2.3516645,292.4165,69.19443
2025-07-10 20:00:00,700,-6.675356,3.0433435,281.32275,72.89432
2025-07-10 20:00:00,500,6.5986977,7.424204,264.71167,16.713623
2025-07-10 21:00:00,1000,2.1344252,-0.99621755,300.91187,67.56354
2025-07-10 21:00:00,925,2.1289787,-1.0297279,296.48267,66.92386
2025-07-10 21:00:00,850,4.4563074,-2.9940338,291.03564,79.72482
2025-07-10 21:00:00,700,-7.2432165,3.7449656,281.54907,59.09735
2025-07-10 21:00:00,500,5.377474,7.851451,264.3557,17.6624
2025-07-10 22:00:00,1000,1.9841433,-1.3031702,298.94556,81.21304
2025-07-10 22:00:00,925,1.9496937,-1.33461,294.5371,80.744644
2025-07-10 22:00:00,850,4.0707636,-2.4702053,289.72363,89.94408
2025-07-10 22:00:00,700,-9.626055,4.0064573,281.66675,62.4729
2025-07-10 22:00:00,500,4.6081944,9.328272,264.12573,14.542616
2025-07-10 23:00:00,1000,1.4648304,-1.3206425,298.2334,84.858154
2025-07-10 23:00:00,925,1.3917351,-1.3507586,293.83496,84.573074
2025-07-10 23:00:00,850,2.9953203,-2.411871,289.89673,84.95413
2025-07-10 23:00:00,700,-9.165302,6.677623,281.58765,56.4691
2025-07-10 23:00:00,500,4.3276453,10.204341,264.14136,16.333603
2025-07-11 00:00:00,1000,0.92980444,-1.1092529,297.88208,86.64847
2025-07-11 00:00:00,925,0.88605523,-1.1067228,293.49194,86.70532
2025-07-11 00:00:00,850,1.3021126,-2.4913654,289.78418,83.54808
2025-07-11 00:00:00,700,-7.6801977,9.2571,281.44604,54.1465
2025-07-11 00:00:00,500,4.477311,11.315738,263.98486,17.72641
2025-07-11 01:00:00,1000,0.67021644,-0.8121355,297.64966,87.821655
2025-07-11 01:00:00,925,0.6535743,-0.7561767,293.26318,87.878876
2025-07-11 01:00:00,850,-0.5476646,-1.7292862,289.76587,82.16382
2025-07-11 01:00:00,700,-5.360018,9.763698,280.9795,57.873367
2025-07-11 01:00:00,500,4.300166,11.751774,263.80908,18.838959
2025-07-11 02:00:00,1000,0.6275488,-0.33386183,297.5791,89.16002
2025-07-11 02:00:00,925,0.61091304,-0.28583026,293.19507,89.256134
2025-07-11 02:00:00,850,-1.6453266,-0.34549695,289.71948,81.26082
2025-07-11 02:00:00,700,-3.5496674,8.790485,280.53076,57.33911
2025-07-11 02:00:00,500,3.3365736,12.063358,263.62256,19.644318
2025-07-11 03:00:00,1000,0.6351269,0.065868795,297.54858,90.96188
2025-07-11 03:00:00,925,0.6194886,0.10194582,293.16992,90.89513
2025-07-11 03:00:00,850,-1.9941397,1.0794563,289.47314,83.366135
2025-07-11 03:00:00,700,-2.8024454,7.6750975,280.28174,52.34668
2025-07-11 03:00:00,500,1.6966629,12.202639,263.35034,19.559357
2025-07-11 04:00:00,1000,0.5909587,0.24171841,297.37134,92.29312
2025-07-11 04:00:00,925,0.56788343,0.2624805,293.0005,92.07701
2025-07-11 04:00:00,850,-1.2774572,1.933588,289.02515,88.15524
2025-07-11 04:00:00,700,-2.7197657,6.8617954,280.20923,44.51718
2025-07-11 04:00:00,500,0.23495382,12.446138,263.07446,19.429901
2025-07-11 05:00:00,1000,0.44710338,0.32771045,297.0354,93.54164
2025-07-11 05:00:00,925,0.41459,0.3331687,292.6682,93.15651
2025-07-11 05:00:00,850,-0.36939287,2.0738764,288.55493,93.01454
2025-07-11 05:00:00,700,-2.9154215,6.203183,280.09082,39.22284
2025-07-11 05:00:00,500,-0.66750145,12.865506,262.80273,19.500504
2025-07-11 06:00:00,1000,0.32609904,0.5040223,296.7556,92.288315
2025-07-11 06:00:00,925,0.28712767,0.51135904,292.40552,91.99083
2025-07-11 06:00:00,850,0.10350001,1.7661028,288.1223,96.26988
2025-07-11 06:00:00,700,-3.0544176,5.608824,279.86426,37.393356
2025-07-11 06:00:00,500,-1.3099508,13.098082,262.45776,20.435013
2025-07-11 07:00:00,1000,0.2072106,0.7125644,296.9973,87.92976
2025-07-11 07:00:00,925,0.17298013,0.6978203,292.65967,87.59367
2025-07-11 07:00:00,850,0.23719281,1.4820929,287.89258,96.04208
2025-07-11 07:00:00,700,-2.8110123,5.146096,279.6892,37.206924
2025-07-11 07:00:00,500,-1.4425392,13.221975,262.04004,22.002304
2025-07-11 08:00:00,1000,0.11557698,1.1864262,297.60864,83.24028
2025-07-11 08:00:00,925,0.082259476,1.1917992,293.2705,82.72281
2025-07-11 08:00:00,850,-0.06067333,1.9057112,287.7959,96.04639
2025-07-11 08:00:00,700,-2.3587952,4.6350183,279.60205,39.493362
2025-07-11 08:00:00,500,-1.3260536,13.025918,261.58667,24.389313
2025-07-11 09:00:00,1000,0.12072033,1.5896492,298.28735,78.22247
2025-07-11 09:00:00,925,0.09365845,1.5996618,293.93848,77.96692
2025-07-11 09:00:00,850,0.056465648,2.5035582,288.15527,95.23682
2025-07-11 09:00:00,700,-2.2157736,3.9393206,279.3728,46.29921
2025-07-11 09:00:00,500,-1.1149893,12.519037,261.1233,27.75972
2025-07-11 10:00:00,1000,0.4428966,1.1467209,298.90234,67.44464
2025-07-11 10:00:00,925,0.41214186,1.1097364,294.56787,66.98929
2025-07-11 10:00:00,850,0.36505568,1.473958,288.95386,80.42186
2025-07-11 10:00:00,700,-2.6108713,5.2541456,280.01636,26.987732
2025-07-11 10:00:00,500,-1.5007935,13.744472,260.16235,31.322144
2025-07-11 11:00:00,1000,0.35058808,1.471859,300.18457,58.096695
2025-07-11 11:00:00,925,0.31180316,1.4643698,295.81055,57.702087
2025-07-11 11:00:00,850,0.1008091,2.0537977,290.13745,70.61078
2025-07-11 11:00:00,700,-2.2249632,4.5253773,279.73877,30.961105
2025-07-11 11:00:00,500,-1.1021318,12.406635,259.95068,33.552216
2025-07-11 12:00:00,1000,1.0311394,1.8136101,300.9917,51.368805
2025-07-11 12:00:00,925,1.0265589,1.8033972,296.58105,51.252274
2025-07-11 12:00:00,850,1.0147285,2.6882324,290.91577,62.150223
2025-07-11 12:00:00,700,-2.7681618,3.659728,279.4192,45.70555
2025-07-11 12:00:00,500,-0.96216387,11.410515,259.67456,35.83728
2025-07-11 13:00:00,1000,2.1519547,1.6321917,300.48218,50.09178
2025-07-11 13:00:00,925,2.1158028,1.5961018,296.07837,49.669632
2025-07-11 13:00:00,850,2.7243662,2.4313393,290.38843,61.064438
2025-07-11 13:00:00,700,-4.2094,3.3315353,279.1687,44.26288
2025-07-11 13:00:00,500,-0.9334105,10.248571,259.4995,38.079926
2025-07-11 14:00:00,1000,1.5311155,1.2765961,300.06323,49.29567
2025-07-11 14:00:00,925,1.4816284,1.2498322,295.66992,48.72307
2025-07-11 14:00:00,850,2.1473846,2.4488916,289.90576,60.105072
2025-07-11 14:00:00,700,-4.367754,4.0505714,278.78394,44.343185
2025-07-11 14:00:00,500,-0.3707894,9.03804,259.54224,40.28064
2025-07-11 15:00:00,1000,1.8889799,0.2616396,300.417,49.366684
2025-07-11 15:00:00,925,1.8247766,0.21037006,296.01025,48.997925
2025-07-11 15:00:00,850,2.618925,0.5717801,290.46118,59.315903
2025-07-11 15:00:00,700,-4.5586004,3.9902973,278.86206,39.188477
2025-07-11 15:00:00,500,-0.36386877,8.803437,259.21606,41.35707
2025-07-11 16:00:00,1000,1.715064,0.27189022,299.90283,52.005737
2025-07-11 16:00:00,925,1.6908398,0.19990623,295.49365,51.744812
2025-07-11 16:00:00,850,2.4821615,0.17256671,290.08032,61.313507
2025-07-11 16:00:00,700,-3.7477322,2.8521843,277.74658,62.363754
2025-07-11 16:00:00,500,0.2556656,7.4184513,259.33716,34.052856
2025-07-11 17:00:00,1000,1.665967,0.2541343,298.59326,58.135284
2025-07-11 17:00:00,925,1.6109152,0.24998355,294.2058,58.034836
2025-07-11 17:00:00,850,2.3495007,0.50154084,288.9607,67.751465
2025-07-11 17:00:00,700,-4.774234,3.6499481,277.25513,68.85718
2025-07-11 17:00:00,500,0.6757172,4.4315004,259.32593,46.16861
2025-07-11 18:00:00,1000,2.6923666,-0.68999237,297.68237,66.70386
2025-07-11 18:00:00,925,2.5826569,-0.65401167,293.3059,66.75037
2025-07-11 18:00:00,850,4.257578,-0.955851,287.865,79.49599
2025-07-11 18:00:00,700,-3.5289803,2.955288,278.86816,45.349045
2025-07-11 18:00:00,500,-1.9418592,3.0394688,259.00195,54.65088
2025-07-11 19:00:00,1000,2.1144295,-1.1848116,297.55054,71.64949
2025-07-11 19:00:00,925,2.0202188,-1.1096525,293.1748,71.60867
2025-07-11 19:00:00,850,3.4639473,-2.0621767,287.88135,83.34799
2025-07-11 19:00:00,700,-4.1635847,1.9603338,279.28687,38.02249
2025-07-11 19:00:00,500,-1.9431152,1.8009319,258.5786,63.977707
2025-07-11 20:00:00,1000,2.0001993,-1.067914,297.01807,76.830154
2025-07-11 20:00:00,925,1.934454,-0.9903764,292.6482,76.84956
2025-07-11 20:00:00,850,3.729268,-2.5884733,287.37598,89.30449
2025-07-11 20:00:00,700,-6.003352,1.9409904,278.50415,41.682877
2025-07-11 20:00:00,500,-1.6752787,0.2680099,258.65332,61.76613
2025-07-11 21:00:00,1000,1.8912411,-1.2965059,296.3098,82.06523
2025-07-11 21:00:00,925,1.8091803,-1.2257309,291.93945,82.08133
2025-07-11 21:00:00,850,3.8384514,-3.3142166,286.7627,94.02429
2025-07-11 21:00:00,700,-7.3285427,2.0778484,277.95703,43.895508
2025-07-11 21:00:00,500,-2.569562,-0.7106051,259.0503,51.29106
2025-07-11 22:00:00,1000,1.5048275,-1.0835905,296.35864,85.09009
2025-07-11 22:00:00,925,1.4336939,-1.0366898,292.01025,84.8927
2025-07-11 22:00:00,850,2.7714052,-2.9552717,286.8213,97.1902
2025-07-11 22:00:00,700,-7.8148966,3.409402,277.8003,50.995865
2025-07-11 22:00:00,500,-3.9223032,4.182745,258.85767,29.516602
2025-07-11 23:00:00,1000,1.3541021,-1.092145,295.88867,87.596985
2025-07-11 23:00:00,925,1.2577477,-1.0820589,291.53052,87.66849
2025-07-11 23:00:00,850,1.6729326,-3.1801815,286.68384,96.47534
2025-07-11 23:00:00,700,-7.5147724,4.2371645,277.83203,56.30722
2025-07-11 23:00:00,500,-4.1021624,2.2945414,258.87085,28.114334
2025-07-12 00:00:00,1000,1.4160099,-1.1936245,295.5088,90.05644
2025-07-12 00:00:00,925,1.3274994,-1.2144012,291.1443,90.26422
2025-07-12 00:00:00,850,1.5352068,-3.6382456,286.65747,95.759476
2025-07-12 00:00:00,700,-7.823209,4.105196,277.84814,60.818222
2025-07-12 00:00:00,500,-3.4966173,0.09433693,258.84668,29.642883
2025-07-12 01:00:00,1000,0.92056787,-1.7062235,294.8125,92.70216
2025-07-12 01:00:00,925,0.8471532,-1.7011986,290.4663,92.77849
2025-07-12 01:00:00,850,1.2746983,-4.820569,286.04102,97.33325
2025-07-12 01:00:00,700,-6.1756954,4.9499826,277.3794,60.726364
2025-07-12 01:00:00,500,-1.7298489,-1.0138931,259.07227,21.830734
2025-07-12 02:00:00,1000,-0.12505376,-1.5137882,294.55127,91.569244
2025-07-12 02:00:00,925,-0.15069252,-1.4643049,290.19653,91.69414
2025-07-12 02:00:00,850,-1.1005316,-4.5447626,285.37476,95.50247
2025-07-12 02:00:00,700,-4.4214907,5.5256424,277.5498,58.81662
2025-07-12 02:00:00,500,-0.4877321,-3.4772196,258.87793,26.088593
2025-07-12 03:00:00,1000,-0.24554539,-0.88311845,294.35278,89.40758
2025-07-12 03:00:00,925,-0.2481612,-0.8324281,289.99512,89.67183
2025-07-12 03:00:00,850,-1.460968,-2.3523207,285.40552,93.74788
2025-07-12 03:00:00,700,-1.0154371,6.5838175,278.02563,53.628326
2025-07-12 03:00:00,500,-0.26061934,-6.1761665,259.07275,22.114838
2025-07-12 04:00:00,1000,-0.26760942,-0.82758313,294.3689,88.43236
2025-07-12 04:00:00,925,-0.29133254,-0.74717474,290.00488,88.78537
2025-07-12 04:00:00,850,-1.5331964,-1.7134037,285.45264,93.91075
2025-07-12 04:00:00,700,0.1971224,5.260235,278.05225,53.8544
2025-07-12 04:00:00,500,0.7469447,-5.965475,259.17017,31.730957
2025-07-12 05:00:00,1000,0.34694046,-0.8957752,294.3496,88.519196
2025-07-12 05:00:00,925,0.27137977,-0.8120665,289.97998,89.08049
2025-07-12 05:00:00,850,-0.7272525,-1.5678768,285.43433,94.72598
2025-07-12 05:00:00,700,0.6888456,2.856534,277.96216,54.325836
2025-07-12 05:00:00,500,0.006036777,-5.757777,259.6079,46.46109
2025-07-12 06:00:00,1000,0.6463032,-0.74890035,294.36035,88.097275
2025-07-12 06:00:00,925,0.56857866,-0.69881445,289.99683,88.384995
2025-07-12 06:00:00,850,0.2703973,-1.2852354,285.48682,94.37306
2025-07-12 06:00:00,700,0.43855608,1.3668127,277.6394,57.39615
2025-07-12 06:00:00,500,-1.5848389,-5.3072577,260.0957,54.301178
2025-07-12 07:00:00,1000,0.6088686,-0.47805548,295.09204,81.58055
2025-07-12 07:00:00,925,0.5470468,-0.42220885,290.73853,81.57864
2025-07-12 07:00:00,850,0.5063534,-0.82130814,285.6355,93.5686
2025-07-12 07:00:00,700,0.53318024,0.4118684,277.33618,59.777542
2025-07-12 07:00:00,500,-2.5273666,-4.166237,260.5703,52.302307
2025-07-12 08:00:00,1000,-0.024649639,-0.15750116,296.38135,73.243576
2025-07-12 08:00:00,925,-0.053903606,-0.16422659,292.05347,72.75659
2025-07-12 08:00:00,850,-0.11272222,-0.34742296,286.49097,87.18631
2025-07-12 08:00:00,700,0.20353305,-0.320382,277.073,61.295227
2025-07-12 08:00:00,500,-2.456688,-3.0072327,261.19434,38.306534
2025-07-12 09:00:00,1000,0.07330543,-0.019862019,297.57324,64.971344
2025-07-12 09:00:00,925,0.07651776,-0.029643755,293.23584,64.33954
2025-07-12 09:00:00,850,-0.032504674,0.088944495,287.56958,79.18013
2025-07-12 09:00:00,700,-0.26978785,0.05189832,276.82764,63.387863
2025-07-12 09:00:00,500,-1.9437666,-2.643097,261.75854,24.24826
2025-07-12 10:00:00,1000,0.208449,-0.37707657,299.12744,57.148773
2025-07-12 10:00:00,925,0.2191512,-0.4096068,294.72925,56.8869
2025-07-12 10:00:00,850,-0.0028265559,-0.42372137,289.10864,69.23622
2025-07-12 10:00:00,700,-1.7706194,1.4524412,277.26807,61.89537
2025-07-12 10:00:00,500,0.042229995,-2.403306,261.67847,23.924072
2025-07-12 11:00:00,1000,0.81823534,-0.269481,299.94556,52.759445
2025-07-12 11:00:00,925,0.80193895,-0.26616472,295.5337,52.502335
2025-07-12 11:00:00,850,0.9095731,-0.3164969,289.94995,63.226685
2025-07-12 11:00:00,700,-1.0027266,1.4584084,277.32568,62.70935
2025-07-12 11:00:00,500,0.96118003,-2.8915415,262.10742,21.626572
2025-07-12 12:00:00,1000,1.5639067,-0.1945883,300.6499,48.296906
2025-07-12 12:00:00,925,1.5320425,-0.15494525,296.24976,47.852737
2025-07-12 12:00:00,850,2.0660744,-0.2510289,290.68848,57.622803
2025-07-12 12:00:00,700,0.32715786,1.2357063,277.52173,69.45903
2025-07-12 12:00:00,500,0.768538,-3.1158905,262.5547,18.837082
2025-07-12 13:00:00,1000,2.0182724,-0.3585894,300.98486,46.87294
2025-07-12 13:00:00,925,1.9443007,-0.30039275,296.60376,46.25969
2025-07-12 13:00:00,850,2.9272823,-0.5188301,291.05103,55.25226
2025-07-12 13:00:00,700,1.1097269,0.9505029,277.81348,73.66409
2025-07-12 13:00:00,500,0.3427869,-2.6131516,263.28613,11.553149
2025-07-12 14:00:00,1000,2.2822733,-0.6401892,301.08057,47.65088
2025-07-12 14:00:00,925,2.219884,-0.5805339,296.7339,46.779495
2025-07-12 14:00:00,850,3.5506907,-1.0300636,291.08057,56.44159
2025-07-12 14:00:00,700,1.6655998,0.830293,278.0349,79.886215
2025-07-12 14:00:00,500,0.05421993,-1.7974262,263.91187,7.029958
2025-07-12 15:00:00,1000,2.3544436,-0.97178876,301.0791,48.003204
2025-07-12 15:00:00,925,2.3277721,-0.89955014,296.73267,47.230637
2025-07-12 15:00:00,850,3.850171,-1.5745239,291.14038,56.54698
2025-07-12 15:00:00,700,1.63519,1.4109402,278.07617,82.65546
2025-07-12 15:00:00,500,-0.0907439,-0.972604,264.34497,4.6107225
2025-07-12 16:00:00,1000,2.3577814,-1.1093922,301.11792,48.43686
2025-07-12 16:00:00,925,2.3701687,-1.0453758,296.74097,47.914246
2025-07-12 16:00:00,850,3.895712,-1.9079542,291.17017,56.917603
2025-07-12 16:00:00,700,2.077551,2.138605,277.9983,86.70764
2025-07-12 16:00:00,500,0.49385893,-0.044954676,264.60034,2.2894564
2025-07-12 17:00:00,1000,2.266446,-1.4969177,301.03613,48.81804
2025-07-12 17:00:00,925,2.3038702,-1.500042,296.6516,48.24173
2025-07-12 17:00:00,850,3.9824686,-2.8040009,291.13184,56.785614
2025-07-12 17:00:00,700,2.6491632,3.1158504,277.99365,89.218475
2025-07-12 17:00:00,500,1.1305237,0.84731513,264.59814,3.637556
2025-07-12 18:00:00,1000,1.8720503,-1.8948326,300.74707,50.555893
2025-07-12 18:00:00,925,1.883709,-1.9141989,296.354,49.941544
2025-07-12 18:00:00,850,3.5216055,-3.7808094,290.7268,59.18889
2025-07-12 18:00:00,700,3.0773916,3.887744,277.58716,96.554855
2025-07-12 18:00:00,500,2.5043278,1.8240719,264.36035,7.298546
2025-07-12 19:00:00,1000,1.4505558,-1.9253721,300.07886,54.621796
2025-07-12 19:00:00,925,1.4358225,-1.9324245,295.68384,54.082092
2025-07-12 19:00:00,850,2.7867346,-4.1796207,290.2444,62.656067
2025-07-12 19:00:00,700,2.9215965,4.2446604,277.5542,97.50838
2025-07-12 19:00:00,500,4.563018,2.310853,264.1687,14.129188
2025-07-12 20:00:00,1000,1.211998,-1.6077557,299.26514,59.723938
2025-07-12 20:00:00,925,1.1816483,-1.6439161,294.86694,59.423477
2025-07-12 20:00:00,850,2.6232939,-4.395362,289.4519,67.78664
2025-07-12 20:00:00,700,1.8367376,4.4179497,277.71143,93.84772
2025-07-12 20:00:00,500,6.0250263,1.8700056,264.2417,22.53444
2025-07-12 21:00:00,1000,1.1994076,-1.3394871,298.54224,64.13867
2025-07-12 21:00:00,925,1.1800203,-1.4100857,294.1211,64.21086
2025-07-12 21:00:00,850,2.484685,-4.2195444,288.77466,72.79974
2025-07-12 21:00:00,700,1.0494642,4.901061,278.43164,76.844696
2025-07-12 21:00:00,500,7.0091047,1.1804695,264.1797,27.701431
2025-07-12 22:00:00,1000,1.0725212,-1.1144905,297.65747,74.85939
2025-07-12 22:00:00,925,1.0090599,-1.191782,293.2317,75.15283
2025-07-12 22:00:00,850,2.1641407,-3.4062643,287.99194,82.59598
2025-07-12 22:00:00,700,1.9928398,4.8793554,279.1582,57.183395
2025-07-12 22:00:00,500,7.1528654,2.0390863,264.00635,26.111145
2025-07-12 23:00:00,1000,1.0656624,-0.89687526,297.0498,79.16139
2025-07-12 23:00:00,925,0.98572063,-0.96904397,292.62573,79.352875
2025-07-12 23:00:00,850,1.453022,-2.7000284,287.55884,86.57721
2025-07-12 23:00:00,700,2.9422474,5.5166636,278.98828,52.465744
2025-07-12 23:00:00,500,8.587639,1.8772163,264.20288,23.700699
2025-07-13 00:00:00,1000,0.6561618,-0.76457244,296.65186,82.01587
2025-07-13 00:00:00,925,0.57119054,-0.81726044,292.25732,82.19643
2025-07-13 00:00:00,850,-0.5094624,-1.4661236,287.42798,87.44185
2025-07-13 00:00:00,700,3.288413,6.1007614,278.7749,51.390305
2025-07-13 00:00:00,500,9.311202,1.7948828,264.11792,22.510529
2025-07-13 01:00:00,1000,0.4499079,-0.6455027,296.48584,84.68303
2025-07-13 01:00:00,925,0.3874442,-0.6588481,292.0952,84.87041
2025-07-13 01:00:00,850,-1.6917896,-0.29137886,287.4751,86.90329
2025-07-13 01:00:00,700,3.7333107,6.3378696,278.81763,47.566757
2025-07-13 01:00:00,500,8.975614,2.3766155,264.09888,22.534058
2025-07-13 02:00:00,1000,0.5635125,-0.5020981,296.3042,87.16562
2025-07-13 02:00:00,925,0.5166784,-0.4978,291.90552,87.350494
2025-07-13 02:00:00,850,-1.6493225,0.37724817,287.37573,88.445145
2025-07-13 02:00:00,700,3.7153492,6.5372868,278.89624,44.22957
2025-07-13 02:00:00,500,8.802477,3.7676363,264.39355,22.650574
2025-07-13 03:00:00,1000,0.76035476,-0.3420415,295.9956,89.57037
2025-07-13 03:00:00,925,0.71685773,-0.35157877,291.59814,89.75566
2025-07-13 03:00:00,850,-1.102561,0.7946718,287.11743,91.22101
2025-07-13 03:00:00,700,3.4735308,6.7386875,278.87573,42.120575
2025-07-13 03:00:00,500,9.116423,4.9530888,264.31885,28.18489
2025-07-13 04:00:00,1000,0.96800053,-0.19365484,295.7019,91.73978
2025-07-13 04:00:00,925,0.8892976,-0.24503511,291.28735,92.02016
2025-07-13 04:00:00,850,-0.20936388,1.1784849,286.85352,93.42015
2025-07-13 04:00:00,700,3.8530264,6.821643,278.75732,40.779312
2025-07-13 04:00:00,500,9.053192,5.8436365,263.8838,36.23433
2025-07-13 05:00:00,1000,0.9721875,-0.21364504,295.4209,93.32373
2025-07-13 05:00:00,925,0.85434985,-0.28719002,290.98315,93.715775
2025-07-13 05:00:00,850,0.3641289,1.1690235,286.61304,94.73024
2025-07-13 05:00:00,700,4.430745,6.6980076,278.69116,39.68309
2025-07-13 05:00:00,500,8.95244,6.7260723,263.21484,49.0878
2025-07-13 06:00:00,1000,0.7859854,-0.19123447,295.1975,93.4756
2025-07-13 06:00:00,925,0.66798925,-0.2395221,290.77148,94.128265
2025-07-13 06:00:00,850,0.61960334,1.1914377,286.43555,95.325745
2025-07-13 06:00:00,700,5.0301104,6.6843166,278.7163,38.151215
2025-07-13 06:00:00,500,8.974651,7.975258,262.6455,68.183685
2025-07-13 07:00:00,1000,0.9979874,0.02418213,295.28857,88.69057
2025-07-13 07:00:00,925,0.9063997,-0.02972174,290.9082,89.1926
2025-07-13 07:00:00,850,1.1145029,1.4313335,286.239,95.769196
2025-07-13 07:00:00,700,5.5886087,6.7105722,278.61816,36.936874
2025-07-13 07:00:00,500,8.744055,9.258199,262.18408,88.569595
2025-07-13 08:00:00,1000,1.5485573,0.4815308,295.94336,82.08533
2025-07-13 08:00:00,925,1.5102358,0.41423804,291.60034,82.08769
2025-07-13 08:00:00,850,2.3116436,1.4932461,286.45288,92.806244
2025-07-13 08:00:00,700,5.774379,5.9591055,278.17603,40.82979
2025-07-13 08:00:00,500,8.603436,10.240236,261.97632,99.267365
2025-07-13 09:00:00,1000,1.5965815,0.6393467,296.74805,72.28833
2025-07-13 09:00:00,925,1.53057,0.5942304,292.40405,72.339584
2025-07-13 09:00:00,850,2.5114965,1.3138065,286.9497,85.91374
2025-07-13 09:00:00,700,6.425905,4.962162,278.094,37.233536
2025-07-13 09:00:00,500,9.459341,10.189578,261.77026,99.699326
2025-07-13 10:00:00,1000,0.78227925,0.5854785,295.86035,76.51161
2025-07-13 10:00:00,925,0.77112156,0.56119484,291.56958,76.23714
2025-07-13 10:00:00,850,1.093008,1.2923946,286.1438,89.821945
2025-07-13 10:00:00,700,5.385311,2.3045797,277.29932,46.475845
2025-07-13 10:00:00,500,14.33643,6.3449755,261.95264,73.968216
2025-07-13 11:00:00,1000,1.1145706,1.0924206,297.71313,62.091736
2025-07-13 11:00:00,925,1.0824785,1.0816727,293.39917,61.783752
2025-07-13 11:00:00,850,1.6526575,1.822463,287.688,76.188416
2025-07-13 11:00:00,700,5.1462116,1.7166271,277.50098,45.124054
2025-07-13 11:00:00,500,16.08603,4.973983,261.969,16.40738
2025-07-13 12:00:00,1000,1.8202591,0.8792892,299.44922,52.52617
2025-07-13 12:00:00,925,1.7687244,0.84500283,295.0852,52.375427
2025-07-13 12:00:00,850,2.766118,1.3475447,289.32446,64.718216
2025-07-13 12:00:00,700,4.932125,1.7431278,277.5017,52.56128
2025-07-13 12:00:00,500,17.065628,3.7359018,261.3977,6.397292
2025-07-13 13:00:00,1000,2.4028406,0.4690907,300.5066,45.759674
2025-07-13 13:00:00,925,2.3719645,0.4431026,296.13892,45.684875
2025-07-13 13:00:00,850,3.7459984,0.6813855,290.37378,56.289185
2025-07-13 13:00:00,700,5.3445015,1.9873228,277.67163,65.63736
2025-07-13 13:00:00,500,18.041748,1.6362295,261.35767,7.195492
2025-07-13 14:00:00,1000,2.772129,-0.0031685936,301.1084,42.542038
2025-07-13 14:00:00,925,2.7703838,-0.023513824,296.72485,42.47377
2025-07-13 14:00:00,850,4.477496,-0.06766677,290.9602,51.893494
2025-07-13 14:00:00,700,4.9126663,1.9122391,277.79468,73.363754
2025-07-13 14:00:00,500,17.458862,0.51081944,261.78638,5.3849163
2025-07-13 15:00:00,1000,2.970415,-0.28627878,301.61182,40.30667
2025-07-13 15:00:00,925,2.9524012,-0.29448378,297.20605,40.230133
2025-07-13 15:00:00,850,4.9183893,-0.48909956,291.4331,48.779724
2025-07-13 15:00:00,700,4.223028,2.3956366,277.42163,79.5439
2025-07-13 15:00:00,500,15.857528,-0.23650151,262.3982,5.758769
2025-07-13 16:00:00,1000,2.9934282,-0.845394,301.7744,39.85939
2025-07-13 16:00:00,925,3.004403,-0.840959,297.34985,39.771576
2025-07-13 16:00:00,850,5.2635517,-1.4866762,291.604,48.272034
2025-07-13 16:00:00,700,4.5113125,3.7370987,277.09473,85.630585
2025-07-13 16:00:00,500,14.430572,-0.78815174,263.08032,7.4446335
2025-07-13 17:00:00,1000,2.8545313,-1.1585321,301.5913,40.98822
2025-07-13 17:00:00,925,2.8944826,-1.17525,297.17505,40.960266
2025-07-13 17:00:00,850,4.9829807,-2.0979824,291.4734,49.774582
2025-07-13 17:00:00,700,4.4125395,5.0232697,276.9961,88.590164
2025-07-13 17:00:00,500,12.886086,0.45052367,263.41162,8.9845085
2025-07-13 18:00:00,1000,2.3971214,-1.6870356,300.8003,45.811752
2025-07-13 18:00:00,925,2.4363604,-1.7084007,296.386,45.80774
2025-07-13 18:00:00,850,4.2863235,-3.1444511,290.7932,54.914978
2025-07-13 18:00:00,700,3.9155388,5.0285244,277.27197,78.35129
2025-07-13 18:00:00,500,12.013667,3.0099812,263.4475,9.942262
2025-07-13 19:00:00,1000,1.9494562,-1.802537,299.74878,52.56938
2025-07-13 19:00:00,925,1.9719019,-1.8320522,295.313,52.700195
2025-07-13 19:00:00,850,3.6433802,-3.602888,289.81006,62.079605
2025-07-13 19:00:00,700,3.9321213,5.1420107,278.6902,44.550766
2025-07-13 19:00:00,500,12.275394,5.9233027,263.4121,10.200319
2025-07-13 20:00:00,1000,1.4680929,-1.6076221,298.59497,59.76068
2025-07-13 20:00:00,925,1.4357443,-1.5774984,294.17554,59.949387
2025-07-13 20:00:00,850,3.002493,-3.8440065,288.6985,70.40236
2025-07-13 20:00:00,700,4.1644306,5.196925,279.25146,29.095001
2025-07-13 20:00:00,500,13.310795,7.726427,263.55786,10.3057
2025-07-13 21:00:00,1000,1.2911739,-1.4646845,297.57812,66.005844
2025-07-13 21:00:00,925,1.2118168,-1.3912354,293.16724,66.296524
2025-07-13 21:00:00,850,2.3636074,-3.391426,287.77588,77.40842
2025-07-13 21:00:00,700,4.125866,6.008375,279.17578,26.144669
2025-07-13 21:00:00,500,13.891248,8.1472225,263.78955,10.013406
2025-07-13 22:00:00,1000,1.2199688,-1.5549278,296.73267,75.33142
2025-07-13 22:00:00,925,1.1312094,-1.5025043,292.33008,75.74042
2025-07-13 22:00:00,850,2.8220873,-2.4888802,287.6062,81.00311
2025-07-13 22:00:00,700,3.650014,6.9339867,279.6587,28.034485
2025-07-13 22:00:00,500,13.4511385,7.8351946,264.08594,12.136972
2025-07-13 23:00:00,1000,0.9004668,-1.2135315,296.04688,80.128235
2025-07-13 23:00:00,925,0.81654465,-1.1435137,291.6438,80.43999
2025-07-13 23:00:00,850,2.4858856,-2.38875,287.333,81.51184
2025-07-13 23:00:00,700,4.220169,7.812175,279.27002,31.558655
2025-07-13 23:00:00,500,13.618814,8.0604515,264.0464,13.735927
2025-07-14 00:00:00,1000,0.5341312,-0.858573,295.63013,84.00874
2025-07-14 00:00:00,925,0.47943455,-0.7777749,291.23047,84.24161
2025-07-14 00:00:00,850,1.1864557,-1.7238331,286.9087,84.36781
2025-07-14 00:00:00,700,5.186701,7.6258926,279.06396,31.35315
2025-07-14 00:00:00,500,13.655276,8.127136,264.00415,15.411004
2025-07-14 01:00:00,1000,0.47413784,-0.7580194,295.3999,87.005005
2025-07-14 01:00:00,925,0.44958115,-0.67553353,291.00952,87.16254
2025-07-14 01:00:00,850,-0.0022763973,-1.0188408,286.5818,87.1832
2025-07-14 01:00:00,700,6.270462,7.066207,278.95117,29.031357
2025-07-14 01:00:00,500,14.051702,7.8628654,264.0327,15.663761
2025-07-14 02:00:00,1000,0.539205,-0.8380526,295.1482,89.95387
2025-07-14 02:00:00,925,0.55898964,-0.75200486,290.76807,90.18216
2025-07-14 02:00:00,850,-0.39950788,-0.92910516,286.2539,89.8327
2025-07-14 02:00:00,700,7.139496,6.3155375,278.8755,24.097214
2025-07-14 02:00:00,500,14.607641,6.869295,263.99194,15.904032
2025-07-14 03:00:00,1000,0.4904908,-0.794159,294.9087,91.41858
2025-07-14 03:00:00,925,0.52417994,-0.72561055,290.5359,91.61699
2025-07-14 03:00:00,850,-0.7340647,-0.7374182,286.042,91.14938
2025-07-14 03:00:00,700,7.591218,5.5894976,279.05835,16.180191
2025-07-14 03:00:00,500,14.887689,5.6513243,263.89185,16.21437
2025-07-14 04:00:00,1000,0.36379963,-0.60998845,294.73145,92.953064
2025-07-14 04:00:00,925,0.4197691,-0.5511066,290.3755,93.302765
2025-07-14 04:00:00,850,-1.2943134,0.06397647,285.95898,91.38362
2025-07-14 04:00:00,700,7.976803,4.9081793,279.57178,9.723831
2025-07-14 04:00:00,500,14.83652,4.6808224,263.67896,16.167938
2025-07-14 05:00:00,1000,0.45571548,-0.45313793,294.61084,94.65643
2025-07-14 05:00:00,925,0.5056672,-0.39031965,290.2693,94.92847
2025-07-14 05:00:00,850,-1.7156448,1.1167736,285.83765,92.19728
2025-07-14 05:00:00,700,8.062437,4.439728,279.75806,8.885256
2025-07-14 05:00:00,500,14.666315,4.262287,263.49512,15.400864
2025-07-14 06:00:00,1000,0.52364784,-0.57935244,294.51025,94.74324
2025-07-14 06:00:00,925,0.5809253,-0.50934124,290.15015,95.031204
2025-07-14 06:00:00,850,-1.6301031,1.5982714,285.55713,95.34956
2025-07-14 06:00:00,700,7.64497,4.1042175,279.49072,9.921763
2025-07-14 06:00:00,500,14.629543,3.9782944,263.50635,13.806795
2025-07-14 07:00:00,1000,-0.15299636,-0.31622082,294.66748,86.1626
2025-07-14 07:00:00,925,-0.11774814,-0.2947483,290.2815,86.0448
2025-07-14 07:00:00,850,-1.3359156,1.6867237,285.50806,95.363144
2025-07-14 07:00:00,700,7.3115873,4.043539,279.49414,11.04963
2025-07-14 07:00:00,500,14.651215,3.5195293,263.67725,14.414025
2025-07-14 08:00:00,1000,-0.56499684,0.67577565,295.98975,74.55577
2025-07-14 08:00:00,925,-0.5240415,0.71125245,291.59595,74.62848
2025-07-14 08:00:00,850,-0.6813324,1.594202,286.1084,90.08836
2025-07-14 08:00:00,700,7.6039257,4.244069,279.87695,12.848723
2025-07-14 08:00:00,500,14.824008,2.9390697,263.94873,22.132492
2025-07-14 09:00:00,1000,0.20244884,1.0405989,297.36792,63.201157
2025-07-14 09:00:00,925,0.22360396,1.0624876,293.05054,61.98941
2025-07-14 09:00:00,850,0.40352643,1.9902077,287.34497,75.12213
2025-07-14 09:00:00,700,7.978653,4.2460537,279.9397,14.711595
2025-07-14 09:00:00,500,15.02258,2.822239,264.28784,34.782745
2025-07-14 10:00:00,1000,0.17261404,1.1866827,298.49048,54.50229
2025-07-14 10:00:00,925,0.15685695,1.2055063,294.14062,53.676147
2025-07-14 10:00:00,850,0.2375837,1.9905987,288.20776,68.73923
2025-07-14 10:00:00,700,5.8277655,4.2675867,279.76147,18.329666
2025-07-14 10:00:00,500,14.823579,4.6768274,264.61768,36.334335
2025-07-14 11:00:00,1000,0.7712542,1.0058556,299.75464,48.108337
2025-07-14 11:00:00,925,0.7357721,1.05235,295.37183,47.583572
2025-07-14 11:00:00,850,1.0716124,1.8680029,289.42554,60.573776
2025-07-14 11:00:00,700,5.7101917,4.3293467,279.7107,18.761505
2025-07-14 11:00:00,500,15.543125,4.325485,264.813,40.13356
2025-07-14 12:00:00,1000,1.4231405,0.8827105,300.92896,42.868515
2025-07-14 12:00:00,925,1.3742876,0.9320485,296.51636,42.51616
2025-07-14 12:00:00,850,2.062871,1.6677914,290.52222,55.157227
2025-07-14 12:00:00,700,5.723014,4.684016,279.53174,19.089859
2025-07-14 12:00:00,500,16.249313,4.3337736,265.16333,41.157852
2025-07-14 13:00:00,1000,2.0660973,0.731846,301.73242,39.245255
2025-07-14 13:00:00,925,1.9924192,0.77137405,297.29004,39.104202
2025-07-14 13:00:00,850,2.9937096,1.369257,291.37427,49.82167
2025-07-14 13:00:00,700,4.987252,4.8182325,279.07568,27.87706
2025-07-14 13:00:00,500,17.185959,4.184992,265.6565,36.19667
2025-07-14 14:00:00,1000,2.5524063,0.3800683,302.51172,35.570297
2025-07-14 14:00:00,925,2.4474344,0.43438435,298.04736,35.411285
2025-07-14 14:00:00,850,3.7484522,0.8348532,292.17944,44.44232
2025-07-14 14:00:00,700,3.96249,4.430231,278.7107,42.15564
2025-07-14 14:00:00,500,17.651794,3.8090534,265.96753,31.89447
2025-07-14 15:00:00,1000,2.8064995,-0.28699988,302.7998,34.627014
2025-07-14 15:00:00,925,2.7034035,-0.21787572,298.34253,34.420242
2025-07-14 15:00:00,850,4.1695833,-0.15036422,292.49146,43.04158
2025-07-14 15:00:00,700,3.5874853,4.6331835,278.92065,44.79564
2025-07-14 15:00:00,500,17.984589,3.2768211,266.06982,34.075882
2025-07-14 16:00:00,1000,2.9209776,-0.9586002,302.54907,36.518524
2025-07-14 16:00:00,925,2.8308249,-0.86237097,298.09888,36.324295
2025-07-14 16:00:00,850,4.434184,-1.3640757,292.28052,45.11653
2025-07-14 16:00:00,700,3.6642885,5.191347,279.49707,38.948013
2025-07-14 16:00:00,500,18.211945,2.4235783,266.0454,39.870575
2025-07-14 17:00:00,1000,2.8687696,-1.3534288,302.01782,38.55249
2025-07-14 17:00:00,925,2.7902174,-1.2428732,297.56616,38.465057
2025-07-14 17:00:00,850,4.462682,-2.1778688,291.78784,47.76277
2025-07-14 17:00:00,700,4.1692696,5.604027,280.08936,30.417847
2025-07-14 17:00:00,500,18.019379,1.9573498,266.04907,43.022293
2025-07-14 18:00:00,1000,2.6447363,-1.7699251,301.14136,40.266785
2025-07-14 18:00:00,925,2.5759916,-1.6664848,296.7063,40.275772
2025-07-14 18:00:00,850,4.392741,-3.0694714,290.9956,49.617508
2025-07-14 18:00:00,700,4.81845,5.7546864,280.406,25.770828
2025-07-14 18:00:00,500,17.959656,1.4619274,266.115,43.112045
2025-07-14 19:00:00,1000,2.2045374,-2.0851002,299.98413,42.809494
2025-07-14 19:00:00,925,2.1790075,-1.9680424,295.56494,42.78543
2025-07-14 19:00:00,850,4.2988777,-4.179859,289.93335,51.488785
2025-07-14 19:00:00,700,5.62055,5.764185,280.8069,20.200638
2025-07-14 19:00:00,500,17.654266,0.86156416,266.05493,43.181015
2025-07-14 20:00:00,1000,1.7763176,-2.0491467,298.57788,47.2787
2025-07-14 20:00:00,925,1.7513523,-1.9095783,294.1792,47.45172
2025-07-14 20:00:00,850,3.748209,-4.718828,288.54956,55.807007
2025-07-14 20:00:00,700,6.7559223,5.069042,281.1438,16.848328
2025-07-14 20:00:00,500,17.143936,0.5336891,265.93066,43.431854
2025-07-14 21:00:00,1000,1.3253984,-1.8018265,297.3794,52.62938
2025-07-14 21:00:00,925,1.3151321,-1.658164,292.97925,52.76248
2025-07-14 21:00:00,850,3.0417967,-4.061143,287.7151,59.641953
2025-07-14 21:00:00,700,7.1240664,4.162241,281.27466,16.532043
2025-07-14 21:00:00,500,16.483246,0.48901677,265.74707,43.91896
2025-07-14 22:00:00,1000,1.0687313,-1.2953959,296.5625,59.42943
2025-07-14 22:00:00,925,1.0436611,-1.1616955,292.1455,59.91597
2025-07-14 22:00:00,850,2.8951197,-2.261962,288.49487,50.86046
2025-07-14 22:00:00,700,7.294098,2.9464455,281.28174,18.919922
2025-07-14 22:00:00,500,16.051956,1.504488,265.8767,35.984375
2025-07-14 23:00:00,1000,0.6350055,-1.1660662,295.8484,64.75098
2025-07-14 23:00:00,925,0.6089681,-1.0201635,291.43896,65.14345
2025-07-14 23:00:00,850,2.2237568,-2.8580112,288.14136,48.83055
2025-07-14 23:00:00,700,8.144174,2.000104,281.21143,25.939468
2025-07-14 23:00:00,500,16.114578,1.1614828,265.6931,34.7334
2024-07-15 00:00:00,1000,1.2160292,2.1236353,296.01514,80.73154
2024-07-15 00:00:00,925,0.9821341,1.9302998,291.61572,80.57385
2024-07-15 00:00:00,850,5.733515,6.7577543,286.59155,89.980316
2024-07-15 00:00:00,700,13.902204,11.507874,278.93677,78.66016
2024-07-15 00:00:00,500,18.113647,14.285287,264.49512,17.23729
2024-07-15 01:00:00,1000,1.2554455,1.9000568,295.4275,84.37631
2024-07-15 01:00:00,925,1.0245256,1.9141874,291.05225,84.181015
2024-07-15 01:00:00,850,6.2277946,6.4285755,286.12476,92.770615
2024-07-15 01:00:00,700,15.518386,11.165054,279.06104,89.22139
2024-07-15 01:00:00,500,19.026413,15.739623,263.8208,26.702606
2024-07-15 02:00:00,1000,1.0805206,1.6201324,294.90942,90.000595
2024-07-15 02:00:00,925,0.95592433,1.5874176,290.54663,89.841095
2024-07-15 02:00:00,850,5.986662,5.281458,285.6765,96.30345
2024-07-15 02:00:00,700,17.875916,9.779246,278.90698,99.24933
2024-07-15 02:00:00,500,20.619308,17.287628,263.2129,31.370392
2024-07-15 03:00:00,1000,1.0040503,1.6499443,294.44116,93.767044
2024-07-15 03:00:00,925,0.8624144,1.6101885,290.04907,93.80083
2024-07-15 03:00:00,850,4.46171,4.3960238,285.50537,98.84383
2024-07-15 03:00:00,700,18.02391,10.208158,278.91675,74.76141
2024-07-15 03:00:00,500,22.86943,17.785324,262.89355,16.396835
2024-07-15 04:00:00,1000,1.1490374,1.524127,294.3103,95.74916
2024-07-15 04:00:00,925,0.9473587,1.5129423,289.93555,95.6293
2024-07-15 04:00:00,850,4.429346,3.9970999,285.48755,99.969925
2024-07-15 04:00:00,700,17.71817,9.853038,278.99585,38.26027
2024-07-15 04:00:00,500,24.67926,16.017105,262.7649,7.0223913
2024-07-15 05:00:00,1000,1.2856493,1.31528,294.3777,96.63289
2024-07-15 05:00:00,925,1.0982599,1.2704086,290.0266,96.55864
2024-07-15 05:00:00,850,5.3136015,3.471364,285.4541,99.890594
2024-07-15 05:00:00,700,16.63881,8.418153,278.5647,29.32962
2024-07-15 05:00:00,500,23.095886,11.956776,262.55176,12.677686
2024-07-15 06:00:00,1000,1.5659866,1.1337128,294.4204,95.411316
2024-07-15 06:00:00,925,1.3973398,1.0542765,290.08618,95.46994
2024-07-15 06:00:00,850,6.5181274,2.7309008,285.34155,96.73128
2024-07-15 06:00:00,700,16.648254,7.6352367,278.44287,17.83258
2024-07-15 06:00:00,500,21.140198,8.418282,262.59814,12.994234
2024-07-15 07:00:00,1000,1.7808294,1.1032505,294.37427,90.64816
2024-07-15 07:00:00,925,1.6287308,0.9830912,290.05005,90.660904
2024-07-15 07:00:00,850,6.4801025,2.3762226,284.92554,93.72896
2024-07-15 07:00:00,700,17.313385,7.9814806,278.3955,16.24678
2024-07-15 07:00:00,500,21.920822,7.678973,262.65942,18.430756
2024-07-15 08:00:00,1000,2.332305,1.0059967,294.3474,85.998825
2024-07-15 08:00:00,925,2.217103,0.88207257,290.06714,85.47739
2024-07-15 08:00:00,850,5.473914,1.9781046,284.5088,94.2715
2024-07-15 08:00:00,700,18.090988,7.9525156,278.60034,15.754719
2024-07-15 08:00:00,500,23.940964,7.733737,262.6848,19.447617
2024-07-15 09:00:00,1000,2.5952492,0.7804358,294.41138,75.87999
2024-07-15 09:00:00,925,2.545722,0.6717907,290.11768,75.44647
2024-07-15 09:00:00,850,4.84673,1.6272383,284.5879,87.30289
2024-07-15 09:00:00,700,18.549332,6.7810173,278.90625,12.534302
2024-07-15 09:00:00,500,24.412964,6.607774,262.71387,22.747513
2024-07-15 10:00:00,1000,2.6221724,0.6840998,294.7798,67.47098
2024-07-15 10:00:00,925,2.4756489,0.5638957,290.4292,67.90765
2024-07-15 10:00:00,850,4.508973,1.1257753,284.84766,80.60512
2024-07-15 10:00:00,700,15.07417,6.6520405,279.4026,9.375763
2024-07-15 10:00:00,500,24.52797,6.394416,263.0078,23.180038
2024-07-15 11:00:00,1000,3.2548218,0.92530936,295.2915,56.597214
2024-07-15 11:00:00,925,3.089901,0.81654805,290.9375,57.039474
2024-07-15 11:00:00,850,5.5491085,1.6714153,285.3557,69.08345
2024-07-15 11:00:00,700,15.128513,5.865673,279.75146,9.616009
2024-07-15 11:00:00,500,23.850906,5.3027916,263.1089,19.79747
2024-07-15 12:00:00,1000,3.844674,0.78520983,295.53052,52.977127
2024-07-15 12:00:00,925,3.6941195,0.68530023,291.18433,53.001556
2024-07-15 12:00:00,850,6.785282,1.5535898,285.5227,65.39293
2024-07-15 12:00:00,700,15.437389,4.772979,279.95703,12.000782
2024-07-15 12:00:00,500,23.368088,5.0292025,263.20508,18.197464
2024-07-15 13:00:00,1000,4.0047636,0.5889693,295.8247,50.83139
2024-07-15 13:00:00,925,3.8731146,0.5173365,291.5027,50.592743
2024-07-15 13:00:00,850,7.16092,1.2932625,285.77466,62.86992
2024-07-15 13:00:00,700,15.83937,3.7161388,280.042,13.755134
2024-07-15 13:00:00,500,23.38144,4.3616753,263.3059,17.668442
2024-07-15 14:00:00,1000,4.286482,0.5379058,296.23755,49.013977
2024-07-15 14:00:00,925,4.1265306,0.46472406,291.9082,48.95694
2024-07-15 14:00:00,850,7.627595,1.0648756,286.2495,59.815125
2024-07-15 14:00:00,700,15.876319,2.718502,279.90405,15.297198
2024-07-15 14:00:00,500,23.284042,3.5858784,263.3916,17.590424
2024-07-15 15:00:00,1000,4.232136,0.36962974,296.79883,46.733246
2024-07-15 15:00:00,925,4.0826054,0.3050576,292.46753,46.561096
2024-07-15 15:00:00,850,7.645937,0.77922094,286.8059,56.83995
2024-07-15 15:00:00,700,15.763078,1.9252758,279.66138,17.391068
2024-07-15 15:00:00,500,23.345352,2.8741236,263.5349,17.246841
2024-07-15 16:00:00,1000,4.0319586,0.28891087,296.91113,45.970856
2024-07-15 16:00:00,925,3.8914862,0.22112173,292.56714,45.717545
2024-07-15 16:00:00,850,7.328433,0.5885159,287.0017,54.64496
2024-07-15 16:00:00,700,15.377789,1.3745337,279.50977,18.736115
2024-07-15 16:00:00,500,23.174103,1.9171009,263.75977,16.593536
2024-07-15 17:00:00,1000,3.7871761,0.18168515,296.6648,47.34993
2024-07-15 17:00:00,925,3.6601124,0.09475738,292.29736,47.45424
2024-07-15 17:00:00,850,6.9828424,0.36511654,286.80005,55.860962
2024-07-15 17:00:00,700,14.460701,1.1526785,279.40112,18.728745
2024-07-15 17:00:00,500,22.432861,1.1091595,263.98877,15.259077
2024-07-15 18:00:00,1000,3.461133,-0.0121765435,296.11304,50.39389
2024-07-15 18:00:00,925,3.3463335,-0.10879129,291.76147,50.16971
2024-07-15 18:00:00,850,6.6064835,0.020968974,286.2998,59.910004
2024-07-15 18:00:00,700,13.316875,1.35254,279.46313,19.016922
2024-07-15 18:00:00,500,21.552185,0.114254355,264.14917,12.424702
2024-07-15 19:00:00,1000,2.9764566,-0.2986822,295.38403,54.126328
2024-07-15 19:00:00,925,2.8614597,-0.41156858,291.042,54.07582
2024-07-15 19:00:00,850,6.0536585,-0.58655614,285.63843,64.48157
2024-07-15 19:00:00,700,12.576658,1.5261097,279.6753,19.262268
2024-07-15 19:00:00,500,20.414337,-0.6518311,264.25513,9.084485
2024-07-15 20:00:00,1000,2.248927,-0.40805173,294.5166,58.3257
2024-07-15 20:00:00,925,2.0855112,-0.53780925,290.1819,58.589676
2024-07-15 20:00:00,850,5.636904,-1.067915,284.79736,69.15764
2024-07-15 20:00:00,700,11.955797,1.3402452,279.86377,18.254333
2024-07-15 20:00:00,500,18.987595,-0.8433058,264.33374,7.359892
2024-07-15 21:00:00,1000,1.9808044,-0.5801846,293.54907,63.282547
2024-07-15 21:00:00,925,1.8189468,-0.7263987,289.23486,63.40399
2024-07-15 21:00:00,850,4.94843,-1.5480499,283.8684,75.10179
2024-07-15 21:00:00,700,11.280807,0.9572392,280.19165,14.642953
2024-07-15 21:00:00,500,17.721725,-0.51893276,264.3452,7.2600203
2024-07-15 22:00:00,1000,1.5966396,-0.35658014,292.6516,75.11235
2024-07-15 22:00:00,925,1.4331541,-0.49226636,288.35303,75.21396
2024-07-15 22:00:00,850,4.0656185,-0.7500257,282.97168,88.75215
2024-07-15 22:00:00,700,9.2337885,1.7757969,280.66284,10.11568
2024-07-15 22:00:00,500,16.657684,0.5689005,264.37183,7.9130325
2024-07-15 23:00:00,1000,1.3914909,-0.58699924,292.0298,78.88568
2024-07-15 23:00:00,925,1.220212,-0.7249451,287.73438,78.734985
2024-07-15 23:00:00,850,3.8788986,-1.2340822,282.51025,91.01222
2024-07-15 23:00:00,700,9.160181,1.6562538,280.5996,8.765254
2024-07-15 23:00:00,500,16.014175,0.35909998,264.42456,8.467793
2024-07-16 00:00:00,1000,1.3328476,-0.83211845,291.50952,82.02222
2024-07-16 00:00:00,925,1.160202,-0.96951693,287.21777,81.88637
2024-07-16 00:00:00,850,3.6887693,-1.6723318,282.17285,90.46278
2024-07-16 00:00:00,700,8.728448,1.353591,280.4922,7.9593525
2024-07-16 00:00:00,500,15.300277,0.42148066,264.40942,8.97472
2024-07-16 01:00:00,1000,1.2387409,-1.1205711,290.95874,85.57724
2024-07-16 01:00:00,925,1.0786009,-1.2421846,286.67065,85.551834
2024-07-16 01:00:00,850,3.6307268,-2.3481293,281.8816,87.64728
2024-07-16 01:00:00,700,8.230317,0.9127925,280.31055,8.107436
2024-07-16 01:00:00,500,14.462858,0.53365684,264.3308,9.113974
2024-07-16 02:00:00,1000,1.1487331,-1.1736479,290.43262,88.9944
2024-07-16 02:00:00,925,1.0021172,-1.2680635,286.15405,88.76787
2024-07-16 02:00:00,850,3.4634008,-2.670373,281.94556,73.57573
2024-07-16 02:00:00,700,7.693082,0.67234963,280.31274,8.287314
2024-07-16 02:00:00,500,13.577168,0.88739014,264.27734,9.031237
2024-07-16 03:00:00,1000,1.1187305,-1.1421652,289.97363,91.11943
2024-07-16 03:00:00,925,0.9941311,-1.2163067,285.68506,91.23599
2024-07-16 03:00:00,850,3.1212473,-2.7209892,282.31006,57.057663
2024-07-16 03:00:00,700,7.526991,0.67278534,280.38672,8.662996
2024-07-16 03:00:00,500,12.986233,0.9923672,264.23828,8.980146
2024-07-16 04:00:00,1000,1.0650816,-1.2174454,289.57983,92.2001
2024-07-16 04:00:00,925,0.95111954,-1.2894096,285.27808,92.666504
2024-07-16 04:00:00,850,2.5114279,-3.1618347,282.48755,52.718124
2024-07-16 04:00:00,700,7.2323895,0.6359082,280.25537,9.317381
2024-07-16 04:00:00,500,12.504386,1.1049299,264.20728,9.249151
2024-07-16 05:00:00,1000,0.9124128,-1.1075563,289.2871,91.98012
2024-07-16 05:00:00,925,0.8142885,-1.1530685,284.99512,92.45393
2024-07-16 05:00:00,850,1.3938112,-3.2155046,282.7268,52.992645
2024-07-16 05:00:00,700,7.47007,-0.11480725,280.11548,10.003958
2024-07-16 05:00:00,500,11.958725,0.8064771,264.1233,9.759828
2024-07-16 06:00:00,1000,0.8568125,-0.96775013,289.1521,89.698715
2024-07-16 06:00:00,925,0.7784435,-1.0165548,284.86597,90.00015
2024-07-16 06:00:00,850,0.1132772,-2.6290522,283.0442,49.302246
2024-07-16 06:00:00,700,7.545271,-1.1273918,280.0171,10.856101
2024-07-16 06:00:00,500,11.298968,0.6945634,264.13257,10.839438
2024-07-16 07:00:00,1000,0.63358283,-0.87616676,289.81836,79.68405
2024-07-16 07:00:00,925,0.61216205,-0.9028039,285.49683,79.81015
2024-07-16 07:00:00,850,-0.9430318,-1.727498,283.3003,45.56842
2024-07-16 07:00:00,700,7.3553476,-1.741147,280.20044,11.296151
2024-07-16 07:00:00,500,11.144495,0.32661325,264.25415,12.309361
2024-07-16 08:00:00,1000,0.2012443,-0.70852655,291.6211,65.31972
2024-07-16 08:00:00,925,0.20581889,-0.7381917,287.29858,65.1494
2024-07-16 08:00:00,850,-1.4836473,-0.77264816,283.30835,44.25142
2024-07-16 08:00:00,700,7.545046,-2.2016382,280.50098,11.644265
2024-07-16 08:00:00,500,10.817608,-0.21684068,264.35962,13.477285
2024-07-16 09:00:00,1000,-0.36437786,-0.33665693,293.54565,50.103104
2024-07-16 09:00:00,925,-0.36219656,-0.35348123,289.2058,49.34059
2024-07-16 09:00:00,850,-1.0042076,-0.20364785,283.71875,57.60898
2024-07-16 09:00:00,700,7.2835703,-2.4292145,280.52905,12.26853
2024-07-16 09:00:00,500,10.189315,0.1414696,264.46997,14.045422
2024-07-16 10:00:00,1000,-0.3596595,-0.21593851,294.3098,46.603683
2024-07-16 10:00:00,925,-0.3806631,-0.21104741,289.94116,46.18393
2024-07-16 10:00:00,850,-0.7753415,-0.17945963,284.40137,54.3313
2024-07-16 10:00:00,700,6.9138355,-2.9096518,280.65576,12.388711
2024-07-16 10:00:00,500,9.069134,1.459506,264.68677,13.473036
2024-07-16 11:00:00,1000,-0.33200073,0.11227852,296.1189,40.35977
2024-07-16 11:00:00,925,-0.34713477,0.13202953,291.7141,40.36966
2024-07-16 11:00:00,850,-0.6829519,0.30531108,286.04395,47.243225
2024-07-16 11:00:00,700,5.93944,-2.3071356,280.4358,13.441123
2024-07-16 11:00:00,500,9.113158,2.0801764,264.70654,13.222905
2024-07-16 12:00:00,1000,-0.15716767,0.30583,297.7705,35.693222
2024-07-16 12:00:00,925,-0.19562036,0.35974932,293.344,35.711105
2024-07-16 12:00:00,850,-0.38269347,0.58811104,287.5891,42.23404
2024-07-16 12:00:00,700,5.143607,-1.420722,280.43457,13.991038
2024-07-16 12:00:00,500,10.0976,2.7273054,264.92456,12.602753
2024-07-16 13:00:00,1000,0.20990425,0.23312712,299.15283,32.863495
2024-07-16 13:00:00,925,0.17263192,0.29939336,294.70435,32.944885
2024-07-16 13:00:00,850,0.14910215,0.47475958,288.9204,39.297974
2024-07-16 13:00:00,700,4.5301876,-0.38226485,280.3811,14.255974
2024-07-16 13:00:00,500,11.156224,3.005371,265.19043,11.881181
2024-07-16 14:00:00,1000,0.6888778,-0.06855506,300.19678,31.459396
2024-07-16 14:00:00,925,0.63726276,0.020768877,295.7522,31.386581
2024-07-16 14:00:00,850,0.83970344,0.037216164,289.96045,37.06485
2024-07-16 14:00:00,700,4.3306427,0.54608667,280.1958,14.742942
2024-07-16 14:00:00,500,11.348211,3.2708063,265.2622,11.501939
2024-07-16 15:00:00,1000,0.80382735,-0.12690812,300.97607,30.96437
2024-07-16 15:00:00,925,0.7432482,-0.04524472,296.5349,30.728485
2024-07-16 15:00:00,850,0.94414675,-0.048938066,290.75732,36.35855
2024-07-16 15:00:00,700,4.3003807,1.3719301,280.2246,14.3717
2024-07-16 15:00:00,500,11.656646,3.9305668,265.1963,11.267436
2024-07-16 16:00:00,1000,0.852232,-0.099342585,301.4956,31.269852
2024-07-16 16:00:00,925,0.79735595,-0.020751331,297.06396,30.972961
2024-07-16 16:00:00,850,0.9256189,0.0045578703,291.33618,36.134552
2024-07-16 16:00:00,700,4.1798515,1.8190851,280.2827,14.362162
2024-07-16 16:00:00,500,12.196688,4.164422,265.34204,11.362531
2024-07-16 17:00:00,1000,1.0110207,-0.08267343,301.74683,32.328644
2024-07-16 17:00:00,925,0.9841222,-0.024344306,297.33472,31.973358
2024-07-16 17:00:00,850,1.0382519,0.04115416,291.60498,37.98671
2024-07-16 17:00:00,700,3.7111788,2.3395767,280.2959,14.456941
2024-07-16 17:00:00,500,12.792775,3.8963509,265.7141,11.444212
2024-07-16 18:00:00,1000,1.2524691,-0.32657707,301.625,35.19258
2024-07-16 18:00:00,925,1.3106337,-0.26292282,297.1941,34.899094
2024-07-16 18:00:00,850,1.2933912,-0.46396267,291.49854,41.61107
2024-07-16 18:00:00,700,2.4795132,3.0424242,280.1194,17.749512
2024-07-16 18:00:00,500,13.004433,3.8730736,265.94336,11.831684
2024-07-16 19:00:00,1000,1.2550764,-0.5769691,300.9641,41.61949
2024-07-16 19:00:00,925,1.3539343,-0.5353091,296.51074,41.45558
2024-07-16 19:00:00,850,1.7991438,-1.2816896,290.97217,46.21405
2024-07-16 19:00:00,700,1.806961,3.597663,280.2146,20.591187
2024-07-16 19:00:00,500,13.194135,3.737465,266.02637,14.775957
2024-07-16 20:00:00,1000,1.2795916,-0.8276587,299.95923,49.02382
2024-07-16 20:00:00,925,1.3393078,-0.84775186,295.52222,48.863907
2024-07-16 20:00:00,850,1.2667179,-1.794136,290.21094,50.956512
2024-07-16 20:00:00,700,2.1671457,3.5958548,280.48633,19.076767
2024-07-16 20:00:00,500,12.987773,3.5717688,266.06274,21.20848
2024-07-16 21:00:00,1000,1.0989733,-1.0541983,298.95215,55.929123
2024-07-16 21:00:00,925,1.1319456,-1.1194105,294.5332,55.966537
2024-07-16 21:00:00,850,-0.30941403,-1.4815645,289.67676,53.724136
2024-07-16 21:00:00,700,2.964858,3.681614,280.48633,16.66742
2024-07-16 21:00:00,500,12.815427,3.500432,266.16943,30.278687
2024-07-16 22:00:00,1000,0.66712576,-0.87150913,297.2649,66.60904
2024-07-16 22:00:00,925,0.6472097,-0.95368326,292.83594,66.81398
2024-07-16 22:00:00,850,-0.8726738,0.096925616,289.0166,56.87062
2024-07-16 22:00:00,700,1.4104729,4.9349556,280.43604,18.384338
2024-07-16 22:00:00,500,12.167353,1.4831743,266.4536,28.87033
2024-07-16 23:00:00,1000,-0.059034888,-0.6029851,297.125,70.47456
2024-07-16 23:00:00,925,-0.07458633,-0.6137501,292.69238,70.860275
2024-07-16 23:00:00,850,-2.709279,0.2987582,288.92285,56.186172
2024-07-16 23:00:00,700,2.9145613,5.648201,280.45532,15.541813
2024-07-16 23:00:00,500,10.777066,1.9157152,266.2102,33.42221
2024-07-17 00:00:00,1000,-0.7641468,-0.27344245,297.00366,72.87727
2024-07-17 00:00:00,925,-0.7455988,-0.24253368,292.58618,73.34062
2024-07-17 00:00:00,850,-4.2629595,0.7214659,288.20605,61.043518
2024-07-17 00:00:00,700,3.9816132,5.6947775,280.84204,11.195023
2024-07-17 00:00:00,500,9.278064,2.576003,265.90918,34.935333
2024-07-17 01:00:00,1000,-1.2834482,0.100198746,296.32446,73.59155
2024-07-17 01:00:00,925,-1.2157564,0.14475095,291.9131,73.76247
2024-07-17 01:00:00,850,-4.6905546,1.3005428,287.2959,68.426346
2024-07-17 01:00:00,700,4.367779,5.1825924,281.13232,10.135926
2024-07-17 01:00:00,500,8.118203,2.9845781,265.41748,36.176895
2024-07-17 02:00:00,1000,-1.5479927,0.3395381,295.3047,76.12993
2024-07-17 02:00:00,925,-1.461442,0.38689792,290.8933,75.89899
2024-07-17 02:00:00,850,-4.789857,1.6902647,286.55762,73.684814
2024-07-17 02:00:00,700,4.7204494,4.463483,281.2644,10.655822
2024-07-17 02:00:00,500,7.4796085,3.9195023,265.0293,36.29854
2024-07-17 03:00:00,1000,-1.5828209,0.3565678,294.24634,80.37309
2024-07-17 03:00:00,925,-1.5165625,0.40117478,289.8169,79.920166
2024-07-17 03:00:00,850,-5.2490396,1.8273869,286.06494,74.4574
2024-07-17 03:00:00,700,4.7522964,3.8213139,281.32544,11.09575
2024-07-17 03:00:00,500,7.2659073,4.8704967,264.7339,34.99008
2024-07-17 04:00:00,1000,-1.5268793,0.31268865,293.41577,84.735596
2024-07-17 04:00:00,925,-1.4683943,0.3508069,288.9817,84.30495
2024-07-17 04:00:00,850,-5.850706,2.020028,285.83472,71.869125
2024-07-17 04:00:00,700,4.6733856,3.4425335,281.40894,11.497369
2024-07-17 04:00:00,500,7.536152,5.1584578,264.47192,33.05754
2024-07-17 05:00:00,1000,-1.293231,0.30371684,292.94678,87.59804
2024-07-17 05:00:00,925,-1.2364044,0.33970362,288.5044,87.26724
2024-07-17 05:00:00,850,-6.1117163,2.2779322,285.86963,67.6429
2024-07-17 05:00:00,700,4.4467745,3.1176615,281.50952,12.085687
2024-07-17 05:00:00,500,7.929281,4.944293,264.33813,30.656479
2024-07-17 06:00:00,1000,-0.9240448,0.24809045,292.8423,87.695175
2024-07-17 06:00:00,925,-0.87182885,0.28444445,288.40796,87.252335
2024-07-17 06:00:00,850,-5.4034414,2.6346636,286.1089,64.393295
2024-07-17 06:00:00,700,4.5772867,2.8104544,281.46802,12.92821
2024-07-17 06:00:00,500,8.432526,4.8155804,264.3042,27.76712
2024-07-17 07:00:00,1000,-1.1540575,0.25244904,293.07544,78.85246
2024-07-17 07:00:00,925,-1.1318903,0.23925507,288.6665,78.56674
2024-07-17 07:00:00,850,-4.5675735,2.9588137,286.4253,62.86685
2024-07-17 07:00:00,700,4.2876654,2.5077705,281.31616,13.71009
2024-07-17 07:00:00,500,8.907316,4.953644,264.3694,24.925217
2024-07-17 08:00:00,1000,-1.3621979,0.41990405,294.65576,67.75528
2024-07-17 08:00:00,925,-1.3284321,0.35557294,290.21338,67.98561
2024-07-17 08:00:00,850,-3.356762,3.128994,286.58374,63.034576
2024-07-17 08:00:00,700,3.8306532,2.7251682,281.28906,14.413854
2024-07-17 08:00:00,500,10.094611,5.0329456,264.5835,22.380829
2024-07-17 09:00:00,1000,-1.2406836,0.66358197,296.5879,59.612427
2024-07-17 09:00:00,925,-1.2115993,0.6101555,292.1858,59.95848
2024-07-17 09:00:00,850,-1.8811092,2.2908773,286.91528,68.71747
2024-07-17 09:00:00,700,3.6784735,3.4155903,281.32642,15.071787
2024-07-17 09:00:00,500,10.895622,4.8559885,264.73267,23.362762
2024-07-17 10:00:00,1000,-0.7722328,0.92375046,298.2981,51.97165
2024-07-17 10:00:00,925,-0.7566492,0.8762597,293.88916,52.31653
2024-07-17 10:00:00,850,-0.85091317,2.0981684,288.219,61.90442
2024-07-17 10:00:00,700,4.360449,5.222354,282.09473,16.86444
2024-07-17 10:00:00,500,12.39576,3.136036,264.78223,40.227585
2024-07-17 11:00:00,1000,-0.27640074,1.330698,300.40088,43.45627
2024-07-17 11:00:00,925,-0.22059125,1.3342867,296.04297,42.83049
2024-07-17 11:00:00,850,-0.20064563,2.4150763,290.1516,53.01236
2024-07-17 11:00:00,700,4.5543623,5.7371693,281.82446,18.202896
2024-07-17 11:00:00,500,11.739268,3.19658,264.88135,51.533737
2024-07-17 12:00:00,1000,0.3088625,1.5936232,302.10376,37.304016
2024-07-17 12:00:00,925,0.38346463,1.6471987,297.7378,36.40883
2024-07-17 12:00:00,850,0.6421302,2.6726208,291.8357,45.02278
2024-07-17 12:00:00,700,4.824939,6.3305817,281.65552,21.120193
2024-07-17 12:00:00,500,10.936995,3.7527494,265.01978,54.64102
2024-07-17 13:00:00,1000,1.055049,1.4933367,303.40137,33.345078
2024-07-17 13:00:00,925,1.1082048,1.5732136,299.0244,32.355835
2024-07-17 13:00:00,850,1.6869469,2.4809017,293.08325,39.950775
2024-07-17 13:00:00,700,5.0145845,6.5336123,281.615,23.3367
2024-07-17 13:00:00,500,10.54787,4.41485,265.10156,48.97258
2024-07-17 14:00:00,1000,1.6027336,1.2031803,304.2693,31.232681
2024-07-17 14:00:00,925,1.6493435,1.2742004,299.88306,30.167603
2024-07-17 14:00:00,850,2.4052181,2.0230742,293.95312,37.125244
2024-07-17 14:00:00,700,4.7199516,6.4697065,281.57837,23.91121
2024-07-17 14:00:00,500,10.11163,5.3342924,265.19873,39.37401
2024-07-17 15:00:00,1000,1.9304962,0.88301873,304.81323,30.057129
2024-07-17 15:00:00,925,1.9913406,0.9401848,300.4182,29.203354
2024-07-17 15:00:00,850,2.850953,1.5360641,294.5437,35.03528
2024-07-17 15:00:00,700,3.6818438,6.205246,281.08154,33.192184
2024-07-17 15:00:00,500,9.718743,6.2467213,265.30005,30.07434
2024-07-17 16:00:00,1000,2.122098,0.59798944,305.03857,29.942017
2024-07-17 16:00:00,925,2.1888885,0.633437,300.6194,29.455856
2024-07-17 16:00:00,850,3.126873,1.1006975,294.84033,34.07596
2024-07-17 16:00:00,700,2.4657726,5.8589163,280.6665,43.870422
2024-07-17 16:00:00,500,9.81431,6.793625,265.46655,23.984894
2024-07-17 17:00:00,1000,2.1859064,0.24412096,304.9668,30.964645
2024-07-17 17:00:00,925,2.2571383,0.2507394,300.5276,30.66034
2024-07-17 17:00:00,850,3.334875,0.47664165,294.8296,34.850037
2024-07-17 17:00:00,700,1.4583836,5.7261353,280.57666,48.169968
2024-07-17 17:00:00,500,10.219907,6.8537436,265.7173,21.534958
2024-07-17 18:00:00,1000,2.0177689,0.030828048,304.54346,33.96286
2024-07-17 18:00:00,925,2.0932636,-0.0018695034,300.0686,34.046173
2024-07-17 18:00:00,850,3.4815645,-0.14023834,294.43115,38.080063
2024-07-17 18:00:00,700,0.69396967,6.579338,280.833,43.361694
2024-07-17 18:00:00,500,11.131004,6.8168287,266.0835,22.612976
2024-07-17 19:00:00,1000,1.6000528,-0.041134883,303.78247,41.09227
2024-07-17 19:00:00,925,1.6730843,-0.086099684,299.26343,41.921875
2024-07-17 19:00:00,850,3.6428986,-0.64566797,293.68896,43.310425
2024-07-17 19:00:00,700,0.42678368,7.2830486,281.01978,37.34494
2024-07-17 19:00:00,500,11.807116,6.7552204,266.47144,23.075165
2024-07-17 20:00:00,1000,1.4962931,-0.012365617,302.885,47.261917
2024-07-17 20:00:00,925,1.5042982,-0.0445161,298.3689,48.488647
2024-07-17 20:00:00,850,3.406559,-0.88202715,292.8999,48.516205
2024-07-17 20:00:00,700,0.7752429,7.480239,281.01953,32.9337
2024-07-17 20:00:00,500,11.87944,7.0927763,266.7744,19.07425
2024-07-17 21:00:00,1000,1.4936695,-0.3652677,302.0979,53.536606
2024-07-17 21:00:00,925,1.4946136,-0.39216328,297.62427,54.818283
2024-07-17 21:00:00,850,2.722581,-0.8948008,292.22314,53.046875
2024-07-17 21:00:00,700,1.376503,6.998602,280.91797,30.73787
2024-07-17 21:00:00,500,11.603523,7.9023714,266.99878,13.179206
2024-07-17 22:00:00,1000,1.4422903,-0.6792483,301.3706,58.525894
2024-07-17 22:00:00,925,1.4465513,-0.6916848,296.90234,59.796005
2024-07-17 22:00:00,850,2.3148413,0.28998846,291.97388,53.65271
2024-07-17 22:00:00,700,1.8625908,6.17472,281.05078,33.162933
2024-07-17 22:00:00,500,11.818026,7.4594193,266.94604,9.835072
2024-07-17 23:00:00,1000,1.2445526,-0.66891986,300.64307,65.614975
2024-07-17 23:00:00,925,1.2404547,-0.63525707,296.2141,66.71234
2024-07-17 23:00:00,850,1.8566265,0.64049715,291.96802,52.354385
2024-07-17 23:00:00,700,2.8788147,6.2699566,280.96826,33.65172
2024-07-17 23:00:00,500,11.520544,8.796238,266.8623,7.727562
2024-07-18 00:00:00,1000,1.0836706,-0.42719465,300.25537,71.17584
2024-07-18 00:00:00,925,1.0826082,-0.38939416,295.87622,72.3138
2024-07-18 00:00:00,850,1.4567671,1.523757,292.01758,50.509277
2024-07-18 00:00:00,700,3.3330812,6.8955956,280.85474,34.658875
2024-07-18 00:00:00,500,11.357826,10.341554,266.70117,6.662327
2024-07-18 01:00:00,1000,1.0021954,-0.2902153,300.1172,76.81409
2024-07-18 01:00:00,925,0.9907493,-0.25410497,295.73413,77.99713
2024-07-18 01:00:00,850,1.4851255,2.1816921,291.948,50.03482
2024-07-18 01:00:00,700,3.420538,7.3277607,280.69067,36.491516
2024-07-18 01:00:00,500,11.337871,11.507258,266.53418,6.183213
2024-07-18 02:00:00,1000,0.96874934,-0.32623416,299.9043,80.76242
2024-07-18 02:00:00,925,0.94068146,-0.27566868,295.52124,81.6584
2024-07-18 02:00:00,850,1.7124414,2.2318802,291.69116,51.20848
2024-07-18 02:00:00,700,3.4386435,7.402199,280.5874,37.072983
2024-07-18 02:00:00,500,10.7663355,11.906342,266.32153,6.442479
2024-07-18 03:00:00,1000,0.8479275,-0.2562645,299.59985,82.97276
2024-07-18 03:00:00,925,0.8167676,-0.20350713,295.20483,83.30635
2024-07-18 03:00:00,850,1.6773653,1.9706907,291.312,53.299957
2024-07-18 03:00:00,700,3.9680977,7.48792,280.5271,36.402527
2024-07-18 03:00:00,500,10.169526,11.756578,266.16284,6.4878206
2024-07-18 04:00:00,1000,0.7043014,-0.14642328,299.32666,84.00935
2024-07-18 04:00:00,925,0.6803377,-0.09906787,294.96143,83.9545
2024-07-18 04:00:00,850,1.4280443,1.8318624,290.95898,55.003403
2024-07-18 04:00:00,700,4.935341,7.0056353,280.46924,34.966675
2024-07-18 04:00:00,500,10.031406,11.22771,266.15625,6.2103214
2024-07-18 05:00:00,1000,0.64820045,-0.0269115,299.11963,83.74219
2024-07-18 05:00:00,925,0.6363571,0.012708247,294.75024,83.64729
2024-07-18 05:00:00,850,1.2713566,1.9803667,290.67163,55.71747
2024-07-18 05:00:00,700,5.77769,6.0357895,280.4497,33.350586
2024-07-18 05:00:00,500,10.3074875,10.905319,266.13623,6.0099306
2024-07-18 06:00:00,1000,0.59969264,0.10388595,298.97168,80.78705
2024-07-18 06:00:00,925,0.56550926,0.11896396,294.64868,80.695175
2024-07-18 06:00:00,850,1.3823929,2.0205936,290.4973,54.8284
2024-07-18 06:00:00,700,6.4198685,4.880417,280.5276,32.034836
2024-07-18 06:00:00,500,11.049704,10.926381,265.99292,5.899022
2024-07-18 07:00:00,1000,0.2674896,0.3063799,298.8623,73.44241
2024-07-18 07:00:00,925,0.21166623,0.28916663,294.43408,73.54216
2024-07-18 07:00:00,850,1.539362,2.0018845,290.37964,53.561447
2024-07-18 07:00:00,700,6.7347383,4.1114264,280.58447,32.823868
2024-07-18 07:00:00,500,12.073793,11.191563,265.8025,5.8804064
2024-07-18 08:00:00,1000,0.37334007,0.7464847,299.30298,58.801834
2024-07-18 08:00:00,925,0.33662015,0.717535,294.79248,58.86284
2024-07-18 08:00:00,850,1.580904,2.0358362,290.19995,53.537567
2024-07-18 08:00:00,700,6.8401556,3.9941368,280.53125,34.87793
2024-07-18 08:00:00,500,12.894659,11.014086,265.7107,5.914133
2024-07-18 09:00:00,1000,0.7099707,0.8911737,300.73242,48.000336
2024-07-18 09:00:00,925,0.6700149,0.85424423,296.24365,48.258957
2024-07-18 09:00:00,850,1.2964478,1.6151476,290.54663,58.242783
2024-07-18 09:00:00,700,6.9607334,4.1593485,280.47485,36.828934
2024-07-18 09:00:00,500,13.09553,10.630617,265.70825,5.833823
2024-07-18 10:00:00,1000,1.0396824,0.5656395,301.75513,43.403748
2024-07-18 10:00:00,925,0.97698647,0.53106314,297.22656,44.057617
2024-07-18 10:00:00,850,1.5300465,1.0534,291.48364,52.167664
2024-07-18 10:00:00,700,6.8143997,3.7072868,279.98706,36.549408
2024-07-18 10:00:00,500,12.903512,10.410709,265.70264,5.026107
2024-07-18 11:00:00,1000,1.3914051,0.78371876,303.03662,37.62822
2024-07-18 11:00:00,925,1.3713083,0.79073375,298.57373,37.314056
2024-07-18 11:00:00,850,2.094057,1.360218,292.72485,45.01445
2024-07-18 11:00:00,700,6.333843,3.7612343,279.86108,39.695312
2024-07-18 11:00:00,500,12.219062,11.071658,265.44092,5.4764433
2024-07-18 12:00:00,1000,2.054493,0.8373473,304.15088,31.793182
2024-07-18 12:00:00,925,2.026472,0.8688839,299.71484,30.45459
2024-07-18 12:00:00,850,3.0922813,1.4933577,293.79028,37.761353
2024-07-18 12:00:00,700,6.0492134,3.964158,280.0127,37.798874
2024-07-18 12:00:00,500,12.0469675,11.933438,265.4087,4.7646675
2024-07-18 13:00:00,1000,2.6538363,0.8170964,304.67114,29.970413
2024-07-18 13:00:00,925,2.6418571,0.85358614,300.24,28.649994
2024-07-18 13:00:00,850,4.0666475,1.5176172,294.30542,36.161697
2024-07-18 13:00:00,700,5.020418,4.0886793,279.77588,47.84108
2024-07-18 13:00:00,500,12.012515,11.316163,265.4856,4.3310213
2024-07-18 14:00:00,1000,3.0408468,0.8239998,304.7544,29.983688
2024-07-18 14:00:00,925,3.0328074,0.84539115,300.30835,28.899857
2024-07-18 14:00:00,850,4.816161,1.6722727,294.42896,35.208237
2024-07-18 14:00:00,700,4.628845,4.636423,279.77148,52.400757
2024-07-18 14:00:00,500,11.49216,9.3381815,265.31592,4.7396307
2024-07-18 15:00:00,1000,3.1241493,0.58069825,304.60498,31.406693
2024-07-18 15:00:00,925,3.1196537,0.59200233,300.16064,30.485779
2024-07-18 15:00:00,850,5.163124,1.3217955,294.31665,36.735367
2024-07-18 15:00:00,700,5.1279316,5.077121,279.97803,48.91127
2024-07-18 15:00:00,500,11.4921665,7.9476604,264.97632,6.7146893
2024-07-18 16:00:00,1000,2.87212,0.22585344,304.50317,33.21901
2024-07-18 16:00:00,925,2.896369,0.24042219,300.06958,32.19345
2024-07-18 16:00:00,850,4.7717266,0.7492133,294.23975,38.86702
2024-07-18 16:00:00,700,5.7203655,5.2479143,280.29834,42.243332
2024-07-18 16:00:00,500,12.61542,6.9777613,264.62085,11.585128
2024-07-18 17:00:00,1000,2.496292,0.13684398,304.33643,35.55449
2024-07-18 17:00:00,925,2.5512094,0.11182892,299.89282,34.738922
2024-07-18 17:00:00,850,4.140129,0.6332194,294.1338,41.41812
2024-07-18 17:00:00,700,6.253952,4.920681,280.6526,36.481674
2024-07-18 17:00:00,500,13.956229,6.0826406,264.05005,27.799988
2024-07-18 18:00:00,1000,2.1010847,0.04583722,304.06396,38.830658
2024-07-18 18:00:00,925,2.1483479,-0.001425514,299.58813,38.60457
2024-07-18 18:00:00,850,3.577365,0.29259372,293.8955,45.108124
2024-07-18 18:00:00,700,6.1561127,4.6495504,280.9375,32.552246
2024-07-18 18:00:00,500,14.225189,5.3323174,263.41968,52.85617
2024-07-18 19:00:00,1000,1.5631666,-0.12443906,303.5901,44.060608
2024-07-18 19:00:00,925,1.6104355,-0.14872211,299.08643,44.345367
2024-07-18 19:00:00,850,3.3964481,-0.07392138,293.46973,48.770844
2024-07-18 19:00:00,700,5.9210796,4.8568087,281.07275,31.370651
2024-07-18 19:00:00,500,13.730446,5.015793,263.16357,59.135254
2024-07-18 20:00:00,1000,1.3890009,-0.34566605,302.97314,49.53618
2024-07-18 20:00:00,925,1.4196692,-0.34818602,298.50513,49.978806
2024-07-18 20:00:00,850,3.181347,-0.5071798,292.9663,52.402115
2024-07-18 20:00:00,700,5.917532,5.2109756,281.21997,30.134277
2024-07-18 20:00:00,500,13.030148,4.582032,263.2141,47.913177
2024-07-18 21:00:00,1000,1.2918978,-0.6751785,302.32642,55.303192
2024-07-18 21:00:00,925,1.3066435,-0.6808911,297.87598,56.004517
2024-07-18 21:00:00,850,2.368865,-0.69669634,292.46948,55.386276
2024-07-18 21:00:00,700,6.0260468,5.881426,281.28394,30.408356
2024-07-18 21:00:00,500,12.137029,3.9693718,263.11572,41.78801
2024-07-18 22:00:00,1000,1.2278032,-0.74448836,301.84033,59.859894
2024-07-18 22:00:00,925,1.211297,-0.7595817,297.4026,59.919907
2024-07-18 22:00:00,850,1.7003155,0.41772866,292.5598,54.59662
2024-07-18 22:00:00,700,5.170698,7.307144,281.63672,33.58423
2024-07-18 22:00:00,500,11.830109,3.2142086,262.71655,39.542297
2024-07-18 23:00:00,1000,1.1236067,-0.6427997,301.38208,65.39592
2024-07-18 23:00:00,925,1.05369,-0.65705514,296.93237,65.39938
2024-07-18 23:00:00,850,1.7462616,0.88600224,292.6128,53.555984
2024-07-18 23:00:00,700,5.461591,8.640914,281.54102,38.089798
2024-07-18 23:00:00,500,10.51753,3.6328697,262.70142,31.804688
2024-07-19 00:00:00,1000,1.055644,-0.43274868,301.04565,70.5273
2024-07-19 00:00:00,925,0.95246464,-0.41947097,296.59375,70.86189
2024-07-19 00:00:00,850,1.875741,1.1571999,292.57007,52.88022
2024-07-19 00:00:00,700,5.627919,9.37849,281.61377,38.94368
2024-07-19 00:00:00,500,9.434097,4.2047625,262.5542,30.524689
2024-07-19 01:00:00,1000,0.9155228,-0.26809502,300.77612,74.87102
2024-07-19 01:00:00,925,0.80336183,-0.2197944,296.3318,75.40086
2024-07-19 01:00:00,850,1.7116442,1.3506174,292.43945,52.59604
2024-07-19 01:00:00,700,6.245056,9.719888,281.7544,36.988815
2024-07-19 01:00:00,500,9.069987,4.552083,262.5442,29.248749
2024-07-19 02:00:00,1000,0.78816396,-0.1364454,300.44678,77.99762
2024-07-19 02:00:00,925,0.6900287,-0.07694465,296.07397,78.4503
2024-07-19 02:00:00,850,1.3299704,1.336585,292.10718,54.01805
2024-07-19 02:00:00,700,7.521556,9.460479,281.73218,36.037003
2024-07-19 02:00:00,500,9.469493,4.383954,262.91333,26.277176
2024-07-19 03:00:00,1000,0.57223237,-0.07091552,300.10425,80.3625
2024-07-19 03:00:00,925,0.49210322,0.010779887,295.75952,80.71538
2024-07-19 03:00:00,850,0.67817813,1.5439796,291.71313,55.516922
2024-07-19 03:00:00,700,8.582623,8.750688,281.65137,36.85402
2024-07-19 03:00:00,500,10.451466,3.273469,264.00317,14.848487
2024-07-19 04:00:00,1000,0.3823815,-0.061286006,299.76587,81.24579
2024-07-19 04:00:00,925,0.33724308,0.026775196,295.4536,81.372345
2024-07-19 04:00:00,850,0.08031434,1.7595081,291.32104,56.872025
2024-07-19 04:00:00,700,9.507033,7.864703,281.65308,37.941025
2024-07-19 04:00:00,500,10.898475,2.3745184,264.88306,11.2515955
2024-07-19 05:00:00,1000,0.14991319,-0.024795637,299.44482,80.55528
2024-07-19 05:00:00,925,0.12939674,0.06674844,295.12866,80.70337
2024-07-19 05:00:00,850,-0.3517136,2.0904274,291.01416,57.822006
2024-07-19 05:00:00,700,9.975316,6.788933,281.69336,39.307938
2024-07-19 05:00:00,500,10.97524,1.7312479,265.49878,10.589173
2024-07-19 06:00:00,1000,0.022587296,0.06331122,299.1245,78.89375
2024-07-19 06:00:00,925,0.014963977,0.13765901,294.80786,79.02132
2024-07-19 06:00:00,850,-0.22827786,2.4660892,290.85303,57.554764
2024-07-19 06:00:00,700,9.960595,5.6753235,281.75513,41.157272
2024-07-19 06:00:00,500,10.923672,1.5320902,265.77686,10.574112
2024-07-19 07:00:00,1000,-0.30538195,0.26287115,298.94287,72.62543
2024-07-19 07:00:00,925,-0.30500084,0.3230543,294.53784,72.484985
2024-07-19 07:00:00,850,0.12830138,2.6367426,290.85278,55.68837
2024-07-19 07:00:00,700,9.506257,4.7391186,281.865,43.989746
2024-07-19 07:00:00,500,10.5280485,1.562211,266.01855,10.819267
2024-07-19 08:00:00,1000,-0.37083262,0.83734757,299.68115,60.55699
2024-07-19 08:00:00,925,-0.39451593,0.858944,295.1709,60.636215
2024-07-19 08:00:00,850,0.48499697,2.7137814,290.8479,54.15361
2024-07-19 08:00:00,700,9.154971,4.2275944,281.9109,48.142853
2024-07-19 08:00:00,500,10.090137,2.025343,266.24707,10.680248
2024-07-19 09:00:00,1000,0.110408604,1.1933022,301.2527,49.85379
2024-07-19 09:00:00,925,0.07975304,1.2008944,296.7683,50.312683
2024-07-19 09:00:00,850,0.5219589,2.2209606,291.08105,60.340378
2024-07-19 09:00:00,700,9.116086,3.9150534,281.8286,52.332443
2024-07-19 09:00:00,500,9.897325,2.6323986,266.4756,10.315669
2024-07-19 10:00:00,1000,0.6456105,1.4122486,302.1306,43.40425
2024-07-19 10:00:00,925,0.6296557,1.4306068,297.6433,43.87021
2024-07-19 10:00:00,850,1.1105766,2.3565626,291.78638,53.40712
2024-07-19 10:00:00,700,8.777539,3.8673897,281.59888,60.798203
2024-07-19 10:00:00,500,9.989329,1.6525497,266.78442,9.770801
2024-07-19 11:00:00,1000,1.4093037,1.2745733,303.54688,37.39859
2024-07-19 11:00:00,925,1.3869247,1.3105631,299.07227,37.306915
2024-07-19 11:00:00,850,2.2746677,2.191678,293.1953,45.414337
2024-07-19 11:00:00,700,8.206839,3.7604036,281.36304,61.09529
2024-07-19 11:00:00,500,10.491664,2.2597027,266.72583,10.03413
2024-07-19 12:00:00,1000,2.2017365,1.1396236,304.66162,34.35045
2024-07-19 12:00:00,925,2.1799116,1.1778336,300.16284,34.406677
2024-07-19 12:00:00,850,3.4911318,1.9485798,294.25806,42.08075
2024-07-19 12:00:00,700,7.833639,4.350931,281.26538,59.17444
2024-07-19 12:00:00,500,10.844483,2.8151846,266.78735,10.331573
2024-07-19 13:00:00,1000,2.7389603,0.8500999,305.39795,33.944
2024-07-19 13:00:00,925,2.7183924,0.9088355,300.89233,34.037964
2024-07-19 13:00:00,850,4.365326,1.5722656,294.99536,41.054398
2024-07-19 13:00:00,700,7.819639,4.850189,281.271,56.73404
2024-07-19 13:00:00,500,11.032048,3.2234783,266.87378,10.482463
2024-07-19 14:00:00,1000,3.2467756,0.75873065,305.79468,33.271866
2024-07-19 14:00:00,925,3.2359657,0.8186448,301.2827,33.45726
2024-07-19 14:00:00,850,5.2689915,1.435359,295.41797,40.22792
2024-07-19 14:00:00,700,8.326096,5.1283226,281.46436,53.802246
2024-07-19 14:00:00,500,11.081382,4.1440687,266.77588,11.241206
2024-07-19 15:00:00,1000,3.241189,0.1876905,305.7268,35.468414
2024-07-19 15:00:00,925,3.2403488,0.23547357,301.22876,35.492676
2024-07-19 15:00:00,850,5.332444,0.48971075,295.38354,42.618378
2024-07-19 15:00:00,700,8.476065,5.14682,281.78906,50.07303
2024-07-19 15:00:00,500,11.174737,5.448395,266.7483,11.55168
2024-07-19 16:00:00,1000,3.158248,-0.15939605,305.45752,38.055878
2024-07-19 16:00:00,925,3.1797485,-0.14600152,300.9646,37.917114
2024-07-19 16:00:00,850,5.2193365,-0.07213545,295.15308,45.703964
2024-07-19 16:00:00,700,8.642077,5.6587124,282.0901,46.892303
2024-07-19 16:00:00,500,11.387226,6.3843145,266.7627,12.640858
2024-07-19 17:00:00,1000,3.0829334,-0.17608523,305.11084,40.816757
2024-07-19 17:00:00,925,3.1201143,-0.20337892,300.6311,40.624115
2024-07-19 17:00:00,850,5.193447,-0.21218902,294.87573,48.63945
2024-07-19 17:00:00,700,8.624143,6.180316,282.26025,45.03
2024-07-19 17:00:00,500,11.250413,6.9180946,266.85815,12.83321
2024-07-19 18:00:00,1000,2.7548513,-0.55459625,304.48462,45.39676
2024-07-19 18:00:00,925,2.796979,-0.5845577,299.99243,45.477737
2024-07-19 18:00:00,850,5.045478,-1.0093489,294.3208,53.497818
2024-07-19 18:00:00,700,8.485033,6.726204,282.2024,45.38794
2024-07-19 18:00:00,500,10.875365,6.9867973,266.9873,11.603617
2024-07-19 19:00:00,1000,2.0345488,-0.7885816,303.57593,51.36888
2024-07-19 19:00:00,925,2.1022434,-0.84620523,299.0708,51.912323
2024-07-19 19:00:00,850,4.578038,-1.8591375,293.4524,59.87578
2024-07-19 19:00:00,700,8.6938,7.3508224,282.1936,42.964996
2024-07-19 19:00:00,500,10.40985,6.8290415,267.09106,10.122968
2024-07-19 20:00:00,1000,1.6574907,-0.82920676,302.55713,57.009567
2024-07-19 20:00:00,925,1.6740351,-0.8989224,298.05542,57.596924
2024-07-19 20:00:00,850,3.9703112,-2.1883612,292.5022,65.53648
2024-07-19 20:00:00,700,8.966616,7.6775675,282.125,41.87567
2024-07-19 20:00:00,500,10.117899,6.6049557,267.1377,8.886844
2024-07-19 21:00:00,1000,1.4226227,-0.81470364,301.62207,62.301666
2024-07-19 21:00:00,925,1.3829956,-0.8300009,297.136,62.845184
2024-07-19 21:00:00,850,3.159915,-1.7222319,291.67017,70.359634
2024-07-19 21:00:00,700,8.823635,7.9188004,282.07324,41.45494
2024-07-19 21:00:00,500,9.775115,6.6387568,266.98706,8.5500145
2024-07-19 22:00:00,1000,1.3294897,-0.978717,300.90967,65.84056
2024-07-19 22:00:00,925,1.3062906,-0.9429719,296.4314,66.27351
2024-07-19 22:00:00,850,2.4960775,-0.6151923,291.40063,70.241394
2024-07-19 22:00:00,700,9.177281,6.188242,282.69116,37.78093
2024-07-19 22:00:00,500,10.304121,7.204438,265.86206,8.85725
2024-07-19 23:00:00,1000,1.4123592,-0.80057603,300.14624,71.002396
2024-07-19 23:00:00,925,1.3600798,-0.7760264,295.71216,71.254196
2024-07-19 23:00:00,850,2.7467136,-0.603262,291.10083,71.88658
2024-07-19 23:00:00,700,8.667405,6.3431587,282.4126,40.299377
2024-07-19 23:00:00,500,10.27342,7.8116484,265.5796,9.409865
2024-07-20 00:00:00,1000,1.5077133,-0.5660807,299.35815,76.230484
2024-07-20 00:00:00,925,1.4234896,-0.5892863,294.94263,76.36003
2024-07-20 00:00:00,850,3.1756077,-0.17501086,290.7229,74.17987
2024-07-20 00:00:00,700,8.273935,6.807745,282.08472,42.690704
2024-07-20 00:00:00,500,10.491467,8.9418955,265.2605,10.321477
2024-07-20 01:00:00,1000,1.4948101,-0.57628864,298.61426,80.90018
2024-07-20 01:00:00,925,1.3417902,-0.6013448,294.1985,80.98198
2024-07-20 01:00:00,850,3.3759928,-0.22333974,290.2483,76.58266
2024-07-20 01:00:00,700,8.609716,7.12342,281.77173,45.11551
2024-07-20 01:00:00,500,11.345002,9.906346,264.61182,12.377972
2024-07-20 02:00:00,1000,1.3931122,-0.6954998,297.96143,85.62605
2024-07-20 02:00:00,925,1.2228432,-0.6924387,293.5691,85.36969
2024-07-20 02:00:00,850,3.2748365,-0.8622392,289.7483,78.75488
2024-07-20 02:00:00,700,9.298467,7.233362,281.40332,48.388153
2024-07-20 02:00:00,500,12.47335,10.149079,263.89722,15.998588
2024-07-20 03:00:00,1000,1.3790951,-0.738701,297.35303,89.98718
2024-07-20 03:00:00,925,1.2308369,-0.73097056,292.9685,89.42845
2024-07-20 03:00:00,850,3.2554445,-1.456708,289.16333,81.32478
2024-07-20 03:00:00,700,10.224849,6.9216633,280.9131,51.611572
2024-07-20 03:00:00,500,13.572015,9.898978,263.4756,18.844986
2024-07-20 04:00:00,1000,1.3381433,-0.6787592,296.8496,93.712234
2024-07-20 04:00:00,925,1.2163935,-0.6910865,292.45874,93.11882
2024-07-20 04:00:00,850,3.2290115,-1.498766,288.7085,80.95528
2024-07-20 04:00:00,700,10.937307,6.721528,280.49146,51.662994
2024-07-20 04:00:00,500,14.482058,9.24305,263.31274,18.414658
2024-07-20 05:00:00,1000,1.2641144,-0.5422288,296.39087,96.12045
2024-07-20 05:00:00,925,1.1484852,-0.5814039,291.99927,95.48111
2024-07-20 05:00:00,850,3.006998,-1.0942192,288.42822,75.030685
2024-07-20 05:00:00,700,11.671263,6.4674625,280.2776,45.663345
2024-07-20 05:00:00,500,15.279693,7.9452343,263.0354,17.15149
2024-07-20 06:00:00,1000,1.2982912,-0.5066282,295.9082,96.46434
2024-07-20 06:00:00,925,1.1626644,-0.5483364,291.50073,96.19626
2024-07-20 06:00:00,850,3.212309,-0.6848162,288.1665,68.41937
2024-07-20 06:00:00,700,11.79273,5.3698196,279.9585,38.25258
2024-07-20 06:00:00,500,16.192093,6.555031,262.99365,17.788269
2024-07-20 07:00:00,1000,1.6779394,-0.5858436,295.7705,89.95816
2024-07-20 07:00:00,925,1.5203419,-0.6385338,291.3689,90.10838
2024-07-20 07:00:00,850,3.9871788,-0.560003,287.6797,65.00923
2024-07-20 07:00:00,700,11.163134,4.2864103,279.67505,31.486923
2024-07-20 07:00:00,500,17.386627,5.2425117,262.88208,35.40518
2024-07-20 08:00:00,1000,2.075903,-0.60488963,296.79175,72.34033
2024-07-20 08:00:00,925,1.9263849,-0.75610477,292.4182,72.287964
2024-07-20 08:00:00,850,4.001478,-0.9658993,287.14258,82.787766
2024-07-20 08:00:00,700,10.432586,3.1887655,279.62793,26.90239
2024-07-20 08:00:00,500,18.440918,3.6584358,262.49,58.83986
2024-07-20 09:00:00,1000,2.677332,-0.60214883,297.81445,63.74469
2024-07-20 09:00:00,925,2.5811262,-0.77458113,293.43433,63.61989
2024-07-20 09:00:00,850,4.5231247,-0.9260972,287.8418,77.66626
2024-07-20 09:00:00,700,10.203263,2.1120615,279.47168,28.589508
2024-07-20 09:00:00,500,19.45079,3.1293755,262.42188,44.866104
2024-07-20 10:00:00,1000,3.096177,-0.5824518,298.6609,58.982986
2024-07-20 10:00:00,925,2.9917173,-0.66352665,294.2727,58.890106
2024-07-20 10:00:00,850,5.138239,-0.9651232,288.61426,71.98624
2024-07-20 10:00:00,700,10.02203,1.4330816,279.0078,47.551926
2024-07-20 10:00:00,500,18.34909,2.7275095,262.9275,30.504608
2024-07-20 11:00:00,1000,3.3565178,-0.34021884,299.50098,53.993423
2024-07-20 11:00:00,925,3.2773323,-0.34415543,295.10083,53.651154
2024-07-20 11:00:00,850,5.7046604,-0.50393564,289.4568,65.95105
2024-07-20 11:00:00,700,10.088691,0.92573696,278.97217,54.90039
2024-07-20 11:00:00,500,18.110397,-0.0714879,263.14038,10.035052
2024-07-20 12:00:00,1000,3.7760677,0.0064457767,300.41968,50.003937
2024-07-20 12:00:00,925,3.6863852,-0.038154952,296.00708,49.817
2024-07-20 12:00:00,850,6.473301,0.108380914,290.34937,61.45488
2024-07-20 12:00:00,700,10.214118,0.5950444,278.7898,68.50458
2024-07-20 12:00:00,500,19.146439,-2.524356,263.52832,8.700194
2024-07-20 13:00:00,1000,4.301361,0.14684868,300.3567,52.29799
2024-07-20 13:00:00,925,4.187133,0.11896783,295.94727,52.192123
2024-07-20 13:00:00,850,7.4447336,0.40655297,290.39307,62.773315
2024-07-20 13:00:00,700,10.260705,0.57203853,278.47266,84.395096
2024-07-20 13:00:00,500,21.285934,-1.5210571,264.0686,12.753473
2024-07-20 14:00:00,1000,4.3318577,0.38029236,300.39062,54.030167
2024-07-20 14:00:00,925,4.1947155,0.32448804,295.97314,54.167694
2024-07-20 14:00:00,850,7.6942987,0.8399612,290.47168,64.93141
2024-07-20 14:00:00,700,11.749723,0.18157285,278.61108,83.17531
2024-07-20 14:00:00,500,23.243713,-1.3058062,264.2849,20.725906
2024-07-20 15:00:00,1000,4.547825,0.21011579,299.6599,59.143326
2024-07-20 15:00:00,925,4.346116,0.16397679,295.23364,59.475494
2024-07-20 15:00:00,850,8.553408,0.56332344,289.792,70.719315
2024-07-20 15:00:00,700,12.839608,-0.34530866,278.70605,83.10681
2024-07-20 15:00:00,500,23.253555,-1.7739258,264.35547,31.389572
2024-07-20 16:00:00,1000,4.3928623,-0.45090646,298.61206,65.29465
2024-07-20 16:00:00,925,4.155097,-0.49152416,294.19922,65.62976
2024-07-20 16:00:00,850,8.360487,-0.69444025,288.7622,78.2108
2024-07-20 16:00:00,700,13.836303,-0.6763098,278.73242,75.862625
2024-07-20 16:00:00,500,22.818466,-2.349409,264.40576,39.878586
2024-07-20 17:00:00,1000,4.0274277,-1.0719633,297.57666,70.57788
2024-07-20 17:00:00,925,3.7658587,-1.1080713,293.16675,71.030426
2024-07-20 17:00:00,850,7.9247932,-1.9420071,287.70093,86.13257
2024-07-20 17:00:00,700,13.5442295,-1.4391022,278.94385,48.47264
2024-07-20 17:00:00,500,23.131973,-3.968604,264.38232,44.8378
2024-07-20 18:00:00,1000,3.4265919,-1.3310928,296.9353,72.50304
2024-07-20 18:00:00,925,3.208621,-1.283659,292.54785,72.540924
2024-07-20 18:00:00,850,7.409914,-2.7466784,287.11255,86.56476
2024-07-20 18:00:00,700,13.170258,-2.630395,279.82568,15.921922
2024-07-20 18:00:00,500,23.814224,-6.273962,264.40332,49.264664
2024-07-20 19:00:00,1000,3.141676,-1.6633196,296.4038,71.40306
2024-07-20 19:00:00,925,2.958356,-1.5371284,292.03638,71.41287
2024-07-20 19:00:00,850,6.7209444,-3.4869852,286.60034,85.19356
2024-07-20 19:00:00,700,13.42587,-5.066573,280.2998,7.9801188
2024-07-20 19:00:00,500,22.713486,-7.977912,264.6753,34.677505
2024-07-20 20:00:00,1000,2.550764,-1.714076,295.59937,72.81262
2024-07-20 20:00:00,925,2.384694,-1.540761,291.239,72.91135
2024-07-20 20:00:00,850,6.414401,-4.203616,285.9192,86.21031
2024-07-20 20:00:00,700,13.548937,-6.7726564,280.865,4.6451435
2024-07-20 20:00:00,500,20.876312,-8.680979,265.10815,12.217957
2024-07-20 21:00:00,1000,2.0773792,-1.7489309,294.74854,75.65787
2024-07-20 21:00:00,925,1.9715033,-1.5924625,290.39868,75.83067
2024-07-20 21:00:00,850,5.543974,-4.8121862,285.06226,89.21477
2024-07-20 21:00:00,700,12.767837,-8.081867,281.47266,3.1109982
2024-07-20 21:00:00,500,19.912018,-9.434294,265.3728,6.1198626
2024-07-20 22:00:00,1000,1.7382612,-1.5165739,294.35327,78.612656
2024-07-20 22:00:00,925,1.6463795,-1.3819036,289.99707,79.075516
2024-07-20 22:00:00,850,4.633833,-4.1482487,284.64282,90.11409
2024-07-20 22:00:00,700,10.189961,-8.231488,281.83374,1.721406
2024-07-20 22:00:00,500,20.275757,-11.89859,266.01123,9.133267
2024-07-20 23:00:00,1000,1.5686054,-1.7119446,293.53833,79.83919
2024-07-20 23:00:00,925,1.5074825,-1.5540409,289.19263,80.11389
2024-07-20 23:00:00,850,3.7357912,-4.482239,283.8806,89.497665
2024-07-20 23:00:00,700,8.622764,-8.283361,282.18433,2.0464401
2024-07-20 23:00:00,500,19.0085,-13.58242,266.33276,13.818445
2024-07-21 00:00:00,1000,1.4337873,-1.8426085,292.719,80.33673
2024-07-21 00:00:00,925,1.410079,-1.6635466,288.39307,80.40675
2024-07-21 00:00:00,850,3.1950922,-4.464962,283.10913,88.122925
2024-07-21 00:00:00,700,7.859846,-8.663898,282.11353,2.7066689
2024-07-21 00:00:00,500,17.249405,-15.320985,266.77612,17.137665
2024-07-21 01:00:00,1000,1.3791361,-1.563508,291.96606,81.74664
2024-07-21 01:00:00,925,1.3919411,-1.4394407,287.6548,81.87698
2024-07-21 01:00:00,850,3.1053896,-4.2749767,282.52148,81.55829
2024-07-21 01:00:00,700,6.9437723,-8.974647,282.0398,3.0164785
2024-07-21 01:00:00,500,15.756916,-16.930893,267.10083,19.438385
2024-07-21 02:00:00,1000,1.385889,-1.4138155,291.26416,81.62163
2024-07-21 02:00:00,925,1.4264107,-1.3199072,286.9663,81.94197
2024-07-21 02:00:00,850,2.9830446,-4.4214525,282.51978,66.3156
2024-07-21 02:00:00,700,6.11078,-9.175535,281.97437,3.4185905
2024-07-21 02:00:00,500,13.896875,-18.448212,267.37427,20.722992
2024-07-21 03:00:00,1000,1.2241449,-1.4404926,290.64478,82.43004
2024-07-21 03:00:00,925,1.2629738,-1.3322916,286.36206,83.01907
2024-07-21 03:00:00,850,1.98806,-4.5948286,282.8318,59.626328
2024-07-21 03:00:00,700,5.457818,-8.966784,281.8152,3.7342749
2024-07-21 03:00:00,500,12.217962,-18.757004,267.65088,21.5952
2024-07-21 04:00:00,1000,1.0317287,-1.341115,290.15283,84.26407
2024-07-21 04:00:00,925,1.0923042,-1.2615919,285.85962,84.98372
2024-07-21 04:00:00,850,1.0277596,-4.4137383,283.06006,54.578735
2024-07-21 04:00:00,700,4.9197702,-8.7286,281.6277,4.0617123
2024-07-21 04:00:00,500,11.356503,-18.124481,267.9607,23.633408
2024-07-21 05:00:00,1000,1.0291567,-1.2058096,289.80176,85.697266
2024-07-21 05:00:00,925,1.1236649,-1.1382551,285.4978,86.5128
2024-07-21 05:00:00,850,0.76559687,-3.9142532,283.31152,49.32097
2024-07-21 05:00:00,700,4.234703,-8.382294,281.4746,4.242406
2024-07-21 05:00:00,500,11.222532,-16.703827,268.13452,27.035263
2024-07-21 06:00:00,1000,1.0189276,-1.1468945,289.60352,84.92795
2024-07-21 06:00:00,925,1.10676,-1.0691719,285.31714,85.60242
2024-07-21 06:00:00,850,0.6127055,-3.309103,283.32593,44.117294
2024-07-21 06:00:00,700,3.744691,-8.138985,281.33276,4.4424467
2024-07-21 06:00:00,500,11.299121,-15.051259,268.08667,32.074158
2024-07-21 07:00:00,1000,0.84946334,-1.1759958,290.31274,74.654816
2024-07-21 07:00:00,925,0.96868974,-1.1108332,285.9851,75.13991
2024-07-21 07:00:00,850,0.39849353,-2.7206697,283.6504,41.333557
2024-07-21 07:00:00,700,3.432271,-7.8601446,281.20093,4.634097
2024-07-21 07:00:00,500,11.4092245,-13.903768,268.0913,38.407562
2024-07-21 08:00:00,1000,0.64454347,-1.2196789,291.89062,61.28055
2024-07-21 08:00:00,925,0.73349756,-1.1771555,287.56396,61.253983
2024-07-21 08:00:00,850,0.40115327,-2.2524157,283.3423,51.42395
2024-07-21 08:00:00,700,3.0969315,-7.4434357,281.05615,4.853318
2024-07-21 08:00:00,500,10.948627,-13.0616865,268.2417,43.953995
2024-07-21 09:00:00,1000,0.44424236,-1.3324928,293.66748,50.599075
2024-07-21 09:00:00,925,0.50902796,-1.3163023,289.3567,49.719955
2024-07-21 09:00:00,850,0.3864832,-1.9729443,283.8391,61.362137
2024-07-21 09:00:00,700,2.8963995,-6.9618998,281.04126,5.035118
2024-07-21 09:00:00,500,10.905625,-12.102079,268.75952,44.1904
2024-07-21 10:00:00,1000,0.3409546,-0.9777513,295.0652,45.278442
2024-07-21 10:00:00,925,0.3986957,-0.95640075,290.72144,44.50003
2024-07-21 10:00:00,850,0.28423268,-1.2009287,285.1682,53.85855
2024-07-21 10:00:00,700,3.3848057,-10.102818,280.64453,6.0190563
2024-07-21 10:00:00,500,12.116235,-11.978827,269.64526,39.376907
2024-07-21 11:00:00,1000,0.16935635,-0.932846,296.82837,38.365326
2024-07-21 11:00:00,925,0.17689705,-0.91670954,292.42505,37.964706
2024-07-21 11:00:00,850,0.06722462,-1.1422291,286.77124,45.645203
2024-07-21 11:00:00,700,2.5472536,-8.157226,280.59155,5.8157406
2024-07-21 11:00:00,500,10.765402,-11.747059,269.2207,42.3938
2024-07-21 12:00:00,1000,0.17896724,-0.72403324,298.5078,33.4382
2024-07-21 12:00:00,925,0.18465298,-0.7104577,294.0681,33.331802
2024-07-21 12:00:00,850,0.10284847,-0.8524742,288.26538,41.233734
2024-07-21 12:00:00,700,3.021265,-6.3201866,280.9475,5.466221
2024-07-21 12:00:00,500,9.242543,-10.7512665,268.7473,49.279556
2024-07-21 13:00:00,1000,0.508808,-0.8841827,299.99072,29.973465
2024-07-21 13:00:00,925,0.49682105,-0.86358136,295.53418,29.83574
2024-07-21 13:00:00,850,0.6038251,-1.1150484,289.63306,38.30394
2024-07-21 13:00:00,700,3.5381594,-5.253031,281.12354,5.6617517
2024-07-21 13:00:00,500,7.796007,-9.978512,268.3142,55.61635
2024-07-21 14:00:00,1000,0.59014875,-1.0931063,301.08423,28.147339
2024-07-21 14:00:00,925,0.5706363,-1.079072,296.615,27.887177
2024-07-21 14:00:00,850,0.6925661,-1.4697971,290.70557,35.777008
2024-07-21 14:00:00,700,3.4682732,-4.6385593,281.19507,6.2421255
2024-07-21 14:00:00,500,6.7458096,-8.695974,267.88672,60.82376
2024-07-21 15:00:00,1000,0.68670243,-1.1181049,301.89795,27.384048
2024-07-21 15:00:00,925,0.6675872,-1.0899363,297.4192,27.482086
2024-07-21 15:00:00,850,0.77304506,-1.4947796,291.54614,34.39441
2024-07-21 15:00:00,700,3.2640038,-4.73186,281.28345,7.75653
2024-07-21 15:00:00,500,6.8072405,-7.2408915,267.60498,62.368423
2024-07-21 16:00:00,1000,0.8173568,-1.1597118,302.48926,27.251099
2024-07-21 16:00:00,925,0.79629576,-1.1335573,298.01636,27.204971
2024-07-21 16:00:00,850,0.9165322,-1.5494404,292.15186,34.20787
2024-07-21 16:00:00,700,2.5723104,-4.729165,281.38086,10.824787
2024-07-21 16:00:00,500,7.333458,-6.2678194,267.49146,60.90303
2024-07-21 17:00:00,1000,0.90342826,-1.3240376,302.72705,28.308853
2024-07-21 17:00:00,925,0.9094984,-1.2831593,298.25415,28.185577
2024-07-21 17:00:00,850,1.0154972,-1.7860861,292.44092,35.207214
2024-07-21 17:00:00,700,1.8778553,-4.710965,281.6399,16.32988
2024-07-21 17:00:00,500,7.853548,-6.172591,267.5022,57.118073
2024-07-21 18:00:00,1000,0.8008686,-1.583457,302.51074,30.929596
2024-07-21 18:00:00,925,0.84514123,-1.5050735,298.03735,30.816269
2024-07-21 18:00:00,850,0.8915211,-2.2907972,292.37354,36.653275
2024-07-21 18:00:00,700,1.1630077,-5.0866547,281.95654,23.23796
2024-07-21 18:00:00,500,7.486477,-6.6489334,267.35864,56.3105
2024-07-21 19:00:00,1000,0.43743396,-1.7276869,301.77515,35.509216
2024-07-21 19:00:00,925,0.56798,-1.6819468,297.3213,35.5065
2024-07-21 19:00:00,850,0.36675823,-3.0657654,291.8484,38.76178
2024-07-21 19:00:00,700,0.32039487,-5.5620546,282.19897,30.3983
2024-07-21 19:00:00,500,6.702731,-6.8651714,267.1709,56.753952
2024-07-21 20:00:00,1000,0.15690458,-1.5584373,300.75342,40.966873
2024-07-21 20:00:00,925,0.35778815,-1.5103226,296.34204,41.100143
2024-07-21 20:00:00,850,-0.80459565,-3.1579094,290.87378,44.228607
2024-07-21 20:00:00,700,-0.5232167,-6.4379206,282.47144,37.239502
2024-07-21 20:00:00,500,5.957759,-6.816902,267.0515,54.596207
2024-07-21 21:00:00,1000,-0.13391018,-1.3689327,299.62988,45.754913
2024-07-21 21:00:00,925,0.07459235,-1.297121,295.1792,46.777237
2024-07-21 21:00:00,850,-1.7203131,-2.341609,290.00024,48.23709
2024-07-21 21:00:00,700,-1.414957,-7.382888,282.92358,40.64044
2024-07-21 21:00:00,500,5.4495516,-6.5331373,266.97095,50.867508
2024-07-21 22:00:00,1000,-0.4309175,-0.91547495,297.9065,53.820282
2024-07-21 22:00:00,925,-0.26750517,-0.79448265,293.42505,55.306152
2024-07-21 22:00:00,850,-1.7661543,-1.235878,289.4131,50.450546
2024-07-21 22:00:00,700,-2.4418736,-6.830158,283.23535,45.17456
2024-07-21 22:00:00,500,5.3331127,-5.560381,267.10742,44.22357
2024-07-21 23:00:00,1000,-1.0341902,-0.464082,297.00146,57.916946
2024-07-21 23:00:00,925,-0.8632087,-0.33329755,292.56396,59.02539
2024-07-21 23:00:00,850,-2.4294176,-0.6522392,289.32617,48.613678
2024-07-21 23:00:00,700,-1.8366337,-6.3606873,283.28198,42.30397
2024-07-21 23:00:00,500,5.277011,-5.4292974,266.95483,42.597397
2025-07-15 00:00:00,1000,0.27730173,-1.0013552,295.2666,69.836395
2025-07-15 00:00:00,925,0.29870492,-0.8545829,290.88306,70.042114
2025-07-15 00:00:00,850,1.1993809,-3.04842,287.36816,52.880157
2025-07-15 00:00:00,700,9.085902,1.1605644,281.19946,37.434875
2025-07-15 00:00:00,500,16.449142,0.8446353,265.3728,30.397873
2025-07-15 01:00:00,1000,0.2017917,-0.7727819,294.8833,74.38837
2025-07-15 01:00:00,925,0.25965828,-0.640242,290.53638,74.33963
2025-07-15 01:00:00,850,0.30954707,-2.481637,286.8296,55.0856
2025-07-15 01:00:00,700,10.411599,0.035470273,281.37378,44.445343
2025-07-15 01:00:00,500,16.952713,1.0922003,265.09717,22.114792
2025-07-15 02:00:00,1000,0.16706926,-0.7070001,294.58008,78.45149
2025-07-15 02:00:00,925,0.24012399,-0.58560836,290.24487,78.341156
2025-07-15 02:00:00,850,-0.19097954,-1.958108,286.54712,55.107834
2025-07-15 02:00:00,700,10.82397,-1.480586,281.43823,45.083466
2025-07-15 02:00:00,500,17.04683,0.6525986,265.00928,12.19598
2025-07-15 03:00:00,1000,0.1744799,-0.6547582,294.21387,81.758286
2025-07-15 03:00:00,925,0.2346077,-0.55254614,289.86475,81.997925
2025-07-15 03:00:00,850,-0.44492614,-1.5851564,286.3772,54.097977
2025-07-15 03:00:00,700,10.80018,-2.7443438,281.53198,45.349396
2025-07-15 03:00:00,500,16.249481,-0.69365954,265.03394,8.276151
2025-07-15 04:00:00,1000,0.1123963,-0.51075476,293.86523,84.18715
2025-07-15 04:00:00,925,0.17236537,-0.40962094,289.47998,84.72458
2025-07-15 04:00:00,850,-0.69570667,-1.1058731,286.17432,51.312973
2025-07-15 04:00:00,700,10.739118,-3.997531,281.78857,43.93811
2025-07-15 04:00:00,500,15.000581,-1.5761185,265.20337,10.615962
2025-07-15 05:00:00,1000,0.056591857,-0.3446079,293.52173,86.28192
2025-07-15 05:00:00,925,0.092598855,-0.22551686,289.13135,87.05397
2025-07-15 05:00:00,850,-0.76259845,-0.59012043,286.4021,45.19821
2025-07-15 05:00:00,700,10.356923,-5.1123257,282.02417,41.43303
2025-07-15 05:00:00,500,14.36767,-2.034111,265.4402,12.925624
2025-07-15 06:00:00,1000,-0.036735818,-0.12779391,293.4463,85.96805
2025-07-15 06:00:00,925,-0.002267721,0.013834417,289.02124,86.93689
2025-07-15 06:00:00,850,-0.46860498,-0.14931113,286.91187,38.079575
2025-07-15 06:00:00,700,9.740674,-5.6919556,282.2444,38.101547
2025-07-15 06:00:00,500,14.123419,-2.4863224,265.60913,12.951342
2025-07-15 07:00:00,1000,-0.6336786,-0.043128584,293.78052,73.64633
2025-07-15 07:00:00,925,-0.6270497,0.06894398,289.34277,74.67906
2025-07-15 07:00:00,850,-0.19932228,-0.0019988685,287.39404,34.000107
2025-07-15 07:00:00,700,8.766172,-6.1124086,282.5188,34.43155
2025-07-15 07:00:00,500,13.800782,-2.6829195,265.74463,9.859454
2025-07-15 08:00:00,1000,-0.7770214,0.05435962,295.54834,55.574417
2025-07-15 08:00:00,925,-0.75914395,0.112849414,291.1145,56.140076
2025-07-15 08:00:00,850,-0.0154752545,-0.08455032,287.59473,34.558456
2025-07-15 08:00:00,700,7.6381645,-6.24049,282.7744,31.134933
2025-07-15 08:00:00,500,13.742945,-2.550376,265.86694,6.297968
2025-07-15 09:00:00,1000,-0.5927491,-0.016077686,297.51367,43.802948
2025-07-15 09:00:00,925,-0.54967666,0.017101035,293.0879,44.113205
2025-07-15 09:00:00,850,-0.37709665,-0.034546882,287.3589,53.99597
2025-07-15 09:00:00,700,6.85664,-5.8445053,283.06592,27.695374
2025-07-15 09:00:00,500,13.913305,-2.4302492,265.84668,5.148986
2025-07-15 10:00:00,1000,-0.4096442,-0.25810534,298.4038,39.568527
2025-07-15 10:00:00,925,-0.37166357,-0.25442982,294.03882,39.040833
2025-07-15 10:00:00,850,-0.24919546,-0.41588444,288.15552,49.30928
2025-07-15 10:00:00,700,5.7247477,-4.295432,283.25415,26.572296
2025-07-15 10:00:00,500,14.310733,-2.824314,265.6787,4.5266085
2025-07-15 11:00:00,1000,-0.43753213,-0.2113151,300.40356,35.259247
2025-07-15 11:00:00,925,-0.3935117,-0.19526643,296.03442,34.479218
2025-07-15 11:00:00,850,-0.41305757,-0.36556584,290.031,44.542038
2025-07-15 11:00:00,700,5.802721,-3.9373035,283.489,23.115112
2025-07-15 11:00:00,500,14.187083,-3.1848822,265.3247,5.3183327
2025-07-15 12:00:00,1000,-0.30732274,-0.0015114814,302.17847,31.950058
2025-07-15 12:00:00,925,-0.2862953,0.057815548,297.78467,31.20787
2025-07-15 12:00:00,850,-0.29619288,0.015874926,291.66504,40.63127
2025-07-15 12:00:00,700,5.9936266,-3.778284,283.54004,23.416351
2025-07-15 12:00:00,500,14.212755,-4.6293516,265.031,8.00928
2025-07-15 13:00:00,1000,-0.05047755,0.12353712,303.70288,29.744003
2025-07-15 13:00:00,925,-0.049107186,0.19135976,299.25244,29.233597
2025-07-15 13:00:00,850,0.013385642,0.23401219,293.0896,38.4899
2025-07-15 13:00:00,700,6.2609777,-3.6009731,283.56104,25.187988
2025-07-15 13:00:00,500,14.418906,-6.5671864,264.93823,11.378402
2025-07-15 14:00:00,1000,0.14720362,0.21156323,304.9607,28.298431
2025-07-15 14:00:00,925,0.13505691,0.27523494,300.51147,27.943924
2025-07-15 14:00:00,850,0.2590359,0.3313412,294.34448,36.478317
2025-07-15 14:00:00,700,6.380698,-3.258666,283.56982,27.946014
2025-07-15 14:00:00,500,14.58552,-7.4689093,264.9707,15.294325
2025-07-15 15:00:00,1000,0.40309817,0.3147397,305.9453,27.207306
2025-07-15 15:00:00,925,0.3939796,0.4049558,301.50317,26.982147
2025-07-15 15:00:00,850,0.5750733,0.5034023,295.31445,35.16284
2025-07-15 15:00:00,700,6.2201204,-2.8066664,283.53296,30.730133
2025-07-15 15:00:00,500,14.950876,-6.8800983,265.1665,18.17517
2025-07-15 16:00:00,1000,0.71835476,0.36685252,306.6172,26.67595
2025-07-15 16:00:00,925,0.718764,0.47301388,302.1665,26.447815
2025-07-15 16:00:00,850,0.98561376,0.62737876,295.99194,34.31662
2025-07-15 16:00:00,700,5.807625,-2.3073578,283.3911,33.134445
2025-07-15 16:00:00,500,15.617488,-5.4465256,265.50757,20.591583
2025-07-15 17:00:00,1000,0.97475517,0.28815275,306.93164,26.998398
2025-07-15 17:00:00,925,0.98351926,0.38443893,302.4685,26.74791
2025-07-15 17:00:00,850,1.3443832,0.62124515,296.39453,33.92531
2025-07-15 17:00:00,700,4.69958,-1.2872801,282.85083,40.143265
2025-07-15 17:00:00,500,15.990919,-4.1661453,265.79858,23.365067
2025-07-15 18:00:00,1000,1.0326004,0.14088702,306.8767,28.219376
2025-07-15 18:00:00,925,1.0791693,0.23132402,302.4026,28.146484
2025-07-15 18:00:00,850,1.4729891,0.35054088,296.45288,34.523834
2025-07-15 18:00:00,700,3.7975473,-0.6047032,282.7317,44.843582
2025-07-15 18:00:00,500,15.7249775,-3.3290615,265.92407,25.597519
2025-07-15 19:00:00,1000,0.79558444,0.061426297,306.4458,31.937088
2025-07-15 19:00:00,925,0.87095886,0.1389023,301.92847,32.19684
2025-07-15 19:00:00,850,1.3364773,0.15710866,296.20508,35.78871
2025-07-15 19:00:00,700,3.5959558,-0.4777559,282.86475,45.929672
2025-07-15 19:00:00,500,15.097776,-2.5078754,265.9668,26.218307
2025-07-15 20:00:00,1000,0.6357473,-0.027662609,305.82666,36.445145
2025-07-15 20:00:00,925,0.7336616,0.0023880915,301.25635,36.98973
2025-07-15 20:00:00,850,0.6629478,0.095970035,295.72363,37.384567
2025-07-15 20:00:00,700,3.9137707,-0.5826437,283.0039,45.29895
2025-07-15 20:00:00,500,14.409604,-1.7660818,266.0774,25.134338
2025-07-15 21:00:00,1000,0.5602136,-0.2662691,305.19482,40.325333
2025-07-15 21:00:00,925,0.6520579,-0.25987816,300.58667,40.999817
2025-07-15 21:00:00,850,-0.78428143,0.62850606,295.30957,38.351105
2025-07-15 21:00:00,700,4.539441,-0.59234154,283.1726,42.643295
2025-07-15 21:00:00,500,13.564023,-1.1055498,266.27295,22.915298
2025-07-15 22:00:00,1000,-0.2819239,-0.3282243,303.70508,46.244568
2025-07-15 22:00:00,925,-0.23887265,-0.32393146,299.08887,47.071777
2025-07-15 22:00:00,850,-2.2818441,1.9043541,294.44482,39.946182
2025-07-15 22:00:00,700,2.6278677,1.4032574,283.21582,46.628372
2025-07-15 22:00:00,500,13.4130535,-0.26687372,266.77612,19.548813
2025-07-15 23:00:00,1000,-1.0809155,-0.06685531,303.03174,48.28235
2025-07-15 23:00:00,925,-0.9676996,0.005258806,298.49146,48.836884
2025-07-15 23:00:00,850,-3.8200045,2.4064856,293.80347,41.71855
2025-07-15 23:00:00,700,3.6691322,2.5294647,283.55957,41.06694
2025-07-15 23:00:00,500,12.387122,0.21961743,266.7173,17.76715
2025-07-16 00:00:00,1000,-1.4923801,0.15723544,301.87744,49.642746
2025-07-16 00:00:00,925,-1.335536,0.2244255,297.42993,49.89679
2025-07-16 00:00:00,850,-3.5311928,2.691824,293.09985,44.191544
2025-07-16 00:00:00,700,3.4854574,3.509304,283.76343,37.255768
2025-07-16 00:00:00,500,11.313752,0.7274473,266.59473,16.908737
2025-07-16 01:00:00,1000,-1.5832644,0.33957905,300.48218,53.472
2025-07-16 01:00:00,925,-1.4768333,0.40989166,296.10864,53.602432
2025-07-16 01:00:00,850,-2.9195642,2.854086,292.61816,45.72841
2025-07-16 01:00:00,700,3.3945303,4.0866556,283.74512,34.935944
2025-07-16 01:00:00,500,10.667807,1.2776976,266.53247,16.116241
2025-07-16 02:00:00,1000,-1.5063992,0.51466596,299.1748,58.621735
2025-07-16 02:00:00,925,-1.4132175,0.57596207,294.81543,58.82335
2025-07-16 02:00:00,850,-2.927681,3.2574024,292.33472,46.28755
2025-07-16 02:00:00,700,3.665658,4.364067,283.67578,32.755173
2025-07-16 02:00:00,500,10.559824,1.653305,266.6167,15.10892
2025-07-16 03:00:00,1000,-1.2389965,0.5539736,298.1714,64.20656
2025-07-16 03:00:00,925,-1.1680746,0.6291521,293.81665,64.509674
2025-07-16 03:00:00,850,-3.184739,3.6335526,292.22705,45.876892
2025-07-16 03:00:00,700,4.0116816,4.510293,283.66333,30.342773
2025-07-16 03:00:00,500,10.904132,1.5872774,266.7439,14.040215
2025-07-16 04:00:00,1000,-0.9201787,0.48750108,297.75732,69.24251
2025-07-16 04:00:00,925,-0.8416473,0.56721723,293.43774,69.481964
2025-07-16 04:00:00,850,-3.2848787,3.7161112,292.2505,44.521667
2025-07-16 04:00:00,700,4.2300997,4.727995,283.67358,28.253632
2025-07-16 04:00:00,500,11.197956,1.2112522,266.84204,13.106868
2025-07-16 05:00:00,1000,-0.67339766,0.4043377,297.81152,73.12988
2025-07-16 05:00:00,925,-0.5611345,0.46437693,293.4961,73.43135
2025-07-16 05:00:00,850,-3.0793695,3.5097866,292.38525,42.55301
2025-07-16 05:00:00,700,4.311019,4.9480715,283.64966,27.832977
2025-07-16 05:00:00,500,11.306522,0.76834786,266.9502,12.552579
2025-07-16 06:00:00,1000,-0.5059499,0.33847028,298.0515,75.12315
2025-07-16 06:00:00,925,-0.39873183,0.37239134,293.77197,75.27127
2025-07-16 06:00:00,850,-2.7701159,3.3170614,292.61084,40.45288
2025-07-16 06:00:00,700,4.3634806,5.1861153,283.5271,30.123016
2025-07-16 06:00:00,500,11.261906,0.6168241,267.02588,12.814554
2025-07-16 07:00:00,1000,-0.9317562,0.24818063,298.29785,65.271545
2025-07-16 07:00:00,925,-0.8910691,0.22505558,293.95386,65.2632
2025-07-16 07:00:00,850,-2.6081667,3.2960844,292.95142,38.02968
2025-07-16 07:00:00,700,4.199952,5.466257,283.41138,33.017593
2025-07-16 07:00:00,500,11.415742,0.7595063,266.97095,14.587232
2025-07-16 08:00:00,1000,-1.4369421,0.37020206,299.74292,51.878082
2025-07-16 08:00:00,925,-1.4181795,0.28794783,295.26123,51.96425
2025-07-16 08:00:00,850,-2.8621807,3.4559412,293.18506,36.392
2025-07-16 08:00:00,700,3.9046888,5.694474,283.41846,34.19348
2025-07-16 08:00:00,500,12.096363,0.8130958,266.77393,17.722961
2025-07-16 09:00:00,1000,-1.6466913,0.6185495,301.9807,41.703613
2025-07-16 09:00:00,925,-1.6110973,0.5108784,297.46704,42.358963
2025-07-16 09:00:00,850,-2.69911,2.9281034,292.7827,41.50139
2025-07-16 09:00:00,700,3.9782257,5.7112026,283.5713,32.310867
2025-07-16 09:00:00,500,12.764474,0.66857576,266.68408,19.513687
2025-07-16 10:00:00,1000,-1.1914587,0.5359374,302.98584,36.011
2025-07-16 10:00:00,925,-1.1709919,0.46077436,298.53076,36.10405
2025-07-16 10:00:00,850,-1.3932762,1.3829947,292.72412,42.845474
2025-07-16 10:00:00,700,5.295005,6.434183,283.8567,36.42192
2025-07-16 10:00:00,500,13.399636,0.23968416,266.72046,21.654907
2025-07-16 11:00:00,1000,-0.9358828,0.9638973,305.19165,30.726196
2025-07-16 11:00:00,925,-0.9008983,0.90755916,300.76562,30.333176
2025-07-16 11:00:00,850,-1.0609779,1.7409277,294.72144,37.79167
2025-07-16 11:00:00,700,5.59402,5.6625595,283.66895,36.40651
2025-07-16 11:00:00,500,12.461883,1.0386696,266.739,20.5542
2025-07-16 12:00:00,1000,-0.49841034,1.5004654,306.94238,27.266983
2025-07-16 12:00:00,925,-0.44872808,1.481103,302.51465,26.604721
2025-07-16 12:00:00,850,-0.51960725,2.436737,296.386,33.974472
2025-07-16 12:00:00,700,5.3996773,4.9130564,283.5923,34.401306
2025-07-16 12:00:00,500,11.560471,1.9366655,266.8921,19.058945
2025-07-16 13:00:00,1000,0.29045695,1.8720303,308.19385,25.344193
2025-07-16 13:00:00,925,0.33184046,1.8722038,303.70044,24.80278
2025-07-16 13:00:00,850,0.6419282,2.9369268,297.5918,31.989075
2025-07-16 13:00:00,700,5.2614098,4.489628,283.21997,36.26259
2025-07-16 13:00:00,500,11.000356,2.6534405,267.1548,17.88263
2025-07-16 14:00:00,1000,1.1157618,1.8931913,309.06592,23.061417
2025-07-16 14:00:00,925,1.1364946,1.8983526,304.53296,22.702515
2025-07-16 14:00:00,850,1.8070564,2.9516582,298.4519,29.182587
2025-07-16 14:00:00,700,3.0873346,3.4106417,282.72803,52.878662
2025-07-16 14:00:00,500,10.757139,3.5127668,267.41382,16.729187
2025-07-16 15:00:00,1000,1.7579832,1.7324944,309.61743,21.412735
2025-07-16 15:00:00,925,1.7749481,1.7478657,305.07837,21.215714
2025-07-16 15:00:00,850,2.6975536,2.7418938,299.0293,27.07904
2025-07-16 15:00:00,700,2.8040562,2.9269867,282.99487,53.97789
2025-07-16 15:00:00,500,11.058623,4.342002,267.63184,15.546235
2025-07-16 16:00:00,1000,2.317626,1.489584,309.84766,20.62793
2025-07-16 16:00:00,925,2.3550158,1.5076628,305.3125,20.476303
2025-07-16 16:00:00,850,3.6372786,2.4198256,299.33496,25.649704
2025-07-16 16:00:00,700,2.9877844,2.3111563,283.28735,52.11815
2025-07-16 16:00:00,500,11.733225,4.580057,267.7444,13.796185
2025-07-16 17:00:00,1000,2.7149792,1.1265907,309.79932,20.893372
2025-07-16 17:00:00,925,2.762024,1.1325302,305.2307,21.100037
2025-07-16 17:00:00,850,4.449196,1.8379602,299.3457,25.055481
2025-07-16 17:00:00,700,3.1102753,1.4167652,283.36182,51.143387
2025-07-16 17:00:00,500,12.213145,4.1394243,267.7544,11.875078
2025-07-16 18:00:00,1000,2.8949232,0.6283456,309.25952,23.698792
2025-07-16 18:00:00,925,2.9361095,0.62826085,304.67554,24.279617
2025-07-16 18:00:00,850,5.4377728,0.8112243,298.91895,27.304825
2025-07-16 18:00:00,700,2.3280573,1.007781,283.15063,54.399033
2025-07-16 18:00:00,500,12.287661,3.5168037,267.57812,10.525445
2025-07-16 19:00:00,1000,2.519846,0.020389121,308.12134,30.836288
2025-07-16 19:00:00,925,2.5481386,0.014750175,303.51,31.66513
2025-07-16 19:00:00,850,6.2715416,-0.947508,297.8181,35.384766
2025-07-16 19:00:00,700,0.32494044,2.0110674,282.9226,60.234436
2025-07-16 19:00:00,500,12.002299,3.0061817,267.30493,9.720376
2025-07-16 20:00:00,1000,2.1798143,-0.50694996,306.57715,40.06024
2025-07-16 20:00:00,925,2.1406145,-0.5494806,302.00317,40.616287
2025-07-16 20:00:00,850,5.8906603,-2.8886366,296.35742,46.76947
2025-07-16 20:00:00,700,-1.7553988,4.1120205,283.2915,53.091537
2025-07-16 20:00:00,500,12.068834,2.6997423,267.1548,8.898218
2025-07-16 21:00:00,1000,1.9730854,-0.7993368,305.24,48.891876
2025-07-16 21:00:00,925,1.8926735,-0.8409426,300.68213,49.518036
2025-07-16 21:00:00,850,4.386635,-4.2301044,295.10718,56.386612
2025-07-16 21:00:00,700,-1.3285856,5.840168,283.69092,35.56996
2025-07-16 21:00:00,500,12.434097,2.5545216,267.1421,8.262368
2025-07-16 22:00:00,1000,1.6734734,-1.0570459,303.61035,55.98694
2025-07-16 22:00:00,925,1.5597391,-1.0974274,299.09375,56.71086
2025-07-16 22:00:00,850,2.7563677,-3.837616,294.25317,55.954254
2025-07-16 22:00:00,700,-0.61678785,6.506028,284.21313,25.151001
2025-07-16 22:00:00,500,13.949731,2.2524986,267.32642,8.128691
2025-07-16 23:00:00,1000,1.3179598,-1.0594273,302.81177,62.576263
2025-07-16 23:00:00,925,1.2077942,-1.056922,298.31104,63.351974
2025-07-16 23:00:00,850,1.4884796,-2.4910135,294.74927,49.48726
2025-07-16 23:00:00,700,1.2194767,6.646019,284.04468,22.851639
2025-07-16 23:00:00,500,13.946333,0.65055436,267.14136,8.321409
2025-07-17 00:00:00,1000,1.00739,-0.9543764,302.18066,68.156235
2025-07-17 00:00:00,925,0.8938721,-0.9135037,297.70142,68.899155
2025-07-17 00:00:00,850,0.8791662,-1.5882759,294.8772,47.209686
2025-07-17 00:00:00,700,2.2723045,6.0236807,284.08447,19.45781
2025-07-17 00:00:00,500,12.845181,-0.44299215,266.86523,8.1640005
2025-07-17 01:00:00,1000,0.79017353,-0.76532626,301.61377,73.45349
2025-07-17 01:00:00,925,0.6910739,-0.73252594,297.15356,74.01219
2025-07-17 01:00:00,850,0.20616531,-1.1309538,294.4829,48.8441
2025-07-17 01:00:00,700,3.2674294,5.4251776,284.2068,16.197311
2025-07-17 01:00:00,500,11.849243,-0.855645,266.75903,7.8940334
2025-07-17 02:00:00,1000,0.65830195,-0.6412654,301.11572,78.66513
2025-07-17 02:00:00,925,0.6038753,-0.60830826,296.66528,79.17821
2025-07-17 02:00:00,850,-0.5673153,-0.95572954,293.71094,54.032227
2025-07-17 02:00:00,700,4.2053347,4.477211,284.49048,12.750461
2025-07-17 02:00:00,500,10.8762,-0.94390625,266.89624,6.9362297
2025-07-17 03:00:00,1000,0.6116816,-0.56592673,300.70654,83.16225
2025-07-17 03:00:00,925,0.5803411,-0.5184394,296.26025,83.566864
2025-07-17 03:00:00,850,-1.1792431,-0.7599513,292.91455,60.008484
2025-07-17 03:00:00,700,5.1948404,3.480299,285.146,9.022876
2025-07-17 03:00:00,500,10.611069,-0.62631863,267.02563,5.9772453
2025-07-17 04:00:00,1000,0.5786239,-0.40293044,300.3982,86.51616
2025-07-17 04:00:00,925,0.5645828,-0.34260082,295.9292,87.10886
2025-07-17 04:00:00,850,-1.7330151,-0.09650457,292.33496,64.089935
2025-07-17 04:00:00,700,6.422182,2.6911507,285.91846,6.9017963
2025-07-17 04:00:00,500,11.200187,0.020855121,266.9048,5.6645145
2025-07-17 05:00:00,1000,0.5252925,-0.26970696,300.11865,89.40962
2025-07-17 05:00:00,925,0.5327076,-0.19142151,295.64404,90.14868
2025-07-17 05:00:00,850,-1.9026489,0.7778034,292.0293,65.30357
2025-07-17 05:00:00,700,7.1345854,1.5642176,286.27515,6.191621
2025-07-17 05:00:00,500,12.10655,0.4888242,266.6621,6.1821976
2025-07-17 06:00:00,1000,0.49362206,-0.1255598,299.7727,90.163895
2025-07-17 06:00:00,925,0.5017163,-0.022980753,295.33984,90.69252
2025-07-17 06:00:00,850,-1.3378944,1.5374832,291.9082,65.750015
2025-07-17 06:00:00,700,6.8137903,0.45639676,286.1919,5.886654
2025-07-17 06:00:00,500,12.610352,0.7578061,266.49976,6.1457844
2025-07-17 07:00:00,1000,0.26297206,0.0675171,299.7827,77.521805
2025-07-17 07:00:00,925,0.27087945,0.1601125,295.34937,77.8114
2025-07-17 07:00:00,850,-0.24025744,1.8889971,291.86304,66.65843
2025-07-17 07:00:00,700,5.8539124,0.17513746,285.9934,5.6873426
2025-07-17 07:00:00,500,12.53903,1.0783052,266.38257,6.3870134
2025-07-17 08:00:00,1000,0.3957324,0.26535165,300.9624,65.54216
2025-07-17 08:00:00,925,0.39796627,0.32952744,296.40503,66.22862
2025-07-17 08:00:00,850,0.73330724,1.38657,291.30396,72.43436
2025-07-17 08:00:00,700,4.9915867,0.59637505,285.93164,5.622754
2025-07-17 08:00:00,500,12.067559,1.7882357,266.1985,8.348079
2025-07-17 09:00:00,1000,0.99186784,0.28819966,302.44897,56.65193
2025-07-17 09:00:00,925,0.9844845,0.3482489,297.90527,57.250153
2025-07-17 09:00:00,850,1.4923306,0.7144222,292.1123,71.63808
2025-07-17 09:00:00,700,4.919261,1.5870543,285.89575,5.613427
2025-07-17 09:00:00,500,11.309244,3.264412,265.8645,11.373466
2025-07-17 10:00:00,1000,1.589035,-0.42050892,303.13428,49.822006
2025-07-17 10:00:00,925,1.5498209,-0.3850872,298.66602,49.491623
2025-07-17 10:00:00,850,2.1090717,-0.4851653,292.89624,61.05887
2025-07-17 10:00:00,700,3.4912062,1.9366627,285.72852,6.228115
2025-07-17 10:00:00,500,11.12373,3.8412266,266.07886,13.295396
2025-07-17 11:00:00,1000,1.5509462,-0.28162307,304.31567,44.4915
2025-07-17 11:00:00,925,1.4975643,-0.2750377,299.86694,43.7258
2025-07-17 11:00:00,850,1.9921246,-0.19731385,294.021,54.700928
2025-07-17 11:00:00,700,3.8941565,2.7432928,285.5879,6.3145533
2025-07-17 11:00:00,500,11.441771,4.952425,265.45728,18.630066
2025-07-17 12:00:00,1000,1.3975258,0.11182654,305.68994,39.258713
2025-07-17 12:00:00,925,1.3663015,0.13966042,301.22754,38.41823
2025-07-17 12:00:00,850,1.6303587,0.3771584,295.33398,47.802673
2025-07-17 12:00:00,700,4.1629543,3.2880316,285.53345,6.303788
2025-07-17 12:00:00,500,12.671683,6.669528,264.67188,47.99359
2025-07-17 13:00:00,1000,2.4908476,0.3743661,306.5923,36.20752
2025-07-17 13:00:00,925,2.4443464,0.42852587,302.11377,35.56891
2025-07-17 13:00:00,850,3.3886375,0.7267956,296.18604,44.386795
2025-07-17 13:00:00,700,3.5361338,3.4786482,284.81177,7.752037
2025-07-17 13:00:00,500,15.630719,6.447014,264.2478,82.254944
2025-07-17 14:00:00,1000,3.3016071,-0.2697001,305.9414,39.828445
2025-07-17 14:00:00,925,3.2267609,-0.21856618,301.50513,39.06201
2025-07-17 14:00:00,850,4.947856,-0.44392765,295.6538,48.546066
2025-07-17 14:00:00,700,2.1873293,4.171632,283.9602,27.225525
2025-07-17 14:00:00,500,17.096344,6.949498,264.1267,79.70433
2025-07-17 15:00:00,1000,3.2625284,-0.9184452,305.0349,44.950485
2025-07-17 15:00:00,925,3.186985,-0.87731296,300.63452,44.000656
2025-07-17 15:00:00,850,5.1034975,-1.5531273,294.75293,56.107727
2025-07-17 15:00:00,700,3.1114044,5.433483,284.3794,23.819473
2025-07-17 15:00:00,500,16.588089,9.104259,263.85278,79.15318
2025-07-17 16:00:00,1000,3.0145855,-1.1893454,304.85596,46.230392
2025-07-17 16:00:00,925,2.9370422,-1.1679163,300.46387,45.513733
2025-07-17 16:00:00,850,4.6589813,-1.8643703,294.49316,58.76564
2025-07-17 16:00:00,700,4.6561995,5.827899,284.54663,17.797455
2025-07-17 16:00:00,500,14.848526,10.911002,263.75366,80.65889
2025-07-17 17:00:00,1000,2.9925928,-1.4634418,304.35034,47.518906
2025-07-17 17:00:00,925,2.9164429,-1.458435,299.94507,47.144974
2025-07-17 17:00:00,850,4.717325,-2.4254255,294.09766,58.711243
2025-07-17 17:00:00,700,5.1442432,5.710944,284.1809,18.990982
2025-07-17 17:00:00,500,14.673573,11.742567,263.84814,79.00162
2025-07-17 18:00:00,1000,2.8047028,-1.878972,303.44507,50.35707
2025-07-17 18:00:00,925,2.7419577,-1.8520908,299.0188,50.38417
2025-07-17 18:00:00,850,4.650755,-3.2805166,293.31714,60.604034
2025-07-17 18:00:00,700,5.8506365,5.841469,284.0923,15.68801
2025-07-17 18:00:00,500,16.439789,12.448026,263.9956,55.807037
2025-07-17 19:00:00,1000,2.4192657,-2.0607529,302.17554,54.464752
2025-07-17 19:00:00,925,2.3778162,-1.9914608,297.74243,54.60103
2025-07-17 19:00:00,850,4.498909,-4.038311,292.2168,64.41173
2025-07-17 19:00:00,700,6.565259,5.7453146,284.13843,11.605385
2025-07-17 19:00:00,500,17.55249,12.002045,263.8811,25.31012
2025-07-17 20:00:00,1000,1.9367895,-1.844326,300.7727,59.517365
2025-07-17 20:00:00,925,1.9242516,-1.7455702,296.32056,59.99591
2025-07-17 20:00:00,850,4.109458,-4.5721283,290.85327,69.31326
2025-07-17 20:00:00,700,6.979287,5.4282274,284.01465,10.501016
2025-07-17 20:00:00,500,18.370865,10.271407,264.3037,9.360688
2025-07-17 21:00:00,1000,1.7206049,-1.7814684,299.4187,64.92827
2025-07-17 21:00:00,925,1.7123013,-1.6833696,294.97705,65.437515
2025-07-17 21:00:00,850,3.4357252,-4.447279,289.59277,75.3457
2025-07-17 21:00:00,700,6.9666357,5.125862,283.62036,11.66174
2025-07-17 21:00:00,500,19.415466,8.169388,265.2151,8.130027
2025-07-17 22:00:00,1000,1.724783,-1.6578588,297.86743,78.50458
2025-07-17 22:00:00,925,1.6822777,-1.5461597,293.45947,78.68074
2025-07-17 22:00:00,850,3.769393,-3.2984228,288.46533,83.83647
2025-07-17 22:00:00,700,7.066038,4.2175646,283.86255,11.362997
2025-07-17 22:00:00,500,18.582443,6.6428814,265.45117,10.896257
2025-07-17 23:00:00,1000,1.361989,-1.4102802,297.15723,82.71059
2025-07-17 23:00:00,925,1.3469334,-1.2703657,292.75757,82.75214
2025-07-17 23:00:00,850,2.7133217,-3.3264904,288.37964,75.68431
2025-07-17 23:00:00,700,6.3583784,4.2648964,283.33862,12.082943
2025-07-17 23:00:00,500,18.628311,5.2858334,265.85693,19.66858
2025-07-18 00:00:00,1000,1.1724472,-1.3254204,296.6123,85.27832
2025-07-18 00:00:00,925,1.1678104,-1.209713,292.2329,85.11409
2025-07-18 00:00:00,850,1.6675749,-3.1942644,288.1526,72.54109
2025-07-18 00:00:00,700,5.629424,4.430151,282.98022,12.567251
2025-07-18 00:00:00,500,17.564941,4.5115213,265.8899,32.005844
2025-07-18 01:00:00,1000,1.123457,-1.1549339,296.188,87.25151
2025-07-18 01:00:00,925,1.1258249,-1.0413113,291.8125,86.90765
2025-07-18 01:00:00,850,1.2998562,-2.9784203,287.80957,71.325455
2025-07-18 01:00:00,700,5.5328264,4.7913027,282.74072,13.418758
2025-07-18 01:00:00,500,16.147018,4.311591,265.77368,42.971542
2025-07-18 02:00:00,1000,1.0979052,-1.148634,295.8042,88.55588
2025-07-18 02:00:00,925,1.1080494,-1.0430326,291.4182,88.38913
2025-07-18 02:00:00,850,1.0883484,-2.8833818,287.31104,70.37898
2025-07-18 02:00:00,700,5.838649,4.7447567,282.44214,14.026449
2025-07-18 02:00:00,500,14.729623,4.7896547,265.6753,47.856674
2025-07-18 03:00:00,1000,0.9463243,-1.2114305,295.53833,88.006
2025-07-18 03:00:00,925,0.9698989,-1.1317806,291.16357,87.96199
2025-07-18 03:00:00,850,0.56501526,-2.7157898,286.82642,68.76477
2025-07-18 03:00:00,700,6.068404,4.4455624,282.12842,14.442588
2025-07-18 03:00:00,500,13.740592,5.990424,265.64575,48.2722
2025-07-18 04:00:00,1000,0.7939011,-1.178813,295.29248,87.556915
2025-07-18 04:00:00,925,0.81312263,-1.1293049,290.93384,87.48407
2025-07-18 04:00:00,850,0.030789126,-2.420927,286.4026,69.77176
2025-07-18 04:00:00,700,6.170759,3.9453688,281.81836,14.940021
2025-07-18 04:00:00,500,13.502069,7.619136,265.65454,45.008636
2025-07-18 05:00:00,1000,0.6009956,-1.1097574,295.15527,83.9787
2025-07-18 05:00:00,925,0.6327875,-1.0389643,290.80664,84.09178
2025-07-18 05:00:00,850,-0.38873267,-1.9167566,286.0857,73.12016
2025-07-18 05:00:00,700,5.8074913,3.336732,281.4856,15.412081
2025-07-18 05:00:00,500,13.957275,8.9095545,265.75977,41.200256
2025-07-18 06:00:00,1000,0.4798569,-1.0321398,295.08594,79.46182
2025-07-18 06:00:00,925,0.511749,-0.98659396,290.74878,79.88516
2025-07-18 06:00:00,850,-0.47142786,-1.4343061,285.8794,75.15822
2025-07-18 06:00:00,700,5.2163906,2.8678713,281.11768,15.487859
2025-07-18 06:00:00,500,14.474763,9.406797,265.86377,39.049957
2025-07-18 07:00:00,1000,0.3421743,-0.922926,295.38647,72.632935
2025-07-18 07:00:00,925,0.37117183,-0.8585663,291.03247,73.7495
2025-07-18 07:00:00,850,-0.3347851,-1.0636702,285.76172,81.04129
2025-07-18 07:00:00,700,4.5270863,2.8980312,280.79102,15.699514
2025-07-18 07:00:00,500,14.776591,9.731788,265.9319,34.92166
2025-07-18 08:00:00,1000,0.18442369,-0.6972212,296.16235,64.80121
2025-07-18 08:00:00,925,0.20486456,-0.66714025,291.84595,65.17186
2025-07-18 08:00:00,850,-0.06770092,-0.68789905,286.3523,77.25461
2025-07-18 08:00:00,700,4.145261,3.152769,280.49243,15.963017
2025-07-18 08:00:00,500,14.5845785,10.363082,266.02856,25.8721
2025-07-18 09:00:00,1000,0.30913824,0.08222902,297.49072,56.64644
2025-07-18 09:00:00,925,0.287104,0.053572677,293.18115,56.240967
2025-07-18 09:00:00,850,0.18269718,0.45110303,287.63672,67.30449
2025-07-18 09:00:00,700,4.1689453,3.4214745,280.14795,16.318298
2025-07-18 09:00:00,500,13.671898,11.878163,266.03247,15.314595
2025-07-18 10:00:00,1000,0.70468926,0.7256223,298.05103,54.377045
2025-07-18 10:00:00,925,0.6587125,0.6983575,293.70825,54.328705
2025-07-18 10:00:00,850,0.68069327,1.2593851,288.04175,67.69266
2025-07-18 10:00:00,700,4.171832,3.944254,280.07153,16.89537
2025-07-18 10:00:00,500,12.783771,13.679307,265.68408,8.454799
2025-07-18 11:00:00,1000,1.0815115,1.0709324,299.53442,45.426163
2025-07-18 11:00:00,925,1.0286865,1.0675373,295.1631,45.340897
2025-07-18 11:00:00,850,1.2824965,1.8106203,289.47705,55.73564
2025-07-18 11:00:00,700,4.2376986,3.9012775,279.51,19.845245
2025-07-18 11:00:00,500,12.777445,15.147611,265.38574,6.4166555
2025-07-18 12:00:00,1000,1.7660847,0.9311891,300.6577,39.702454
2025-07-18 12:00:00,925,1.7074308,0.9530436,296.24463,39.5896
2025-07-18 12:00:00,850,2.3701391,1.4979429,290.59277,48.120346
2025-07-18 12:00:00,700,3.1029902,3.4032745,277.7661,47.065704
2025-07-18 12:00:00,500,12.729111,15.497201,264.96118,5.6640825
2025-07-18 13:00:00,1000,2.8398018,0.44613773,301.28857,36.941727
2025-07-18 13:00:00,925,2.748106,0.45520163,296.86426,36.9066
2025-07-18 13:00:00,850,4.06555,0.6382709,291.18555,45.323578
2025-07-18 13:00:00,700,2.3406363,3.5390282,277.8828,45.022736
2025-07-18 13:00:00,500,12.206108,14.3791685,264.26025,9.277151
2025-07-18 14:00:00,1000,3.3042784,-0.23175591,301.22534,37.522675
2025-07-18 14:00:00,925,3.2230482,-0.23743403,296.79126,37.12175
2025-07-18 14:00:00,850,4.96846,-0.55391777,291.15747,45.910767
2025-07-18 14:00:00,700,1.4573898,3.4195633,277.79102,51.9225
2025-07-18 14:00:00,500,12.187795,13.159643,263.45044,29.189087
2025-07-18 15:00:00,1000,3.6166267,-0.8480989,301.19385,37.58078
2025-07-18 15:00:00,925,3.5486965,-0.85832506,296.7644,37.103394
2025-07-18 15:00:00,850,5.5305977,-1.6396971,291.12988,46.36647
2025-07-18 15:00:00,700,1.3022156,2.9333448,277.46118,62.412888
2025-07-18 15:00:00,500,12.105165,12.140878,262.5813,51.598465
2025-07-18 16:00:00,1000,3.915739,-1.7033587,300.5464,39.544678
2025-07-18 16:00:00,925,3.8478212,-1.7389917,296.09302,39.538727
2025-07-18 16:00:00,850,6.42834,-3.113593,290.54248,48.651367
2025-07-18 16:00:00,700,1.0024223,2.719922,277.6814,57.798187
2025-07-18 16:00:00,500,11.522812,11.717651,261.76245,57.499237
2025-07-18 17:00:00,1000,3.7300491,-2.3284836,299.54565,41.857635
2025-07-18 17:00:00,925,3.6368303,-2.3573627,295.10522,41.839066
2025-07-18 17:00:00,850,6.7982874,-4.6500006,289.6311,50.475174
2025-07-18 17:00:00,700,0.97111434,2.6753721,277.80225,52.012405
2025-07-18 17:00:00,500,11.479703,11.714822,261.27856,57.468094
2025-07-18 18:00:00,1000,3.4117756,-2.5497513,298.74658,42.928696
2025-07-18 18:00:00,925,3.3148594,-2.5439186,294.3357,42.58998
2025-07-18 18:00:00,850,6.567917,-5.3278866,288.8506,51.636276
2025-07-18 18:00:00,700,2.0007153,2.677143,277.70215,47.583298
2025-07-18 18:00:00,500,11.813609,10.791555,261.11157,62.689423
2025-07-18 19:00:00,1000,3.0977879,-2.5569353,297.81763,46.749542
2025-07-18 19:00:00,925,2.966216,-2.4993343,293.43286,46.52829
2025-07-18 19:00:00,850,6.266715,-5.5416174,288.0349,55.366196
2025-07-18 19:00:00,700,3.6686401,1.7068396,277.45264,43.442627
2025-07-18 19:00:00,500,11.554794,8.86308,261.1853,69.27368
2025-07-18 20:00:00,1000,2.6360912,-2.235114,296.49585,56.109848
2025-07-18 20:00:00,925,2.503358,-2.1605768,292.12598,56.043213
2025-07-18 20:00:00,850,6.0456877,-5.657998,286.77148,65.65782
2025-07-18 20:00:00,700,4.9959135,0.2521261,277.02124,44.91272
2025-07-18 20:00:00,500,11.81112,6.4952135,261.51685,60.7081
2025-07-18 21:00:00,1000,2.2352304,-1.9890947,295.25684,66.03047
2025-07-18 21:00:00,925,2.1151123,-1.8984108,290.8982,66.08351
2025-07-18 21:00:00,850,5.3479834,-5.3063087,285.55884,78.24011
2025-07-18 21:00:00,700,5.1897526,-1.3583279,276.70825,52.459198
2025-07-18 21:00:00,500,12.992614,3.0590992,261.6416,48.678497
2025-07-18 22:00:00,1000,2.1663723,-1.3528595,294.479,77.46782
2025-07-18 22:00:00,925,2.001647,-1.2859001,290.1355,77.466095
2025-07-18 22:00:00,850,5.188488,-3.6237803,284.93164,88.04303
2025-07-18 22:00:00,700,6.4744444,-1.7106047,276.46997,55.98558
2025-07-18 22:00:00,500,15.20201,-1.1454802,261.9541,38.255325
2025-07-18 23:00:00,1000,1.9901371,-1.1812983,293.89258,82.227615
2025-07-18 23:00:00,925,1.808464,-1.1229115,289.55322,82.24408
2025-07-18 23:00:00,850,5.253583,-3.7711124,284.44287,91.04704
2025-07-18 23:00:00,700,5.9164457,-2.9958029,276.4629,54.395126
2025-07-18 23:00:00,500,16.311188,-2.9720545,262.19287,29.926254
2025-07-19 00:00:00,1000,1.9033117,-1.0128107,293.37793,85.94144
2025-07-19 00:00:00,925,1.7231388,-0.9350616,289.03174,85.98016
2025-07-19 00:00:00,850,5.306799,-3.8371305,284.12842,91.80119
2025-07-19 00:00:00,700,5.202264,-2.4468374,276.7317,49.872253
2025-07-19 00:00:00,500,16.840027,-4.806122,262.43848,30.375183
2025-07-19 01:00:00,1000,1.7801857,-0.89591587,293.02417,88.26611
2025-07-19 01:00:00,925,1.6134195,-0.80988425,288.70264,87.94763
2025-07-19 01:00:00,850,5.307435,-3.7766418,283.9314,93.99063
2025-07-19 01:00:00,700,5.3844366,-1.0578804,276.91333,42.869156
2025-07-19 01:00:00,500,15.335356,-6.5944138,262.59424,39.032013
2025-07-19 02:00:00,1000,1.7510662,-1.0352535,292.90625,88.69835
2025-07-19 02:00:00,925,1.5670519,-0.92975104,288.56982,88.658966
2025-07-19 02:00:00,850,5.316926,-4.092705,283.71265,95.32463
2025-07-19 02:00:00,700,6.562827,-0.39990467,277.0039,34.539352
2025-07-19 02:00:00,500,13.797988,-7.1261873,262.98608,49.448883
2025-07-19 03:00:00,1000,1.6977711,-1.0231218,292.84155,88.64177
2025-07-19 03:00:00,925,1.5538063,-0.96048206,288.5061,88.560776
2025-07-19 03:00:00,850,5.272707,-4.1555204,283.48804,95.37657
2025-07-19 03:00:00,700,7.4185114,-0.12358135,277.22778,28.25975
2025-07-19 03:00:00,500,14.646667,-6.868787,263.48267,47.34134
2025-07-19 04:00:00,1000,1.5966578,-0.89567757,292.66943,88.72252
2025-07-19 04:00:00,925,1.4740381,-0.87613547,288.33643,88.69423
2025-07-19 04:00:00,850,4.8752165,-3.6589174,283.19238,95.47531
2025-07-19 04:00:00,700,8.059821,0.006249059,277.583,28.312637
2025-07-19 04:00:00,500,16.954147,-5.779001,262.99902,62.865936
2025-07-19 05:00:00,1000,1.5438633,-0.663233,292.42236,88.93385
2025-07-19 05:00:00,925,1.4127245,-0.6911554,288.10156,88.71872
2025-07-19 05:00:00,850,4.404997,-2.843422,282.88403,96.1776
2025-07-19 05:00:00,700,8.672776,-0.2273975,277.7744,35.0007
2025-07-19 05:00:00,500,16.476074,-5.875903,263.14136,66.1353
2025-07-19 06:00:00,1000,1.6269732,-0.6133759,292.1648,87.67995
2025-07-19 06:00:00,925,1.4948311,-0.63568497,287.8318,87.76201
2025-07-19 06:00:00,850,4.2012453,-2.1229153,282.58862,97.06488
2025-07-19 06:00:00,700,9.30747,-0.6550611,277.65503,47.016144
2025-07-19 06:00:00,500,15.142262,-8.241139,264.0735,51.3945
2025-07-19 07:00:00,1000,1.7727089,-0.5709022,292.3562,82.02472
2025-07-19 07:00:00,925,1.6793642,-0.6291598,288.05176,81.995346
2025-07-19 07:00:00,850,3.6178522,-1.2677927,282.5559,97.40459
2025-07-19 07:00:00,700,9.477347,-1.0414495,277.47192,58.989258
2025-07-19 07:00:00,500,14.531617,-8.317986,264.6006,43.288635
2025-07-19 08:00:00,1000,1.8207369,-0.31273305,293.0542,69.926895
2025-07-19 08:00:00,925,1.7851124,-0.3968717,288.77148,69.38304
2025-07-19 08:00:00,850,3.1224766,-0.44445044,283.1897,86.54675
2025-07-19 08:00:00,700,9.73375,-1.4822092,277.40283,63.722183
2025-07-19 08:00:00,500,15.357391,-4.064681,264.6704,49.44023
2025-07-19 09:00:00,1000,1.8008614,0.04948669,294.23413,58.724014
2025-07-19 09:00:00,925,1.7781506,-0.033853237,289.93726,58.14514
2025-07-19 09:00:00,850,2.7916012,0.1278283,284.3706,72.907074
2025-07-19 09:00:00,700,10.196581,-1.9543791,277.59692,61.509094
2025-07-19 09:00:00,500,17.98491,1.167614,264.45825,60.5627
2025-07-19 10:00:00,1000,1.8508224,0.7917635,295.3501,54.62993
2025-07-19 10:00:00,925,1.813982,0.6810398,291.02002,54.373672
2025-07-19 10:00:00,850,2.8221397,1.2591333,285.4497,67.73871
2025-07-19 10:00:00,700,7.9687605,-1.5213442,277.92822,68.095184
2025-07-19 10:00:00,500,19.769608,1.4997177,263.90137,83.332504
2025-07-19 11:00:00,1000,3.058591,1.0028648,296.94434,48.19455
2025-07-19 11:00:00,925,3.0135565,0.9029412,292.6067,47.98979
2025-07-19 11:00:00,850,4.922161,1.6578035,287.02783,59.500595
2025-07-19 11:00:00,700,7.562085,-0.59994185,278.24658,67.744995
2025-07-19 11:00:00,500,18.763672,1.3914986,263.67456,84.05522
2025-07-19 12:00:00,1000,3.6928005,0.8190685,298.32837,43.46379
2025-07-19 12:00:00,925,3.6218777,0.6963965,293.95142,43.095535
2025-07-19 12:00:00,850,6.076252,1.4319391,288.41968,52.763306
2025-07-19 12:00:00,700,7.7318916,0.1592896,278.4607,69.25542
2025-07-19 12:00:00,500,18.112656,3.068016,263.8186,77.53017
2025-07-19 13:00:00,1000,3.9790945,0.8840296,299.06714,42.069366
2025-07-19 13:00:00,925,3.9002323,0.74078774,294.6726,41.697784
2025-07-19 13:00:00,850,6.6389084,1.578372,289.12793,51.27632
2025-07-19 13:00:00,700,7.947214,0.4320541,278.03467,75.27295
2025-07-19 13:00:00,500,17.969559,5.4778194,263.83228,72.28381
2025-07-19 14:00:00,1000,4.1434593,1.0036602,300.063,39.347565
2025-07-19 14:00:00,925,4.0404854,0.84376985,295.64697,39.344635
2025-07-19 14:00:00,850,7.10888,1.9330263,290.07104,48.044342
2025-07-19 14:00:00,700,8.319528,1.2044373,277.79932,76.0829
2025-07-19 14:00:00,500,18.466095,7.061184,263.58667,70.129745
2025-07-19 15:00:00,1000,4.093608,1.0304222,300.23413,39.148407
2025-07-19 15:00:00,925,3.9822378,0.86774635,295.81958,39.15677
2025-07-19 15:00:00,850,7.2304907,2.0082617,290.31274,47.209946
2025-07-19 15:00:00,700,9.562256,2.5818624,278.75464,62.497192
2025-07-19 15:00:00,500,19.27359,7.7311115,263.5454,68.135925
2025-07-19 16:00:00,1000,4.0844526,1.041645,299.88135,40.658997
2025-07-19 16:00:00,925,3.9644384,0.8716173,295.47388,40.700012
2025-07-19 16:00:00,850,7.42173,1.9853086,290.02637,48.600235
2025-07-19 16:00:00,700,10.421546,3.2978497,279.2295,54.010727
2025-07-19 16:00:00,500,20.705872,7.241617,263.76733,56.52423
2025-07-19 17:00:00,1000,4.1152697,1.0152607,299.4673,41.99417
2025-07-19 17:00:00,925,3.99889,0.8237298,295.06396,42.03621
2025-07-19 17:00:00,850,7.73855,1.8640976,289.61987,50.462357
2025-07-19 17:00:00,700,11.624448,2.8334427,279.51,50.545547
2025-07-19 17:00:00,500,22.029755,5.811598,263.65137,36.174973
2025-07-19 18:00:00,1000,3.9449463,1.011693,298.89893,44.273087
2025-07-19 18:00:00,925,3.8636208,0.8630511,294.5127,44.053207
2025-07-19 18:00:00,850,7.719326,1.9716778,289.1306,52.292404
2025-07-19 18:00:00,700,12.968822,1.4009485,279.57178,53.955414
2025-07-19 18:00:00,500,22.74263,4.913109,263.0691,24.845535
2025-07-19 19:00:00,1000,3.5524921,1.2416105,297.9773,48.432007
2025-07-19 19:00:00,925,3.4726572,1.048255,293.61206,48.311584
2025-07-19 19:00:00,850,7.5613194,2.552558,288.2788,56.847794
2025-07-19 19:00:00,700,13.294489,0.471389,279.70288,59.70694
2025-07-19 19:00:00,500,23.66655,5.288106,262.68823,20.882309
2025-07-19 20:00:00,1000,2.6705313,1.209403,296.83936,54.426025
2025-07-19 20:00:00,925,2.6292515,1.0184679,292.49292,54.061325
2025-07-19 20:00:00,850,7.060773,2.7150497,287.12573,63.839783
2025-07-19 20:00:00,700,13.847432,1.4156294,279.8335,59.522415
2025-07-19 20:00:00,500,25.227402,6.6768856,262.761,21.618362
2025-07-19 21:00:00,1000,2.709279,1.3297653,295.63696,60.94725
2025-07-19 21:00:00,925,2.633175,1.0702963,291.29346,60.94037
2025-07-19 21:00:00,850,7.2210007,2.7337112,285.99194,71.61034
2025-07-19 21:00:00,700,15.178502,2.854786,279.67944,60.594696
2025-07-19 21:00:00,500,25.816483,7.0400267,262.4082,28.238617
2025-07-19 22:00:00,1000,2.2841349,1.3506393,294.219,69.732956
2025-07-19 22:00:00,925,2.107873,1.0437298,289.87695,69.87839
2025-07-19 22:00:00,850,6.4101696,2.5604763,284.66748,81.7536
2025-07-19 22:00:00,700,17.166458,5.2789574,279.22314,58.37712
2025-07-19 22:00:00,500,28.64679,6.766815,262.32495,46.481934
2025-07-19 23:00:00,1000,2.2292795,1.2053556,293.6311,74.28429
2025-07-19 23:00:00,925,1.9832478,0.94547164,289.30103,74.10257
2025-07-19 23:00:00,850,6.7666216,2.458847,284.16602,86.418884
2025-07-19 23:00:00,700,17.412292,3.9986382,278.3662,72.97403
2025-07-19 23:00:00,500,28.421524,5.230977,262.66724,49.93022
2025-07-20 00:00:00,1000,2.1527739,1.0558224,293.3064,77.20921
2025-07-20 00:00:00,925,1.8958836,0.8875656,288.97656,77.17235
2025-07-20 00:00:00,850,7.2759495,2.1269627,284.0144,89.86125
2025-07-20 00:00:00,700,18.894424,3.6287422,277.72705,80.19142
2025-07-20 00:00:00,500,30.656311,4.6757355,263.0359,27.449005
2025-07-20 01:00:00,1000,2.5706387,1.1073198,293.28564,78.98558
2025-07-20 01:00:00,925,2.3066835,0.9971834,288.94556,79.04636
2025-07-20 01:00:00,850,6.9867325,1.9185362,283.8413,92.76811
2025-07-20 01:00:00,700,19.884705,3.7155924,277.16797,84.05177
2025-07-20 01:00:00,500,31.461761,4.7270746,263.21533,21.099762
2025-07-20 02:00:00,1000,2.4078884,1.089325,293.1975,80.80534
2025-07-20 02:00:00,925,2.188942,1.0106058,288.85962,80.66516
2025-07-20 02:00:00,850,6.1229706,1.7061415,283.71704,95.056625
2025-07-20 02:00:00,700,20.915756,4.279153,276.6814,85.645096
2025-07-20 02:00:00,500,30.95192,5.0234213,263.031,17.809616
2025-07-20 03:00:00,1000,2.0752401,1.132328,293.02295,83.00638
2025-07-20 03:00:00,925,1.8820915,1.025567,288.69434,83.06073
2025-07-20 03:00:00,850,5.2761297,1.8311768,283.60522,96.78842
2025-07-20 03:00:00,700,20.816025,4.7905264,275.7329,93.897446
2025-07-20 03:00:00,500,30.667099,5.048979,263.292,11.726488
2025-07-20 04:00:00,1000,2.1542683,1.1156301,292.8506,84.56279
2025-07-20 04:00:00,925,1.9599981,1.017437,288.5127,84.797485
2025-07-20 04:00:00,850,5.2024584,2.0562744,283.57544,96.89189
2025-07-20 04:00:00,700,20.547806,5.498208,275.06934,94.35211
2025-07-20 04:00:00,500,30.112762,4.03039,263.42334,6.1898947
2025-07-20 05:00:00,1000,2.0121956,0.89976317,292.9248,83.54225
2025-07-20 05:00:00,925,1.8409309,0.82904434,288.58618,83.8389
2025-07-20 05:00:00,850,4.9781313,1.6840668,283.76733,94.52409
2025-07-20 05:00:00,700,20.136917,6.135504,274.70557,71.44687
2025-07-20 05:00:00,500,29.104752,3.1804752,263.23657,4.4848204
2025-07-20 06:00:00,1000,1.8849182,0.70224965,292.7207,85.71431
2025-07-20 06:00:00,925,1.70961,0.6267287,288.38306,85.77011
2025-07-20 06:00:00,850,4.5643234,1.4274149,283.49023,95.82611
2025-07-20 06:00:00,700,19.318878,5.776888,275.28467,37.738373
2025-07-20 06:00:00,500,28.204697,3.406476,263.00757,3.9904785
2025-07-20 07:00:00,1000,1.9371367,0.6964217,292.70142,84.858536
2025-07-20 07:00:00,925,1.8345394,0.62109315,288.39478,84.92468
2025-07-20 07:00:00,850,5.018794,1.4204397,283.3562,93.66701
2025-07-20 07:00:00,700,17.839066,4.646611,276.03394,21.309616
2025-07-20 07:00:00,500,27.592834,4.226754,262.906,4.136179
2025-07-20 08:00:00,1000,1.9644127,0.5834918,292.865,81.04918
2025-07-20 08:00:00,925,1.8807802,0.52410483,288.56348,81.10695
2025-07-20 08:00:00,850,4.5643406,1.1013994,283.3628,90.502045
2025-07-20 08:00:00,700,17.004196,3.6334429,276.72363,15.918954
2025-07-20 08:00:00,500,27.364243,5.0229073,262.9021,4.1372843
2025-07-20 09:00:00,1000,2.6638098,0.49727356,293.52222,71.82602
2025-07-20 09:00:00,925,2.5456486,0.45473605,289.19653,72.00224
2025-07-20 09:00:00,850,4.903387,0.84245455,283.7959,84.97237
2025-07-20 09:00:00,700,16.649597,3.0294237,276.85522,16.559586
2025-07-20 09:00:00,500,27.592499,5.250407,262.84302,4.661478
2025-07-20 10:00:00,1000,3.0527678,0.021951836,294.48022,60.63925
2025-07-20 10:00:00,925,2.9607306,-0.0053466186,290.1538,60.277634
2025-07-20 10:00:00,850,5.225525,-0.013368998,284.72314,73.546936
2025-07-20 10:00:00,700,14.397707,3.2703724,277.42432,14.508064
2025-07-20 10:00:00,500,26.764114,5.2935944,262.43848,4.6809235
2025-07-20 11:00:00,1000,3.6560822,0.016688429,295.3413,51.906326
2025-07-20 11:00:00,925,3.5835037,-0.029858831,290.98853,51.801376
2025-07-20 11:00:00,850,6.3029623,-0.000109443834,285.53223,63.482605
2025-07-20 11:00:00,700,14.787839,2.1303034,277.08618,15.051477
2025-07-20 11:00:00,500,26.617416,5.8650656,262.06616,5.186904
2025-07-20 12:00:00,1000,3.878046,0.25098747,296.1277,45.666977
2025-07-20 12:00:00,925,3.8101664,0.1890766,291.7649,45.52977
2025-07-20 12:00:00,850,6.671934,0.45355397,286.29102,55.956528
2025-07-20 12:00:00,700,14.349909,0.9811758,276.83325,16.57602
2025-07-20 12:00:00,500,27.231094,6.288604,262.01294,6.6170435
2025-07-20 13:00:00,1000,4.133416,-0.029086236,296.708,41.792725
2025-07-20 13:00:00,925,4.0642996,-0.08830345,292.3081,41.810287
2025-07-20 13:00:00,850,7.25169,0.012787946,286.83594,50.918564
2025-07-20 13:00:00,700,13.626287,-0.05360726,276.3396,17.691498
2025-07-20 13:00:00,500,27.58548,5.686759,261.57642,7.7679033
2025-07-20 14:00:00,1000,4.347769,-0.25260967,296.9917,38.847656
2025-07-20 14:00:00,925,4.264246,-0.32047993,292.5608,39.148987
2025-07-20 14:00:00,850,7.583434,-0.3428151,287.12158,47.642212
2025-07-20 14:00:00,700,12.174777,0.12577873,275.84033,22.20337
2025-07-20 14:00:00,500,28.447739,4.433179,261.36182,9.641241
2025-07-20 15:00:00,1000,4.4136887,-0.643981,296.9248,38.45305
2025-07-20 15:00:00,925,4.3113003,-0.72097653,292.49,38.667236
2025-07-20 15:00:00,850,7.709386,-0.9490354,287.08838,46.59102
2025-07-20 15:00:00,700,11.150361,0.6863964,275.71582,23.185272
2025-07-20 15:00:00,500,28.871918,3.350294,261.27393,8.736086
2025-07-20 16:00:00,1000,4.22025,-1.1709051,296.4214,40.53824
2025-07-20 16:00:00,925,4.112789,-1.2466459,291.97827,40.867157
2025-07-20 16:00:00,850,7.5908613,-1.8708706,286.62915,48.936646
2025-07-20 16:00:00,700,10.874715,1.284894,276.01562,19.06871
2025-07-20 16:00:00,500,28.898956,2.1363382,261.25928,6.1377535
2025-07-20 17:00:00,1000,3.9648619,-1.6921511,295.66113,44.009567
2025-07-20 17:00:00,925,3.840148,-1.7614784,291.24414,44.06871
2025-07-20 17:00:00,850,7.315777,-2.892127,285.89062,53.125
2025-07-20 17:00:00,700,11.151235,1.1503916,276.2932,17.743744
2025-07-20 17:00:00,500,27.83519,0.7845833,261.29175,5.502902
2025-07-20 18:00:00,1000,3.604062,-2.0093775,294.63818,48.225388
2025-07-20 18:00:00,925,3.4998407,-2.0749254,290.24658,48.16124
2025-07-20 18:00:00,850,6.876152,-3.645873,284.9485,57.970184
2025-07-20 18:00:00,700,11.455677,0.15479106,276.57715,17.48703
2025-07-20 18:00:00,500,25.506378,0.32424897,261.19092,5.0057955
2025-07-20 19:00:00,1000,3.1218472,-1.9537535,293.62866,53.44107
2025-07-20 19:00:00,925,3.0128803,-2.0089579,289.27637,53.297836
2025-07-20 19:00:00,850,6.2937565,-3.9056482,284.03296,63.458755
2025-07-20 19:00:00,700,11.440024,-1.5223446,276.81128,17.68431
2025-07-20 19:00:00,500,22.10141,-1.5857382,261.03198,4.3612146
2025-07-20 20:00:00,1000,2.634285,-1.7246819,292.70483,59.191437
2025-07-20 20:00:00,925,2.5201826,-1.7989788,288.3662,59.202393
2025-07-20 20:00:00,850,5.9340925,-4.009594,283.1482,69.95293
2025-07-20 20:00:00,700,10.657561,-3.07973,277.06885,18.602371
2025-07-20 20:00:00,500,19.718857,-5.7542915,261.16772,4.5694723
2025-07-20 21:00:00,1000,2.498908,-1.7206573,291.86475,65.19887
2025-07-20 21:00:00,925,2.3706388,-1.7801371,287.5381,65.33392
2025-07-20 21:00:00,850,5.4979076,-3.9772577,282.32446,77.35507
2025-07-20 21:00:00,700,9.436157,-3.8388338,277.44922,19.30812
2025-07-20 21:00:00,500,20.609741,-9.843389,262.11523,4.5931177
2025-07-20 22:00:00,1000,2.308179,-1.3818121,291.21948,76.96298
2025-07-20 22:00:00,925,2.1342182,-1.4198074,286.8994,77.08244
2025-07-20 22:00:00,850,5.428438,-3.5947332,281.69043,91.101685
2025-07-20 22:00:00,700,7.475684,-3.710783,277.93457,20.190353
2025-07-20 22:00:00,500,21.43364,-12.60102,262.87305,4.950203
2025-07-20 23:00:00,1000,1.9886379,-1.1815338,290.82178,79.64375
2025-07-20 23:00:00,925,1.8151779,-1.2305946,286.50586,79.77142
2025-07-20 23:00:00,850,5.4906836,-3.585309,281.3108,93.534225
2025-07-20 23:00:00,700,8.073951,-3.312892,277.8557,18.776917
2025-07-20 23:00:00,500,21.437225,-12.722039,263.78833,8.3289
2025-07-21 00:00:00,1000,1.7888632,-1.1105528,290.4746,81.485214
2025-07-21 00:00:00,925,1.6209631,-1.1503639,286.16284,81.5585
2025-07-21 00:00:00,850,5.2695,-3.6474915,280.98438,94.323
2025-07-21 00:00:00,700,8.435701,-3.1435232,277.76953,16.242188
2025-07-21 00:00:00,500,21.774872,-11.855193,264.39038,16.754578
2025-07-21 01:00:00,1000,2.0265017,-1.2428942,290.3269,80.30255
2025-07-21 01:00:00,925,1.8783674,-1.2698765,286.0298,80.15752
2025-07-21 01:00:00,850,5.1202602,-3.647482,280.84448,94.41998
2025-07-21 01:00:00,700,8.916591,-3.2199602,277.6748,14.194887
2025-07-21 01:00:00,500,21.892014,-10.3944645,264.80542,30.414307
2025-07-21 02:00:00,1000,2.0303345,-1.2974997,290.1902,79.91153
2025-07-21 02:00:00,925,1.873455,-1.3339758,285.90527,79.68245
2025-07-21 02:00:00,850,4.822054,-3.7083864,280.73438,93.999664
2025-07-21 02:00:00,700,8.9852495,-3.1480474,277.74,13.739885
2025-07-21 02:00:00,500,21.38919,-9.430939,265.1526,43.96295
2025-07-21 03:00:00,1000,1.9589205,-1.3356571,289.9878,80.72455
2025-07-21 03:00:00,925,1.8065205,-1.3602972,285.70898,80.55551
2025-07-21 03:00:00,850,4.919882,-4.0951805,280.55103,94.315506
2025-07-21 03:00:00,700,9.126214,-3.1139698,277.88818,14.410183
2025-07-21 03:00:00,500,20.517471,-8.639886,265.3435,49.691986
2025-07-21 04:00:00,1000,1.8096905,-1.396246,289.77588,81.37094
2025-07-21 04:00:00,925,1.674119,-1.435235,285.50098,81.045685
2025-07-21 04:00:00,850,4.603571,-4.2967863,280.36084,94.50296
2025-07-21 04:00:00,700,9.155224,-3.1604443,278.00732,15.007702
2025-07-21 04:00:00,500,20.203476,-8.206277,265.5652,51.512146
2025-07-21 05:00:00,1000,1.6856413,-1.424818,289.6079,81.42764
2025-07-21 05:00:00,925,1.5615778,-1.468441,285.3379,81.13779
2025-07-21 05:00:00,850,4.1188145,-4.2615166,280.21118,94.18887
2025-07-21 05:00:00,700,9.257664,-3.3399754,278.10083,15.59844
2025-07-21 05:00:00,500,20.11789,-7.6277933,265.62183,51.060043
2025-07-21 06:00:00,1000,1.5005293,-1.2642221,289.40527,82.47688
2025-07-21 06:00:00,925,1.4116898,-1.3097305,285.15796,81.92891
2025-07-21 06:00:00,850,3.8318377,-3.9984827,280.23853,89.49512
2025-07-21 06:00:00,700,9.2655115,-3.5435,278.20288,16.03926
2025-07-21 06:00:00,500,19.748627,-6.874117,265.47632,51.98462
2025-07-21 07:00:00,1000,1.5376701,-1.3929405,289.93896,75.288895
2025-07-21 07:00:00,925,1.4909801,-1.4529228,285.6704,75.273026
2025-07-21 07:00:00,850,3.2523565,-3.338461,280.50073,87.731995
2025-07-21 07:00:00,700,9.162553,-3.5452957,278.29907,16.155396
2025-07-21 07:00:00,500,19.490875,-6.1577864,265.5149,53.231552
2025-07-21 08:00:00,1000,1.4935999,-1.363328,290.99487,65.88985
2025-07-21 08:00:00,925,1.4948463,-1.4450006,286.74316,65.592224
2025-07-21 08:00:00,850,2.639268,-2.4471416,281.28857,81.09413
2025-07-21 08:00:00,700,8.893727,-3.3208647,278.3191,16.158035
2025-07-21 08:00:00,500,19.111465,-5.937475,265.7583,50.03206
2025-07-21 09:00:00,1000,1.3846207,-1.1222181,292.29517,57.91748
2025-07-21 09:00:00,925,1.3536396,-1.2040958,288.02344,57.612076
2025-07-21 09:00:00,850,2.2017117,-1.8326406,282.54248,70.62547
2025-07-21 09:00:00,700,8.791371,-3.1484928,278.38232,15.763442
2025-07-21 09:00:00,500,17.810028,-6.0560513,265.9668,40.0746
2025-07-21 10:00:00,1000,1.3311224,-0.43155086,293.6626,50.691147
2025-07-21 10:00:00,925,1.302846,-0.47176474,289.365,50.366547
2025-07-21 10:00:00,850,1.9626093,-0.52910554,283.78003,62.90959
2025-07-21 10:00:00,700,7.5783815,-2.2820683,278.3828,17.286102
2025-07-21 10:00:00,500,16.448349,-4.0329533,266.55396,24.436035
2025-07-21 11:00:00,1000,1.3822279,-0.1539588,295.2373,43.939606
2025-07-21 11:00:00,925,1.36238,-0.16251642,290.92188,43.63913
2025-07-21 11:00:00,850,1.9566221,0.018192101,285.29126,54.707016
2025-07-21 11:00:00,700,7.295553,-1.8401184,278.33032,16.09552
2025-07-21 11:00:00,500,14.963139,-3.002634,266.5979,20.485046
2025-07-21 12:00:00,1000,1.4832411,-0.23137683,296.62036,39.151947
2025-07-21 12:00:00,925,1.477665,-0.23822159,292.2893,38.719543
2025-07-21 12:00:00,850,2.0368614,-0.041593757,286.62842,48.52249
2025-07-21 12:00:00,700,6.769026,-1.2090483,278.51367,14.567953
2025-07-21 12:00:00,500,14.66536,-1.5965528,266.6858,19.121567
2025-07-21 13:00:00,1000,1.606204,-0.25836593,297.8811,36.005753
2025-07-21 13:00:00,925,1.5915337,-0.267806,293.5327,35.43921
2025-07-21 13:00:00,850,2.1854362,-0.048256796,287.84644,44.239853
2025-07-21 13:00:00,700,6.2288885,-0.35306638,278.81494,12.824149
2025-07-21 13:00:00,500,14.965267,-0.99426687,266.8484,17.669174
2025-07-21 14:00:00,1000,1.741189,-0.24061841,298.91382,33.827057
2025-07-21 14:00:00,925,1.7122812,-0.23698872,294.54297,33.435425
2025-07-21 14:00:00,850,2.3953056,-0.017579187,288.85522,41.503952
2025-07-21 14:00:00,700,5.4823723,0.6218729,278.92822,11.712415
2025-07-21 14:00:00,500,15.133311,-1.1181021,267.09473,15.470099
2025-07-21 15:00:00,1000,1.886281,-0.34142935,299.6609,32.839203
2025-07-21 15:00:00,925,1.8439169,-0.3272133,295.2827,32.513824
2025-07-21 15:00:00,850,2.588336,-0.13787311,289.59277,40.192215
2025-07-21 15:00:00,700,4.7174006,1.3966599,279.11523,11.680919
2025-07-21 15:00:00,500,14.802691,-1.319025,267.2666,14.210117
2025-07-21 16:00:00,1000,2.0007915,-0.52748096,300.0349,33.09059
2025-07-21 16:00:00,925,1.9671345,-0.5122651,295.6543,32.862473
2025-07-21 16:00:00,850,2.7228222,-0.48843294,289.9751,40.382034
2025-07-21 16:00:00,700,4.162033,1.7903271,279.27295,13.136024
2025-07-21 16:00:00,500,14.128315,-1.317174,267.27905,13.772379
2025-07-21 17:00:00,1000,2.103857,-0.7491386,300.02808,34.672836
2025-07-21 17:00:00,925,2.0853043,-0.7403165,295.64697,34.463745
2025-07-21 17:00:00,850,2.8270655,-0.9787372,289.99634,42.32823
2025-07-21 17:00:00,700,3.7369566,1.9205561,279.5393,13.985875
2025-07-21 17:00:00,500,13.233456,-1.1643057,267.17847,13.918687
2025-07-21 18:00:00,1000,2.1510754,-1.0820093,299.5503,38.072144
2025-07-21 18:00:00,925,2.129015,-1.0665388,295.15674,37.95157
2025-07-21 18:00:00,850,2.9634142,-1.7175951,289.5735,46.241165
2025-07-21 18:00:00,700,3.4435215,2.0319977,279.8628,14.306128
2025-07-21 18:00:00,500,12.3658,-0.716825,267.00073,15.580943
2025-07-21 19:00:00,1000,2.0605803,-1.3774424,298.57935,43.619873
2025-07-21 19:00:00,925,2.0660133,-1.34515,294.17627,43.672714
2025-07-21 19:00:00,850,3.3447847,-2.7038937,288.7212,51.783478
2025-07-21 19:00:00,700,3.7537708,2.125249,280.2046,13.544625
2025-07-21 19:00:00,500,11.859467,-0.16235077,266.77368,19.340271
2025-07-21 20:00:00,1000,1.7958775,-1.4593344,297.2766,49.61783
2025-07-21 20:00:00,925,1.7890806,-1.4392633,292.8545,49.926697
2025-07-21 20:00:00,850,3.2779074,-3.641386,287.49414,57.548584
2025-07-21 20:00:00,700,4.7920275,1.9958735,280.57764,11.768103
2025-07-21 20:00:00,500,11.511829,0.15755814,266.52417,25.901459
2025-07-21 21:00:00,1000,1.5246401,-1.4315329,295.98755,55.306595
2025-07-21 21:00:00,925,1.5046444,-1.3890276,291.5725,55.658478
2025-07-21 21:00:00,850,2.5145712,-3.3655748,286.53784,61.88762
2025-07-21 21:00:00,700,5.7112484,1.535387,280.98804,11.479644
2025-07-21 21:00:00,500,10.999813,0.32678622,266.1775,33.612198
2025-07-21 22:00:00,1000,1.4385233,-1.1290331,294.6648,63.026047
2025-07-21 22:00:00,925,1.3881159,-1.0652227,290.25244,63.41765
2025-07-21 22:00:00,850,2.5361242,-1.962493,286.6521,62.091537
2025-07-21 22:00:00,700,6.6647053,0.24979007,281.18408,15.327475
2025-07-21 22:00:00,500,11.532546,-0.07916361,265.71826,46.109787
2025-07-21 23:00:00,1000,1.229784,-0.87508845,294.09155,66.44798
2025-07-21 23:00:00,925,1.1825275,-0.84525734,289.69946,66.667725
2025-07-21 23:00:00,850,2.3859453,-1.2592936,286.92236,59.055664
2025-07-21 23:00:00,700,6.33037,-0.27615553,281.1792,21.15033
2025-07-21 23:00:00,500,11.184125,0.55516833,265.3225,52.075104
2024-07-22 00:00:00,1000,-1.485611,0.028371014,296.0996,61.507706
2024-07-22 00:00:00,925,-1.333499,0.14209145,291.68066,62.304047
2024-07-22 00:00:00,850,-3.1964502,-0.34477907,288.58008,50.45424
2024-07-22 00:00:00,700,-1.5515928,-6.162032,283.7544,36.336044
2024-07-22 00:00:00,500,5.0376673,-4.9958267,266.7583,41.340057
2024-07-22 01:00:00,1000,-1.5628777,0.28515702,295.2849,64.91388
2024-07-22 01:00:00,925,-1.4009428,0.4003746,290.87085,65.51135
2024-07-22 01:00:00,850,-3.1531925,-0.20176625,287.9192,52.161987
2024-07-22 01:00:00,700,-1.5449266,-5.5044537,284.08936,30.133133
2024-07-22 01:00:00,500,5.143634,-4.9269476,266.56787,40.45372
2024-07-22 02:00:00,1000,-1.5382872,0.4549855,294.49023,68.61403
2024-07-22 02:00:00,925,-1.378047,0.5576191,290.11914,68.75015
2024-07-22 02:00:00,850,-2.8606014,-0.09675115,287.7063,51.359512
2024-07-22 02:00:00,700,-1.5571871,-4.811881,284.0398,27.540482
2024-07-22 02:00:00,500,5.258522,-4.894578,266.37915,39.76071
2024-07-22 03:00:00,1000,-1.3841133,0.52282214,293.78833,72.01007
2024-07-22 03:00:00,925,-1.2101831,0.5894788,289.45142,71.90811
2024-07-22 03:00:00,850,-2.536605,-0.19517916,288.00806,46.822586
2024-07-22 03:00:00,700,-1.2766905,-4.4569483,283.8723,26.46463
2024-07-22 03:00:00,500,5.35548,-4.744564,266.2085,38.928345
2024-07-22 04:00:00,1000,-1.2361383,0.5467996,293.32202,75.24426
2024-07-22 04:00:00,925,-1.0604153,0.58781725,289.02637,75.22551
2024-07-22 04:00:00,850,-2.4606886,-0.24703223,288.4414,40.18695
2024-07-22 04:00:00,700,-0.9892919,-4.291855,283.7705,25.211456
2024-07-22 04:00:00,500,5.489609,-4.4648733,266.0681,37.684677
2024-07-22 05:00:00,1000,-1.0676804,0.53061515,293.2163,77.76451
2024-07-22 05:00:00,925,-0.90124136,0.5589971,288.93042,77.78641
2024-07-22 05:00:00,850,-2.5519161,-0.32707274,288.88428,33.635574
2024-07-22 05:00:00,700,-0.74427307,-4.325964,283.76978,23.614471
2024-07-22 05:00:00,500,5.814459,-4.319525,265.93506,36.607544
2024-07-22 06:00:00,1000,-0.87427366,0.4994821,293.4619,78.55113
2024-07-22 06:00:00,925,-0.70358205,0.51928794,289.19336,78.482605
2024-07-22 06:00:00,850,-2.7614698,-0.26089674,289.1538,30.811554
2024-07-22 06:00:00,700,-0.6047579,-4.2742004,283.77588,23.02858
2024-07-22 06:00:00,500,6.01558,-4.0386963,265.78394,36.951218
2024-07-22 07:00:00,1000,-0.97299534,0.4240303,293.76172,68.67816
2024-07-22 07:00:00,925,-0.8596354,0.43096435,289.43726,68.430405
2024-07-22 07:00:00,850,-2.8487368,-0.25440294,289.31177,31.546234
2024-07-22 07:00:00,700,-0.44422865,-4.211277,283.74097,23.836655
2024-07-22 07:00:00,500,6.0792913,-3.6347456,265.69287,37.66304
2024-07-22 08:00:00,1000,-1.1926546,0.31659198,295.38184,52.880936
2024-07-22 08:00:00,925,-1.0880079,0.28226376,290.89868,53.481308
2024-07-22 08:00:00,850,-2.8975706,-0.17891538,289.44678,34.10379
2024-07-22 08:00:00,700,-0.309031,-3.9769173,283.7085,24.92389
2024-07-22 08:00:00,500,6.070833,-2.990322,265.68604,38.318268
2024-07-22 09:00:00,1000,-1.3898497,0.2151187,297.7046,42.99698
2024-07-22 09:00:00,925,-1.2896976,0.18232721,293.2002,43.80951
2024-07-22 09:00:00,850,-2.6762123,-0.14971179,289.23486,37.485535
2024-07-22 09:00:00,700,-0.13286012,-3.6935863,283.73315,25.548721
2024-07-22 09:00:00,500,6.306201,-2.2244148,265.7417,38.57756
2024-07-22 10:00:00,1000,-1.127204,0.019030236,299.20972,35.694595
2024-07-22 10:00:00,925,-1.0797262,-0.019922253,294.70117,36.117203
2024-07-22 10:00:00,850,-1.4599628,-0.16341418,289.12817,41.775787
2024-07-22 10:00:00,700,-1.9872522,-1.7594585,284.0979,27.304367
2024-07-22 10:00:00,500,7.8595695,-1.7067032,265.91406,37.578568
2024-07-22 11:00:00,1000,-1.1048355,0.1055004,301.24194,32.673523
2024-07-22 11:00:00,925,-1.0212622,0.074273586,296.76538,33.109802
2024-07-22 11:00:00,850,-1.5531359,-0.029478285,290.93823,39.501175
2024-07-22 11:00:00,700,-2.0274687,-0.85281813,284.0713,28.15332
2024-07-22 11:00:00,500,8.575699,-1.22293,265.96313,37.915802
2024-07-22 12:00:00,1000,-1.1092329,0.20261258,302.91064,30.727005
2024-07-22 12:00:00,925,-1.0396061,0.20574737,298.5144,30.340378
2024-07-22 12:00:00,850,-1.6415653,0.20701253,292.54175,37.065567
2024-07-22 12:00:00,700,-1.9279547,-0.3475786,284.13818,28.170166
2024-07-22 12:00:00,500,9.109098,-0.94586414,266.03418,37.873444
2024-07-22 13:00:00,1000,-1.0875015,0.33623374,304.25586,29.08226
2024-07-22 13:00:00,925,-1.0469427,0.34611398,299.84302,28.552094
2024-07-22 13:00:00,850,-1.6444693,0.45045096,293.77148,35.737274
2024-07-22 13:00:00,700,-1.7547264,0.01583863,284.26147,27.452423
2024-07-22 13:00:00,500,9.263946,-1.1771965,266.03662,39.19667
2024-07-22 14:00:00,1000,-1.0544386,0.50244755,305.36328,27.661255
2024-07-22 14:00:00,925,-1.0255976,0.5222696,300.92334,27.226288
2024-07-22 14:00:00,850,-1.6166306,0.65154445,294.8208,34.684586
2024-07-22 14:00:00,700,-1.7498178,0.21618551,284.3894,26.627045
2024-07-22 14:00:00,500,9.089682,-1.4726925,265.94678,41.88272
2024-07-22 15:00:00,1000,-0.9910774,0.61997414,306.24414,26.505127
2024-07-22 15:00:00,925,-0.97300553,0.6424566,301.80054,25.902939
2024-07-22 15:00:00,850,-1.5730219,0.82702017,295.70044,33.02536
2024-07-22 15:00:00,700,-1.8987274,0.5103506,284.4961,25.976929
2024-07-22 15:00:00,500,8.84456,-1.4964447,265.83447,44.848663
2024-07-22 16:00:00,1000,-0.8945971,0.68691427,306.87036,25.48114
2024-07-22 16:00:00,925,-0.8758175,0.7279516,302.40332,24.96376
2024-07-22 16:00:00,850,-1.4755497,0.9328975,296.34302,31.760834
2024-07-22 16:00:00,700,-1.9453354,0.87799823,284.58667,25.509476
2024-07-22 16:00:00,500,8.6814,-1.5491982,265.75488,47.120117
2024-07-22 17:00:00,1000,-0.8500521,0.79570043,307.26758,24.680084
2024-07-22 17:00:00,925,-0.8036424,0.84068996,302.77563,24.357742
2024-07-22 17:00:00,850,-1.4698944,1.1841135,296.79248,30.354218
2024-07-22 17:00:00,700,-1.9689913,1.4508095,284.64868,25.37236
2024-07-22 17:00:00,500,8.308039,-1.5841465,265.72437,48.03325
2024-07-22 18:00:00,1000,-0.76886225,0.8671056,307.44092,24.191254
2024-07-22 18:00:00,925,-0.6759772,0.92638665,302.9077,24.308487
2024-07-22 18:00:00,850,-1.4865284,1.5487223,297.0481,28.972626
2024-07-22 18:00:00,700,-1.8402615,2.1178427,284.66724,25.462982
2024-07-22 18:00:00,500,7.828988,-1.4225006,265.687,48.148956
2024-07-22 19:00:00,1000,-0.45250076,0.677558,307.36206,30.015549
2024-07-22 19:00:00,925,-0.29624152,0.7700522,302.8081,30.312683
2024-07-22 19:00:00,850,-1.6482935,1.9112492,297.09082,28.022263
2024-07-22 19:00:00,700,-1.713211,2.831852,284.75464,25.020386
2024-07-22 19:00:00,500,7.2456226,-0.8676188,265.63916,47.728912
2024-07-22 20:00:00,1000,-0.3696481,0.8274347,307.05273,32.789703
2024-07-22 20:00:00,925,-0.21607935,0.86437356,302.48438,33.009415
2024-07-22 20:00:00,850,-2.0293503,2.0416222,296.87817,28.069244
2024-07-22 20:00:00,700,-1.2676439,3.4532423,284.88965,24.43628
2024-07-22 20:00:00,500,6.9267635,-0.076147735,265.60376,46.723724
2024-07-22 21:00:00,1000,-0.34128338,0.87179863,306.6482,34.53882
2024-07-22 21:00:00,925,-0.22252375,0.9012456,302.0183,34.89482
2024-07-22 21:00:00,850,-2.8161516,2.6449327,296.56592,28.589508
2024-07-22 21:00:00,700,-0.616995,3.7047997,285.0935,23.597198
2024-07-22 21:00:00,500,6.811281,0.6158184,265.6848,44.378433
2024-07-22 22:00:00,1000,-0.22645539,0.45495296,304.95972,36.000397
2024-07-22 22:00:00,925,-0.13502955,0.47133124,300.365,36.56549
2024-07-22 22:00:00,850,-3.0439987,2.8257513,295.19995,29.810623
2024-07-22 22:00:00,700,-0.21682376,3.2526588,285.3457,21.958069
2024-07-22 22:00:00,500,6.800397,0.21947539,265.72607,40.893738
2024-07-22 23:00:00,1000,-0.85334164,0.27561915,304.29443,37.361618
2024-07-22 23:00:00,925,-0.72506076,0.32388526,299.76245,38.0177
2024-07-22 23:00:00,850,-4.1207333,2.9236193,294.49927,32.56392
2024-07-22 23:00:00,700,1.1444473,2.92904,285.58472,20.764969
2024-07-22 23:00:00,500,6.8143816,0.47557038,265.70215,40.253677
2024-07-23 00:00:00,1000,-1.5580673,0.27076423,302.9585,39.30153
2024-07-23 00:00:00,925,-1.3934212,0.34437412,298.50366,39.86844
2024-07-23 00:00:00,850,-4.524349,2.8420362,293.46777,38.587036
2024-07-23 00:00:00,700,1.6191292,2.6956244,285.6223,20.35939
2024-07-23 00:00:00,500,6.633951,0.57036036,265.53662,42.011963
2024-07-23 01:00:00,1000,-1.608427,0.20500958,301.48438,43.14119
2024-07-23 01:00:00,925,-1.4445381,0.2776004,297.10156,43.402954
2024-07-23 01:00:00,850,-4.2901363,2.7135172,292.8733,43.25879
2024-07-23 01:00:00,700,1.5784893,2.5814896,285.39233,20.740295
2024-07-23 01:00:00,500,6.708354,0.49422038,265.3877,43.174698
2024-07-23 02:00:00,1000,-1.3163652,0.267044,300.36768,47.007156
2024-07-23 02:00:00,925,-1.1822424,0.34489298,296.05542,47.070496
2024-07-23 02:00:00,850,-3.959464,2.886469,292.66943,44.849594
2024-07-23 02:00:00,700,1.806241,2.5079536,285.10547,21.559723
2024-07-23 02:00:00,500,6.9435625,0.75925744,265.2954,43.629425
2024-07-23 03:00:00,1000,-0.9348694,0.23918569,299.7063,51.28174
2024-07-23 03:00:00,925,-0.81573117,0.3366254,295.45288,51.293335
2024-07-23 03:00:00,850,-3.7532234,2.6399717,292.6006,44.968597
2024-07-23 03:00:00,700,2.063941,2.1481752,284.89136,22.487762
2024-07-23 03:00:00,500,6.969226,1.1250839,265.2351,43.843887
2024-07-23 04:00:00,1000,-0.7353333,0.18076944,299.427,55.452896
2024-07-23 04:00:00,925,-0.5957314,0.2700174,295.21704,55.514618
2024-07-23 04:00:00,850,-3.7746449,2.239646,292.56177,44.60132
2024-07-23 04:00:00,700,2.0799923,1.9146986,284.6682,23.54155
2024-07-23 04:00:00,500,6.697688,1.586093,265.18652,43.986435
2024-07-23 05:00:00,1000,-0.56264704,0.082974374,299.35327,59.278885
2024-07-23 05:00:00,925,-0.41065007,0.16224152,295.1704,59.470947
2024-07-23 05:00:00,850,-3.7110176,1.7497387,292.5664,43.968018
2024-07-23 05:00:00,700,2.12531,1.5278959,284.2932,25.498367
2024-07-23 05:00:00,500,6.4127445,1.7244091,265.14014,43.804337
2024-07-23 06:00:00,1000,-0.45738786,0.098565996,299.37183,62.973434
2024-07-23 06:00:00,925,-0.30524164,0.1689781,295.15845,63.44806
2024-07-23 06:00:00,850,-3.7049103,1.516305,292.636,43.017548
2024-07-23 06:00:00,700,1.9879827,1.278038,283.8706,27.718979
2024-07-23 06:00:00,500,6.1400423,1.7230844,265.15942,42.474365
2024-07-23 07:00:00,1000,-0.6779707,0.1462248,299.4817,61.57309
2024-07-23 07:00:00,925,-0.57697785,0.1513325,295.1631,62.243973
2024-07-23 07:00:00,850,-3.5789175,1.5685425,292.78516,42.020676
2024-07-23 07:00:00,700,1.7867451,1.3331223,283.64136,29.065125
2024-07-23 07:00:00,500,6.0629835,1.5914297,265.27393,39.50705
2024-07-23 08:00:00,1000,-1.2614727,0.1835342,300.18066,51.88336
2024-07-23 08:00:00,925,-1.2194128,0.13057107,295.72266,52.346725
2024-07-23 08:00:00,850,-3.3772058,1.7247639,292.96167,40.965607
2024-07-23 08:00:00,700,1.719429,1.4695683,283.61572,29.500656
2024-07-23 08:00:00,500,6.010008,1.3513603,265.4453,36.004898
2024-07-23 09:00:00,1000,-1.5124245,0.3349709,302.07568,43.72496
2024-07-23 09:00:00,925,-1.4812269,0.25296688,297.52954,44.73311
2024-07-23 09:00:00,850,-2.8485394,1.5540495,292.70972,44.374344
2024-07-23 09:00:00,700,1.9025774,1.5948982,283.64453,29.699203
2024-07-23 09:00:00,500,5.997527,1.1621552,265.68042,31.801788
2024-07-23 10:00:00,1000,-1.2197943,0.4656229,303.23022,40.073532
2024-07-23 10:00:00,925,-1.2584524,0.38601065,298.7251,40.264374
2024-07-23 10:00:00,850,-1.7006712,0.90033555,292.8484,48.764297
2024-07-23 10:00:00,700,1.9578848,2.002759,283.7544,32.39296
2024-07-23 10:00:00,500,5.497197,1.0707054,265.74536,27.870392
2024-07-23 11:00:00,1000,-1.0064993,0.5420328,305.0266,35.675156
2024-07-23 11:00:00,925,-1.00529,0.48780543,300.51587,35.97197
2024-07-23 11:00:00,850,-1.3622751,0.81550807,294.53687,44.14856
2024-07-23 11:00:00,700,2.4063635,1.713398,283.6372,34.298904
2024-07-23 11:00:00,500,5.472315,0.8351297,265.8081,26.943436
2024-07-23 12:00:00,1000,-0.742531,0.6637593,306.4746,31.650406
2024-07-23 12:00:00,925,-0.6933269,0.6527797,302.021,31.444656
2024-07-23 12:00:00,850,-0.99909264,1.0235949,295.89307,39.30002
2024-07-23 12:00:00,700,3.2721453,1.2119541,283.60693,34.87999
2024-07-23 12:00:00,500,5.5075827,0.61945385,265.7119,27.702515
2024-07-23 13:00:00,1000,-0.17938632,0.8514391,307.5869,29.500854
2024-07-23 13:00:00,925,-0.14439762,0.86616945,303.14282,29.094559
2024-07-23 13:00:00,850,-0.29543626,1.2894936,296.9297,37.397293
2024-07-23 13:00:00,700,3.879283,0.4570312,283.63013,34.8676
2024-07-23 13:00:00,500,5.368186,0.1487667,265.6316,28.38736
2024-07-23 14:00:00,1000,0.56813043,0.8478499,308.44824,27.909134
2024-07-23 14:00:00,925,0.5812847,0.8753327,303.97217,27.666168
2024-07-23 14:00:00,850,0.7591398,1.2768221,297.80884,35.10388
2024-07-23 14:00:00,700,3.0335693,0.3006975,282.97998,46.261475
2024-07-23 14:00:00,500,4.9622145,-0.32972485,265.63525,28.414963
2024-07-23 15:00:00,1000,1.3031616,0.6055034,309.07788,26.66452
2024-07-23 15:00:00,925,1.3233385,0.6304391,304.5857,26.424591
2024-07-23 15:00:00,850,1.8383656,0.953663,298.46094,33.44478
2024-07-23 15:00:00,700,1.8793097,1.0549536,282.42993,68.66609
2024-07-23 15:00:00,500,4.6684704,-0.54179084,265.80615,26.762466
2024-07-23 16:00:00,1000,1.8645363,0.21322548,309.42114,26.223816
2024-07-23 16:00:00,925,1.8822908,0.2179954,304.88647,26.148834
2024-07-23 16:00:00,850,2.7049332,0.38918167,298.86426,32.228973
2024-07-23 16:00:00,700,1.8577709,1.1464148,282.66162,71.11731
2024-07-23 16:00:00,500,4.6779222,-0.5533583,266.0935,23.913193
2024-07-23 17:00:00,1000,2.2153406,-0.31046772,309.36426,27.02475
2024-07-23 17:00:00,925,2.2527733,-0.2904573,304.79468,27.312714
2024-07-23 17:00:00,850,3.4034204,-0.4220745,298.8828,32.429733
2024-07-23 17:00:00,700,1.6028728,1.4172907,282.80762,72.54549
2024-07-23 17:00:00,500,4.948557,-0.7024845,266.42236,21.210403
2024-07-23 18:00:00,1000,2.1559153,-0.8865458,308.9204,29.961487
2024-07-23 18:00:00,925,2.2108202,-0.8298901,304.33862,30.50267
2024-07-23 18:00:00,850,3.7886267,-1.9503832,298.5381,35.04428
2024-07-23 18:00:00,700,0.36918318,2.059267,282.9668,72.99733
2024-07-23 18:00:00,500,5.3018894,-0.97233546,266.6101,19.623734
2024-07-23 19:00:00,1000,1.6643944,-1.2095652,307.93652,36.70456
2024-07-23 19:00:00,925,1.7432003,-1.1911716,303.36792,37.374878
2024-07-23 19:00:00,850,3.6046524,-3.394517,297.6504,41.045135
2024-07-23 19:00:00,700,-1.441185,2.5289955,283.21582,71.166855
2024-07-23 19:00:00,500,5.6262827,-1.0041828,266.73413,18.392487
2024-07-23 20:00:00,1000,1.3779984,-1.2901411,306.78638,44.344955
2024-07-23 20:00:00,925,1.3909788,-1.3278456,302.23145,45.18129
2024-07-23 20:00:00,850,2.8881187,-4.507513,296.63232,47.67122
2024-07-23 20:00:00,700,-2.425583,3.077651,283.5376,66.564606
2024-07-23 20:00:00,500,6.08187,-1.2865295,266.8181,17.322235
2024-07-23 21:00:00,1000,1.0580606,-1.3290491,305.81128,51.35515
2024-07-23 21:00:00,925,1.016406,-1.3074198,301.20117,52.579025
2024-07-23 21:00:00,850,1.7134619,-4.411893,296.0642,46.12622
2024-07-23 21:00:00,700,-2.2499409,4.2427654,283.68994,63.24231
2024-07-23 21:00:00,500,6.1682463,-1.7150698,266.76245,16.820816
2024-07-23 22:00:00,1000,0.8425718,-1.1547565,304.23755,58.167603
2024-07-23 22:00:00,925,0.73539907,-1.0880499,299.65918,59.471436
2024-07-23 22:00:00,850,2.7652397,-3.7279472,295.27905,41.08438
2024-07-23 22:00:00,700,0.28225946,5.015418,283.57886,64.8822
2024-07-23 22:00:00,500,6.2007513,-2.5860815,266.4192,15.005508
2024-07-23 23:00:00,1000,0.036976803,-0.836832,303.6228,63.583923
2024-07-23 23:00:00,925,0.06293094,-0.68714243,299.0664,65.14215
2024-07-23 23:00:00,850,1.0908651,-2.806654,295.45874,37.702744
2024-07-23 23:00:00,700,1.6973715,5.4411745,283.5437,62.153778
2024-07-23 23:00:00,500,6.3435555,-2.6811361,266.3894,14.37407
2024-07-24 00:00:00,1000,-0.8146645,-0.4861862,302.9253,68.26474
2024-07-24 00:00:00,925,-0.673928,-0.3303116,298.4182,69.619705
2024-07-24 00:00:00,850,-1.1699247,-1.7777901,295.15137,38.49031
2024-07-24 00:00:00,700,3.4721384,5.1801996,283.4397,59.14392
2024-07-24 00:00:00,500,6.0805054,-2.3886194,266.3435,13.803324
2024-07-24 01:00:00,1000,-1.2054749,-0.09696978,302.0569,71.990524
2024-07-24 01:00:00,925,-1.0150146,0.041125067,297.5818,73.05347
2024-07-24 01:00:00,850,-2.493701,-0.5241342,294.8037,38.81633
2024-07-24 01:00:00,700,5.073492,4.18155,283.41113,52.995804
2024-07-24 01:00:00,500,5.29276,-1.686326,266.39258,12.758975
2024-07-24 02:00:00,1000,-1.2517347,0.18353462,301.29956,76.26236
2024-07-24 02:00:00,925,-1.0786438,0.29417753,296.85327,77.19737
2024-07-24 02:00:00,850,-3.123889,0.6375554,294.52393,38.880096
2024-07-24 02:00:00,700,5.980381,3.105259,283.49316,45.83673
2024-07-24 02:00:00,500,4.9056473,-1.2023315,266.46338,11.928797
2024-07-24 03:00:00,1000,-1.1869459,0.29338533,300.62695,80.27841
2024-07-24 03:00:00,925,-1.034111,0.3950622,296.1902,81.3867
2024-07-24 03:00:00,850,-3.6365032,1.3631201,293.9275,41.747757
2024-07-24 03:00:00,700,6.368162,2.165989,283.61304,40.202774
2024-07-24 03:00:00,500,5.066618,-0.868986,266.45532,11.498961
2024-07-24 04:00:00,1000,-1.052722,0.28593326,300.13477,83.47208
2024-07-24 04:00:00,925,-0.9249562,0.38008612,295.72998,84.70062
2024-07-24 04:00:00,850,-3.9088411,1.573144,293.37427,43.913086
2024-07-24 04:00:00,700,6.541394,1.2026205,283.70898,36.343216
2024-07-24 04:00:00,500,5.426055,-0.27828163,266.365,11.494278
2024-07-24 05:00:00,1000,-0.8339116,0.21322662,299.9668,85.75395
2024-07-24 05:00:00,925,-0.72296274,0.3035257,295.59814,86.87227
2024-07-24 05:00:00,850,-3.8213606,1.6039772,293.12305,43.423492
2024-07-24 05:00:00,700,6.505418,0.16202182,283.81982,34.40442
2024-07-24 05:00:00,500,5.7658415,0.37878722,266.24585,11.851596
2024-07-24 06:00:00,1000,-0.5486572,0.27260822,300.00146,86.87747
2024-07-24 06:00:00,925,-0.43622065,0.35835862,295.6775,87.82739
2024-07-24 06:00:00,850,-3.3334808,1.790966,293.21558,41.388855
2024-07-24 06:00:00,700,6.3290844,-0.60763824,283.9319,33.53311
2024-07-24 06:00:00,500,6.1195087,0.7899784,266.14844,12.450448
2024-07-24 07:00:00,1000,-0.72857404,0.2644726,300.07935,74.65585
2024-07-24 07:00:00,925,-0.6511348,0.28480655,295.69727,75.32272
2024-07-24 07:00:00,850,-2.6813173,2.036004,293.41455,39.771896
2024-07-24 07:00:00,700,6.06705,-0.8844476,284.0249,32.87245
2024-07-24 07:00:00,500,6.560299,0.6523058,266.1023,12.724122
2024-07-24 08:00:00,1000,-1.1447763,0.32448137,301.0232,54.080338
2024-07-24 08:00:00,925,-1.0947208,0.30800503,296.49854,54.959274
2024-07-24 08:00:00,850,-1.9245014,2.007125,293.5083,39.221756
2024-07-24 08:00:00,700,5.636405,-0.79410297,284.03882,31.52359
2024-07-24 08:00:00,500,6.7832947,0.38365376,265.95972,13.432199
2024-07-24 09:00:00,1000,-1.0493832,0.45119524,302.8623,44.05864
2024-07-24 09:00:00,925,-1.0201731,0.41352737,298.35547,44.40773
2024-07-24 09:00:00,850,-1.0187445,1.233202,292.98315,49.72905
2024-07-24 09:00:00,700,5.159562,-0.5305698,283.99487,30.205994
2024-07-24 09:00:00,500,6.91448,0.34714454,265.85205,14.045374
2024-07-24 10:00:00,1000,-0.17109323,0.19135302,303.92065,40.271606
2024-07-24 10:00:00,925,-0.17832339,0.16087848,299.4402,40.36693
2024-07-24 10:00:00,850,0.26583433,0.38122487,293.55566,49.082214
2024-07-24 10:00:00,700,5.7916365,-1.814599,284.47876,31.934555
2024-07-24 10:00:00,500,6.5916996,0.060908005,265.9712,14.5969305
2024-07-24 11:00:00,1000,0.6068879,0.026988372,305.75146,34.158173
2024-07-24 11:00:00,925,0.62559783,0.026840169,301.26416,34.018784
2024-07-24 11:00:00,850,1.3369389,0.12214112,295.37305,40.48082
2024-07-24 11:00:00,700,5.1067886,-1.4974432,284.34595,31.504562
2024-07-24 11:00:00,500,6.920582,0.024303198,266.04102,14.137279
2024-07-24 12:00:00,1000,1.3047256,-0.06507981,307.2351,28.9319
2024-07-24 12:00:00,925,1.3394747,-0.026475068,302.7102,28.686203
2024-07-24 12:00:00,850,2.1498537,-0.012146026,296.70435,34.718094
2024-07-24 12:00:00,700,4.6373415,-1.0232172,284.22388,31.900253
2024-07-24 12:00:00,500,7.1011143,0.056215137,266.20752,13.005606
2024-07-24 13:00:00,1000,1.7665167,-0.4663477,308.27173,26.117783
2024-07-24 13:00:00,925,1.7977724,-0.41037065,303.70386,26.184052
2024-07-24 13:00:00,850,2.7167463,-0.6451332,297.68896,32.333633
2024-07-24 13:00:00,700,4.3646984,-0.6916307,284.011,32.39685
2024-07-24 13:00:00,500,6.95154,0.18222326,266.23315,12.925112
2024-07-24 14:00:00,1000,2.0432806,-0.7183968,308.96777,24.714142
2024-07-24 14:00:00,925,2.0878477,-0.63868827,304.41235,24.614624
2024-07-24 14:00:00,850,3.0436382,-1.0374241,298.39233,30.482666
2024-07-24 14:00:00,700,3.2014103,0.09602326,283.2124,47.93039
2024-07-24 14:00:00,500,6.804597,0.52500653,266.32544,12.680075
2024-07-24 15:00:00,1000,2.175643,-0.87400705,309.3589,24.57994
2024-07-24 15:00:00,925,2.2141495,-0.81867343,304.8423,24.4581
2024-07-24 15:00:00,850,3.168932,-1.2386494,298.8291,30.120789
2024-07-24 15:00:00,700,2.2673779,0.8989469,283.2881,54.158783
2024-07-24 15:00:00,500,6.85653,0.77013385,266.44824,12.754346
2024-07-24 16:00:00,1000,2.2964106,-0.99694085,309.51685,25.158997
2024-07-24 16:00:00,925,2.352438,-0.9491293,305.0122,25.0914
2024-07-24 16:00:00,850,3.341772,-1.4487877,299.03955,30.510345
2024-07-24 16:00:00,700,1.7291546,1.504672,283.54126,56.203857
2024-07-24 16:00:00,500,7.2032833,0.77332294,266.52734,12.020703
2024-07-24 17:00:00,1000,2.3358393,-1.2805405,309.34058,26.677002
2024-07-24 17:00:00,925,2.4029188,-1.2402258,304.85303,26.66388
2024-07-24 17:00:00,850,3.4782486,-2.0422077,298.9585,31.658737
2024-07-24 17:00:00,700,1.1046124,2.0849524,283.6731,58.937943
2024-07-24 17:00:00,500,7.3512583,0.66299605,266.60913,11.651658
2024-07-24 18:00:00,1000,2.201311,-1.5926685,308.8069,29.548553
2024-07-24 18:00:00,925,2.2859392,-1.5290918,304.29932,29.782135
2024-07-24 18:00:00,850,3.695819,-3.0557098,298.50513,34.801743
2024-07-24 18:00:00,700,0.2591858,2.6482668,283.8479,59.841156
2024-07-24 18:00:00,500,7.2758017,0.4022888,266.81934,11.049068
2024-07-24 19:00:00,1000,1.7384367,-1.576767,307.9204,34.935043
2024-07-24 19:00:00,925,1.8395948,-1.5329762,303.39062,35.5896
2024-07-24 19:00:00,850,3.6520252,-4.244627,297.77734,37.55052
2024-07-24 19:00:00,700,-0.32391834,3.188529,283.99194,59.83409
2024-07-24 19:00:00,500,6.979227,0.29511178,267.06226,10.040569
2024-07-24 20:00:00,1000,1.320838,-1.5017653,306.8828,40.37091
2024-07-24 20:00:00,925,1.3442202,-1.4810152,302.34692,41.10208
2024-07-24 20:00:00,850,2.8493576,-4.604459,296.74243,44.017944
2024-07-24 20:00:00,700,-0.41530585,3.8187618,283.94385,60.885513
2024-07-24 20:00:00,500,6.561857,0.11379093,267.26978,9.176707
2024-07-24 21:00:00,1000,0.8854541,-1.3287201,305.7578,46.082275
2024-07-24 21:00:00,925,0.88551325,-1.2515192,301.2002,47.036987
2024-07-24 21:00:00,850,1.5367804,-3.9517202,295.91064,46.599625
2024-07-24 21:00:00,700,-0.37296104,4.905369,283.84497,61.03502
2024-07-24 21:00:00,500,6.3991423,-0.28804588,267.30176,8.885705
2024-07-24 22:00:00,1000,0.06416172,-0.9813576,304.2671,52.80577
2024-07-24 22:00:00,925,0.1085462,-0.88112503,299.72632,53.81476
2024-07-24 22:00:00,850,-0.1171329,-2.197898,294.92285,46.57791
2024-07-24 22:00:00,700,0.35110605,6.83327,283.79565,55.19667
2024-07-24 22:00:00,500,6.8791504,-0.9693697,267.23706,9.510664
2024-07-24 23:00:00,1000,-0.76880085,-0.7522833,303.25806,58.38858
2024-07-24 23:00:00,925,-0.6376818,-0.59559584,298.74316,59.278763
2024-07-24 23:00:00,850,-2.9320927,-1.3843641,293.93652,53.57605
2024-07-24 23:00:00,700,2.3861313,6.513981,283.70825,50.971497
2024-07-24 23:00:00,500,6.0854225,-2.109171,267.38574,9.03813
2024-07-25 00:00:00,1000,-1.2699528,-0.42162204,302.2412,61.989395
2024-07-25 00:00:00,925,-1.1375132,-0.2847885,297.75024,62.747955
2024-07-25 00:00:00,850,-4.327632,-0.36426574,293.0559,59.335632
2024-07-25 00:00:00,700,4.314332,5.2442913,283.79688,44.046295
2024-07-25 00:00:00,500,4.5985775,-2.2889776,267.02808,9.567125
2024-07-25 01:00:00,1000,-1.3069458,-0.1273849,301.36353,66.19975
2024-07-25 01:00:00,925,-1.2205744,-0.01079445,296.88428,66.6826
2024-07-25 01:00:00,850,-4.4733086,0.13777322,292.5232,60.544647
2024-07-25 01:00:00,700,5.29469,3.7011175,284.00488,37.622467
2024-07-25 01:00:00,500,3.0648851,-1.703105,266.4995,10.505685
2024-07-25 02:00:00,1000,-1.3300037,0.0765028,300.60767,70.275085
2024-07-25 02:00:00,925,-1.2818136,0.21016836,296.09814,70.6499
2024-07-25 02:00:00,850,-4.611725,0.36326253,292.00854,60.9494
2024-07-25 02:00:00,700,5.6634455,2.3649387,284.1482,32.964386
2024-07-25 02:00:00,500,2.1827116,-0.7987327,266.29053,10.579852
2024-07-25 03:00:00,1000,-1.290185,0.08333874,300.01,73.95816
2024-07-25 03:00:00,925,-1.239994,0.2351684,295.48242,74.29854
2024-07-25 03:00:00,850,-4.9598026,0.5036163,291.7588,58.237625
2024-07-25 03:00:00,700,5.485486,1.0242386,284.09424,30.042099
2024-07-25 03:00:00,500,2.1102486,0.0041715913,266.35742,10.1580925
2024-07-25 04:00:00,1000,-1.0535955,-0.0013293372,299.6538,76.956436
2024-07-25 04:00:00,925,-0.9752204,0.16468805,295.09814,77.33917
2024-07-25 04:00:00,850,-5.1347647,0.52310747,291.88208,52.170166
2024-07-25 04:00:00,700,4.5703974,-0.09254396,283.9353,27.34639
2024-07-25 04:00:00,500,2.478469,0.494231,266.55933,9.445043
2024-07-25 05:00:00,1000,-0.7568437,-0.14493507,299.6018,79.704315
2024-07-25 05:00:00,925,-0.63836765,0.03697475,295.0437,79.91942
2024-07-25 05:00:00,850,-4.949443,0.36454934,292.16162,45.921005
2024-07-25 05:00:00,700,3.337597,-0.56476146,283.8474,24.766144
2024-07-25 05:00:00,500,3.1631374,0.4848265,266.6306,9.050653
2024-07-25 06:00:00,1000,-0.390154,-0.15508926,299.82202,82.28253
2024-07-25 06:00:00,925,-0.25483054,-0.0075358227,295.2649,82.48848
2024-07-25 06:00:00,850,-4.4905386,0.12915027,292.30127,42.247803
2024-07-25 06:00:00,700,2.2113714,-0.22231215,283.79346,23.220825
2024-07-25 06:00:00,500,3.8454018,-0.045944635,266.5276,9.026466
2024-07-25 07:00:00,1000,-0.44451612,-0.35242236,300.08667,70.138245
2024-07-25 07:00:00,925,-0.33745182,-0.24149615,295.52222,70.54085
2024-07-25 07:00:00,850,-3.769847,-0.39268094,292.25293,40.873123
2024-07-25 07:00:00,700,1.4794302,0.40389532,283.63135,23.140625
2024-07-25 07:00:00,500,4.1820116,-0.9566634,266.42334,8.833668
2024-07-25 08:00:00,1000,-0.92341185,-0.49534285,301.12915,50.183426
2024-07-25 08:00:00,925,-0.8168693,-0.38610166,296.63574,50.50705
2024-07-25 08:00:00,850,-2.8688002,-0.78689045,292.10864,41.95996
2024-07-25 08:00:00,700,0.9833509,1.0080814,283.4702,23.834198
2024-07-25 08:00:00,500,3.996461,-1.6511574,266.33838,8.61226
2024-07-25 09:00:00,1000,-1.1485205,-0.3866849,302.9392,39.28305
2024-07-25 09:00:00,925,-1.0562439,-0.2858433,298.4685,39.553574
2024-07-25 09:00:00,850,-1.862772,-0.6111776,292.70166,47.686356
2024-07-25 09:00:00,700,0.87943786,1.7642269,283.4624,24.175125
2024-07-25 09:00:00,500,3.7288923,-2.0808315,266.34766,8.487349
2024-07-25 10:00:00,1000,-0.63209665,-0.1702047,303.6328,37.224045
2024-07-25 10:00:00,925,-0.5681807,-0.13471448,299.26,36.75209
2024-07-25 10:00:00,850,-0.9446333,-0.21146685,293.3308,45.998993
2024-07-25 10:00:00,700,0.6403077,-0.09663397,284.0437,22.108124
2024-07-25 10:00:00,500,2.714593,-2.4601564,266.82935,8.451007
2024-07-25 11:00:00,1000,-0.10294062,-0.433949,305.1223,34.731415
2024-07-25 11:00:00,925,-0.06551713,-0.3322575,300.71484,34.274017
2024-07-25 11:00:00,850,-0.22094315,-0.48865092,294.7683,42.5231
2024-07-25 11:00:00,700,0.42148513,1.2402382,283.95215,23.230728
2024-07-25 11:00:00,500,2.511362,-3.070097,266.8208,8.405497
2024-07-25 12:00:00,1000,0.22815323,-0.45998645,306.28906,32.360367
2024-07-25 12:00:00,925,0.26307452,-0.3391317,301.8484,31.91748
2024-07-25 12:00:00,850,0.18049252,-0.46686476,295.8777,39.824158
2024-07-25 12:00:00,700,1.0091343,2.2195635,283.7788,25.38272
2024-07-25 12:00:00,500,2.075756,-3.1910267,266.93457,8.435279
2024-07-25 13:00:00,1000,0.58103836,-0.35694808,307.24463,30.55339
2024-07-25 13:00:00,925,0.5856965,-0.23483795,302.7483,30.45906
2024-07-25 13:00:00,850,0.58187735,-0.2793665,296.75415,38.295166
2024-07-25 13:00:00,700,1.6404734,2.657114,283.4038,30.574081
2024-07-25 13:00:00,500,1.6809969,-3.2238913,266.9812,8.443151
2024-07-25 14:00:00,1000,0.96501535,-0.29125327,308.04688,28.78009
2024-07-25 14:00:00,925,0.9635371,-0.18691486,303.52808,28.709305
2024-07-25 14:00:00,850,1.0736837,-0.201366,297.53784,36.484177
2024-07-25 14:00:00,700,0.7552433,1.8569174,282.4641,54.804077
2024-07-25 14:00:00,500,1.3027916,-3.336505,266.91675,9.053771
2024-07-25 15:00:00,1000,1.6034164,-0.39926875,308.5066,27.728485
2024-07-25 15:00:00,925,1.6168509,-0.32059956,303.9768,27.808517
2024-07-25 15:00:00,850,1.9440012,-0.40264678,298.0254,35.29811
2024-07-25 15:00:00,700,0.09328741,2.039464,282.47095,65.680435
2024-07-25 15:00:00,500,1.0756502,-3.369773,266.90234,10.438042
2024-07-25 16:00:00,1000,2.0682611,-0.82344246,308.5708,29.121643
2024-07-25 16:00:00,925,2.0783873,-0.74948376,304.01465,29.259567
2024-07-25 16:00:00,850,2.6538792,-1.0851822,298.1709,36.576324
2024-07-25 16:00:00,700,-0.35337877,2.206687,282.85986,66.814606
2024-07-25 16:00:00,500,1.1204071,-3.753561,267.0454,10.715238
2024-07-25 17:00:00,1000,2.3037882,-1.3181324,308.13037,32.893036
2024-07-25 17:00:00,925,2.3233366,-1.26161,303.58032,32.940292
2024-07-25 17:00:00,850,3.2330208,-2.1178331,297.88672,39.495804
2024-07-25 17:00:00,700,-1.486865,2.747467,283.28638,65.50838
2024-07-25 17:00:00,500,1.3138561,-4.349451,267.15894,10.182891
2024-07-25 18:00:00,1000,2.3069878,-2.1166935,306.84497,40.359207
2024-07-25 18:00:00,925,2.394886,-2.052618,302.32568,40.297165
2024-07-25 18:00:00,850,3.7238274,-3.9467,296.79663,46.330963
2024-07-25 18:00:00,700,-2.3752651,3.3061028,283.57104,63.133286
2024-07-25 18:00:00,500,1.4489431,-4.5543137,267.0664,12.817908
2024-07-25 19:00:00,1000,1.7762699,-2.0730848,305.5127,48.0515
2024-07-25 19:00:00,925,1.9435921,-1.9486952,301.0271,47.903305
2024-07-25 19:00:00,850,3.2369528,-4.8067293,295.5642,53.28035
2024-07-25 19:00:00,700,-2.2920275,3.7309675,283.60107,64.07852
2024-07-25 19:00:00,500,1.43114,-4.7377224,267.0149,18.206238
2024-07-25 20:00:00,1000,1.1952353,-1.845809,304.25146,53.321
2024-07-25 20:00:00,925,1.4008093,-1.7033834,299.78638,53.314255
2024-07-25 20:00:00,850,2.1632442,-4.53109,294.40796,59.51825
2024-07-25 20:00:00,700,-2.1637754,4.146267,283.4724,65.63875
2024-07-25 20:00:00,500,1.8979206,-4.6616516,266.91357,24.967346
2024-07-25 21:00:00,1000,0.32586014,-1.5945387,303.1919,57.648026
2024-07-25 21:00:00,925,0.52947617,-1.4515133,298.73096,57.82167
2024-07-25 21:00:00,850,-0.18856132,-3.5146408,293.6958,61.607254
2024-07-25 21:00:00,700,-1.103714,4.055423,283.01074,72.63373
2024-07-25 21:00:00,500,2.1263733,-4.384012,266.82495,30.87465
2024-07-25 22:00:00,1000,-0.19933206,-1.0197029,302.29932,63.15439
2024-07-25 22:00:00,925,-0.02666786,-0.8690288,297.81836,63.54306
2024-07-25 22:00:00,850,-2.30585,-2.0633545,293.30884,64.94685
2024-07-25 22:00:00,700,2.1579561,4.3538313,282.83252,72.77652
2024-07-25 22:00:00,500,2.386157,-5.5770397,266.97534,32.10518
2024-07-25 23:00:00,1000,-0.38361508,-0.7955701,301.66846,66.52644
2024-07-25 23:00:00,925,-0.24585235,-0.6266976,297.1858,66.91325
2024-07-25 23:00:00,850,-3.0887165,-1.0822535,292.63086,67.963104
2024-07-25 23:00:00,700,3.843463,3.9107208,282.90454,62.822845
2024-07-25 23:00:00,500,3.1174946,-4.672387,266.6538,41.489075
2024-07-26 00:00:00,1000,-0.59268236,-0.49196595,301.14697,70.06685
2024-07-26 00:00:00,925,-0.47392076,-0.32427722,296.66968,70.591415
2024-07-26 00:00:00,850,-3.5669518,-0.17262524,292.09033,69.06177
2024-07-26 00:00:00,700,4.5705175,3.9214783,283.09473,50.32341
2024-07-26 00:00:00,500,4.2185574,-3.9485035,266.3396,50.408447
2024-07-26 01:00:00,1000,-0.55365294,-0.45988047,300.5962,72.44206
2024-07-26 01:00:00,925,-0.43823284,-0.28427064,296.12183,72.94447
2024-07-26 01:00:00,850,-3.5874557,0.0014409106,291.60864,68.92738
2024-07-26 01:00:00,700,5.3021708,3.6914072,283.2417,40.698334
2024-07-26 01:00:00,500,5.2520504,-3.4287786,266.25513,53.199265
2024-07-26 02:00:00,1000,-0.13718349,-0.6309031,300.03174,75.55434
2024-07-26 02:00:00,925,-0.044677816,-0.4828831,295.56372,75.85788
2024-07-26 02:00:00,850,-2.5686274,-0.5412003,291.14746,68.07408
2024-07-26 02:00:00,700,5.948971,2.7789993,283.2439,35.16475
2024-07-26 02:00:00,500,5.702075,-2.5880194,266.1521,51.919632
2024-07-26 03:00:00,1000,0.26222813,-0.72191584,299.615,78.713684
2024-07-26 03:00:00,925,0.32113123,-0.59088004,295.16797,78.77673
2024-07-26 03:00:00,850,-1.7170677,-0.73578775,291.08667,63.198807
2024-07-26 03:00:00,700,5.8658247,1.7265587,283.19043,31.035538
2024-07-26 03:00:00,500,5.6122665,-1.3454332,265.7312,55.755722
2024-07-26 04:00:00,1000,0.5023697,-0.55596006,299.4934,81.81874
2024-07-26 04:00:00,925,0.5447162,-0.4188338,295.0503,81.69354
2024-07-26 04:00:00,850,-1.2439346,-0.3234864,291.56226,56.525375
2024-07-26 04:00:00,700,5.294319,1.2300596,283.1853,28.87114
2024-07-26 04:00:00,500,6.1618023,-0.63186276,265.59448,53.973923
2024-07-26 05:00:00,1000,0.68217653,-0.51511145,299.42603,84.86377
2024-07-26 05:00:00,925,0.7364191,-0.39062673,294.97412,84.77049
2024-07-26 05:00:00,850,-0.770886,0.0033833222,292.03735,52.891098
2024-07-26 05:00:00,700,4.6074038,1.3187342,283.24,28.530289
2024-07-26 05:00:00,500,7.6128845,-1.3615112,265.97388,42.92807
2024-07-26 06:00:00,1000,0.7226876,-0.57897544,299.12207,86.50079
2024-07-26 06:00:00,925,0.78766185,-0.45196128,294.68726,86.46109
2024-07-26 06:00:00,850,-0.0681448,-0.35367173,292.03467,52.931625
2024-07-26 06:00:00,700,4.213958,1.4823351,283.24927,28.650085
2024-07-26 06:00:00,500,8.363704,-1.8769064,266.14136,37.67305
2024-07-26 07:00:00,1000,0.7632024,-0.573357,298.94604,76.50879
2024-07-26 07:00:00,925,0.7658072,-0.4967085,294.50098,76.484085
2024-07-26 07:00:00,850,0.4510619,-0.6494525,291.94556,53.45433
2024-07-26 07:00:00,700,4.3657265,1.2779884,283.2268,30.0112
2024-07-26 07:00:00,500,8.409102,-1.3368082,266.10083,37.763702
2024-07-26 08:00:00,1000,0.62374866,-0.64953345,300.24487,62.58203
2024-07-26 08:00:00,925,0.65342325,-0.5529307,295.75513,63.076706
2024-07-26 08:00:00,850,0.8025234,-0.83220595,291.51318,56.302917
2024-07-26 08:00:00,700,4.3596725,0.94924265,283.06055,34.105927
2024-07-26 08:00:00,500,8.607307,-0.93676907,266.13257,38.260986
2024-07-26 09:00:00,1000,0.65919995,-0.518529,301.89355,52.28804
2024-07-26 09:00:00,925,0.7163923,-0.3913676,297.4165,52.9666
2024-07-26 09:00:00,850,1.006257,-0.66883385,291.79248,64.85051
2024-07-26 09:00:00,700,4.3150263,0.96536785,282.88306,40.33934
2024-07-26 09:00:00,500,9.2678795,-0.73558766,266.15576,39.670288
2024-07-26 10:00:00,1000,0.362293,0.023548853,303.1516,44.33255
2024-07-26 10:00:00,925,0.42260504,0.0725165,298.73584,44.47783
2024-07-26 10:00:00,850,0.41124368,0.026049078,293.0503,53.189896
2024-07-26 10:00:00,700,4.5061035,0.7726367,283.1106,46.776825
2024-07-26 10:00:00,500,10.228681,-1.2541723,266.27393,45.566635
2024-07-26 11:00:00,1000,0.8427045,0.09861797,304.69604,37.39778
2024-07-26 11:00:00,925,0.8676019,0.11866069,300.27124,37.15509
2024-07-26 11:00:00,850,1.0056591,0.23739302,294.55518,43.872543
2024-07-26 11:00:00,700,4.362256,1.486618,282.97876,50.886154
2024-07-26 11:00:00,500,10.952146,-1.6282082,266.42676,46.306946
2024-07-26 12:00:00,1000,1.4647846,-0.11017686,305.94067,33.163193
2024-07-26 12:00:00,925,1.4575043,-0.08715224,301.48804,32.63788
2024-07-26 12:00:00,850,1.8658714,0.004834201,295.6548,39.643387
2024-07-26 12:00:00,700,4.466113,1.8521843,282.8423,54.50949
2024-07-26 12:00:00,500,11.165276,-1.4388275,266.40503,45.76779
2024-07-26 13:00:00,1000,2.0032759,-0.4093119,306.79468,31.674728
2024-07-26 13:00:00,925,1.9743567,-0.36591065,302.3047,31.242905
2024-07-26 13:00:00,850,2.7246857,-0.46191967,296.42407,38.82103
2024-07-26 13:00:00,700,4.517544,1.7027798,282.61768,57.633377
2024-07-26 13:00:00,500,11.0874815,-0.78950644,266.24634,46.910538
2024-07-26 14:00:00,1000,2.3639956,-0.6379687,307.32983,31.358185
2024-07-26 14:00:00,925,2.3369617,-0.56651795,302.83716,30.935867
2024-07-26 14:00:00,850,3.3203297,-0.8372388,297.00342,38.252533
2024-07-26 14:00:00,700,3.572916,1.6816692,282.35718,62.016357
2024-07-26 14:00:00,500,11.290735,-0.65188366,266.2871,46.70349
2024-07-26 15:00:00,1000,2.808362,-0.85628885,307.48438,31.78154
2024-07-26 15:00:00,925,2.8102293,-0.81507385,302.9973,31.325653
2024-07-26 15:00:00,850,4.0874043,-1.2177715,297.19604,38.892807
2024-07-26 15:00:00,700,2.6957626,2.5013494,282.49878,63.371384
2024-07-26 15:00:00,500,11.356277,-0.030390747,266.4558,46.898865
2024-07-26 16:00:00,1000,2.8861046,-1.0070486,306.9541,32.47705
2024-07-26 16:00:00,925,2.890994,-1.0082607,302.45142,32.13414
2024-07-26 16:00:00,850,4.297656,-1.4402418,296.69653,39.799942
2024-07-26 16:00:00,700,3.0753317,2.6674747,281.87964,66.07155
2024-07-26 16:00:00,500,12.388363,-0.100367844,266.43823,53.283035
2024-07-26 17:00:00,1000,2.620655,-1.8235521,305.98657,37.23738
2024-07-26 17:00:00,925,2.6320915,-1.8378325,301.49048,37.032013
2024-07-26 17:00:00,850,4.0884523,-3.0144262,295.87622,44.700027
2024-07-26 17:00:00,700,3.3336086,4.0813637,283.0266,51.73918
2024-07-26 17:00:00,500,12.406194,0.5517676,266.30835,52.83728
2024-07-26 18:00:00,1000,2.5324821,-2.1430588,304.81274,42.83876
2024-07-26 18:00:00,925,2.571538,-2.1280098,300.344,42.76039
2024-07-26 18:00:00,850,4.0925674,-3.7762384,294.79785,50.91646
2024-07-26 18:00:00,700,4.573168,4.9030056,283.58813,45.939087
2024-07-26 18:00:00,500,11.9998,0.98330885,266.19214,58.016373
2024-07-26 19:00:00,1000,2.171708,-1.9681644,303.5923,48.37509
2024-07-26 19:00:00,925,2.2284527,-1.8445129,299.13086,48.518066
2024-07-26 19:00:00,850,4.1194506,-3.931302,293.67993,56.680984
2024-07-26 19:00:00,700,5.656431,4.6354227,283.7234,44.180756
2024-07-26 19:00:00,500,11.492398,1.7449512,266.19824,61.083527
2024-07-26 20:00:00,1000,1.8079948,-1.5695448,302.4453,53.045746
2024-07-26 20:00:00,925,1.8998795,-1.3797188,297.98926,53.249542
2024-07-26 20:00:00,850,3.9796238,-3.5852642,292.6682,60.536896
2024-07-26 20:00:00,700,5.6470566,4.1250553,283.64038,44.867706
2024-07-26 20:00:00,500,11.700054,2.1720314,266.32886,61.182114
2024-07-26 21:00:00,1000,1.5216017,-1.3128309,301.51294,57.11435
2024-07-26 21:00:00,925,1.6734772,-1.1198082,297.06982,57.33252
2024-07-26 21:00:00,850,3.5758715,-2.606904,292.50928,57.518112
2024-07-26 21:00:00,700,4.8794394,4.37691,283.5354,46.02478
2024-07-26 21:00:00,500,12.249455,1.8641968,266.24365,63.42325
2024-07-26 22:00:00,1000,1.1897202,-1.0076046,300.62988,63.96808
2024-07-26 22:00:00,925,1.3534479,-0.90245026,296.17505,63.943634
2024-07-26 22:00:00,850,2.6659374,-2.2254858,292.85767,55.27617
2024-07-26 22:00:00,700,6.6540375,4.2523003,283.88184,47.81404
2024-07-26 22:00:00,500,11.901547,0.66038644,265.90063,64.1759
2024-07-26 23:00:00,1000,0.6712972,-0.82253194,300.14404,67.03638
2024-07-26 23:00:00,925,0.7635496,-0.7362302,295.6892,66.83667
2024-07-26 23:00:00,850,1.3323488,-2.103365,292.04077,59.4993
2024-07-26 23:00:00,700,7.2458572,4.597887,283.38135,50.898743
2024-07-26 23:00:00,500,12.551763,1.2252684,265.98242,59.89357
2024-07-27 00:00:00,1000,0.5574962,-0.6846206,299.68994,70.21118
2024-07-27 00:00:00,925,0.60687155,-0.60619307,295.22998,70.20195
2024-07-27 00:00:00,850,0.4976501,-1.7086935,291.28198,64.30026
2024-07-27 00:00:00,700,7.9794703,4.8089323,283.11108,54.166336
2024-07-27 00:00:00,500,13.106524,1.4228745,266.05347,54.373444
2024-07-27 01:00:00,1000,0.5104907,-0.3488781,299.4944,73.575226
2024-07-27 01:00:00,925,0.52698183,-0.26695758,295.05103,73.31528
2024-07-27 01:00:00,850,0.23457891,-0.48474944,291.04883,64.91458
2024-07-27 01:00:00,700,8.622286,5.8965845,283.09595,53.80339
2024-07-27 01:00:00,500,13.307164,1.9061537,265.9602,52.563873
2024-07-27 02:00:00,1000,0.36782622,-0.123221636,299.45215,76.72594
2024-07-27 02:00:00,925,0.38160622,-0.008581836,295.01318,76.440445
2024-07-27 02:00:00,850,0.0011228465,0.6973103,291.1787,62.700256
2024-07-27 02:00:00,700,8.821862,6.519636,282.9646,53.47531
2024-07-27 02:00:00,500,12.830146,2.6073074,265.78027,53.74745
2024-07-27 03:00:00,1000,0.6214661,-0.06752235,299.4082,79.49812
2024-07-27 03:00:00,925,0.6616721,0.06489259,294.9712,79.10832
2024-07-27 03:00:00,850,0.58234984,1.236063,291.2212,61.692764
2024-07-27 03:00:00,700,9.235421,6.46943,282.6272,55.337204
2024-07-27 03:00:00,500,12.612562,3.4406033,265.76074,51.05272
2024-07-27 04:00:00,1000,0.6780196,-0.01890817,299.37476,81.31766
2024-07-27 04:00:00,925,0.7391434,0.13812292,294.93896,80.88805
2024-07-27 04:00:00,850,1.2675962,1.2602577,291.1089,62.265182
2024-07-27 04:00:00,700,9.923986,6.159275,282.41113,55.839127
2024-07-27 04:00:00,500,12.1444435,4.148615,265.7185,46.26155
2024-07-27 05:00:00,1000,0.49983662,0.046620347,299.2544,83.696686
2024-07-27 05:00:00,925,0.58607095,0.20963639,294.80762,83.41916
2024-07-27 05:00:00,850,1.3379211,1.2386856,290.823,64.21661
2024-07-27 05:00:00,700,10.802528,5.727792,282.43848,53.576843
2024-07-27 05:00:00,500,11.216069,4.9354477,265.64575,41.177567
2024-07-27 06:00:00,1000,0.23204559,0.17980611,299.00757,84.91017
2024-07-27 06:00:00,925,0.3431965,0.32533872,294.5857,84.68425
2024-07-27 06:00:00,850,1.0111647,1.4241037,290.45117,67.21236
2024-07-27 06:00:00,700,11.082741,5.2215996,282.51587,50.692307
2024-07-27 06:00:00,500,10.553643,5.4426403,265.77417,31.883926
2024-07-27 07:00:00,1000,-0.14595002,0.48242205,298.73608,73.06923
2024-07-27 07:00:00,925,-0.07567042,0.5873094,294.2893,73.35094
2024-07-27 07:00:00,850,0.70978653,1.6384306,290.08472,70.47896
2024-07-27 07:00:00,700,10.702229,4.461095,282.71582,48.37947
2024-07-27 07:00:00,500,10.52085,5.4673357,265.81787,23.138626
2024-07-27 08:00:00,1000,-0.11395246,0.7932171,299.73755,64.62897
2024-07-27 08:00:00,925,-0.10428876,0.8332265,295.28003,64.67769
2024-07-27 08:00:00,850,0.1967305,1.6290321,289.77832,77.20322
2024-07-27 08:00:00,700,10.096686,4.0855083,282.9912,48.68875
2024-07-27 08:00:00,500,10.165281,6.030631,265.7727,16.6333
2024-07-27 09:00:00,1000,0.15838033,0.90391076,301.07544,57.852142
2024-07-27 09:00:00,925,0.16554469,0.9351006,296.625,57.876328
2024-07-27 09:00:00,850,0.39413196,1.6087799,291.02563,69.80795
2024-07-27 09:00:00,700,9.569427,3.8937445,283.0376,52.819992
2024-07-27 09:00:00,500,9.691064,7.0381117,265.76807,11.5227785
2024-07-27 10:00:00,1000,0.0706718,0.8117287,302.07788,53.855927
2024-07-27 10:00:00,925,0.065389335,0.8076819,297.69946,53.182587
2024-07-27 10:00:00,850,0.06843972,1.2969933,291.97754,64.924255
2024-07-27 10:00:00,700,5.798872,3.1880932,283.06274,55.075363
2024-07-27 10:00:00,500,10.25507,7.912318,265.6565,8.825343
2024-07-27 11:00:00,1000,0.3035013,1.0289116,303.84424,45.76407
2024-07-27 11:00:00,925,0.28230226,1.0524349,299.45264,44.911255
2024-07-27 11:00:00,850,0.3428043,1.7399902,293.59863,55.703842
2024-07-27 11:00:00,700,5.2104225,3.715602,282.80298,57.644653
2024-07-27 11:00:00,500,10.621954,8.966259,265.7744,8.127659
2024-07-27 12:00:00,1000,0.8350499,1.2537584,305.24805,40.946014
2024-07-27 12:00:00,925,0.81762576,1.293807,300.82446,40.26007
2024-07-27 12:00:00,850,1.0911922,2.058092,294.89502,51.422256
2024-07-27 12:00:00,700,4.9416733,4.2516413,282.56738,60.024597
2024-07-27 12:00:00,500,11.294256,10.057659,265.87622,6.6245136
2024-07-27 13:00:00,1000,1.5128365,1.5407143,306.22974,36.633698
2024-07-27 13:00:00,925,1.4995337,1.5787096,301.79395,35.789444
2024-07-27 13:00:00,850,2.2654266,2.6255722,295.94775,44.722473
2024-07-27 13:00:00,700,4.83673,4.9556894,282.27368,64.515335
2024-07-27 13:00:00,500,10.969143,10.670829,265.58032,10.565308
2024-07-27 14:00:00,1000,1.9450703,1.355526,306.93774,33.971725
2024-07-27 14:00:00,925,1.935525,1.4135132,302.4729,33.067017
2024-07-27 14:00:00,850,2.9160461,2.209962,296.64355,41.324554
2024-07-27 14:00:00,700,3.1455183,5.2532587,281.91797,72.70308
2024-07-27 14:00:00,500,10.734451,11.246273,265.271,9.243144
2024-07-27 15:00:00,1000,2.2141628,0.90952754,306.87207,34.82257
2024-07-27 15:00:00,925,2.2271042,0.9666861,302.39722,34.04323
2024-07-27 15:00:00,850,3.3371258,1.5160084,296.58472,41.67563
2024-07-27 15:00:00,700,1.7757034,5.586893,282.06348,69.52969
2024-07-27 15:00:00,500,10.420342,11.221957,265.0354,16.789352
2024-07-27 16:00:00,1000,2.3750734,0.4188468,306.40186,37.39467
2024-07-27 16:00:00,925,2.4148169,0.44300854,301.90015,37.039276
2024-07-27 16:00:00,850,3.6626692,0.7689877,296.21826,43.871887
2024-07-27 16:00:00,700,1.0542173,6.5758667,282.3955,62.75009
2024-07-27 16:00:00,500,9.745943,10.73583,265.04272,24.535034
2024-07-27 17:00:00,1000,2.4298506,-0.21388066,306.14722,38.99875
2024-07-27 17:00:00,925,2.500743,-0.1800468,301.64233,38.8683
2024-07-27 17:00:00,850,3.7046604,-0.15909696,295.97778,46.062744
2024-07-27 17:00:00,700,0.5648879,8.417579,282.5022,57.046753
2024-07-27 17:00:00,500,10.586347,11.771637,265.4497,12.667772
2024-07-27 18:00:00,1000,1.9736576,-0.93414646,305.45435,43.53334
2024-07-27 18:00:00,925,2.077753,-0.8858037,300.95776,43.31349
2024-07-27 18:00:00,850,3.0650167,-1.4284573,295.40527,50.510788
2024-07-27 18:00:00,700,0.088560164,9.063205,282.81543,51.669876
2024-07-27 18:00:00,500,9.87788,12.198642,265.34937,11.357251
2024-07-27 19:00:00,1000,1.6585064,-1.2506151,304.5664,48.868286
2024-07-27 19:00:00,925,1.8214254,-1.1375408,300.09692,48.556778
2024-07-27 19:00:00,850,2.7027044,-2.2435322,294.56372,56.139557
2024-07-27 19:00:00,700,0.931253,9.31155,283.32422,44.50946
2024-07-27 19:00:00,500,9.521886,11.792311,265.0769,11.879092
2024-07-27 20:00:00,1000,1.108037,-1.4740763,303.44556,54.45227
2024-07-27 20:00:00,925,1.3118734,-1.362297,298.98364,54.288513
2024-07-27 20:00:00,850,1.7216959,-3.042718,293.58374,61.747055
2024-07-27 20:00:00,700,1.6207142,8.539596,283.41113,44.342148
2024-07-27 20:00:00,500,8.145871,11.834122,264.86914,12.256774
2024-07-27 21:00:00,1000,0.6352438,-1.354909,302.37817,59.230225
2024-07-27 21:00:00,925,0.7547957,-1.2619734,297.88208,59.547638
2024-07-27 21:00:00,850,0.17351234,-1.906188,293.11865,63.900726
2024-07-27 21:00:00,700,1.0781746,8.299324,283.0952,49.660553
2024-07-27 21:00:00,500,6.585163,11.959331,264.59424,15.629013
2024-07-27 22:00:00,1000,0.2762267,-1.3197069,301.00366,69.00755
2024-07-27 22:00:00,925,0.4096803,-1.257247,296.5039,69.38362
2024-07-27 22:00:00,850,0.056943614,-1.254343,292.65747,68.05554
2024-07-27 22:00:00,700,-1.1759462,5.961585,282.87842,60.798508
2024-07-27 22:00:00,500,7.229553,10.353753,264.27832,9.058318
2024-07-27 23:00:00,1000,-1.2176304,-1.1595001,300.30542,72.00435
2024-07-27 23:00:00,925,-1.0643625,-1.1129456,295.81006,72.35875
2024-07-27 23:00:00,850,-3.8776474,-2.1006317,291.8589,71.80798
2024-07-27 23:00:00,700,0.12207121,6.336857,282.7307,65.308716
2024-07-27 23:00:00,500,7.1486235,10.980908,264.5127,10.115046
2024-07-28 00:00:00,1000,-1.4160004,-0.6827952,299.77954,73.83011
2024-07-28 00:00:00,925,-1.2940865,-0.6561738,295.25195,74.18158
2024-07-28 00:00:00,850,-5.300972,-1.1596518,290.86572,77.32538
2024-07-28 00:00:00,700,0.104708254,6.965623,282.79517,63.404144
2024-07-28 00:00:00,500,5.6886063,11.603414,264.52612,9.207289
2024-07-28 01:00:00,1000,-1.3995161,-0.45871413,299.59204,75.56093
2024-07-28 01:00:00,925,-1.2742357,-0.43809688,295.06104,75.925064
2024-07-28 01:00:00,850,-5.581147,-0.36683244,290.458,79.25964
2024-07-28 01:00:00,700,-1.0731621,7.5150976,282.81396,61.78102
2024-07-28 01:00:00,500,4.703863,12.219973,264.28247,12.058092
2024-07-28 02:00:00,1000,-1.3832264,-0.36864895,299.44507,76.843475
2024-07-28 02:00:00,925,-1.2621765,-0.38013554,294.9297,77.10043
2024-07-28 02:00:00,850,-5.545019,-0.18029732,290.4287,77.66449
2024-07-28 02:00:00,700,-1.3536434,8.530867,282.9546,60.27385
2024-07-28 02:00:00,500,4.310252,12.590241,264.2417,17.387009
2024-07-28 03:00:00,1000,-1.4643106,-0.15396184,299.1775,78.09323
2024-07-28 03:00:00,925,-1.361227,-0.15858024,294.68433,78.35719
2024-07-28 03:00:00,850,-5.8432856,0.031707987,290.10376,77.99217
2024-07-28 03:00:00,700,-0.44073385,9.035157,282.95947,62.300003
2024-07-28 03:00:00,500,4.373,12.43445,264.37842,21.697708
2024-07-28 04:00:00,1000,-1.2795534,-0.19512838,298.83887,78.99649
2024-07-28 04:00:00,925,-1.1686363,-0.16837639,294.35083,79.086655
2024-07-28 04:00:00,850,-5.537733,0.003837317,289.79785,79.5182
2024-07-28 04:00:00,700,0.12564093,8.576687,282.78638,66.01529
2024-07-28 04:00:00,500,4.015767,12.016512,264.46558,25.143204
2024-07-28 05:00:00,1000,-1.2419176,-0.10325724,298.54175,79.76108
2024-07-28 05:00:00,925,-1.1117363,-0.048951935,294.06836,79.74254
2024-07-28 05:00:00,850,-5.24533,0.3382944,289.89722,78.307434
2024-07-28 05:00:00,700,-0.06963837,8.379538,282.563,68.576065
2024-07-28 05:00:00,500,2.869358,12.050643,264.4414,28.869171
2024-07-28 06:00:00,1000,-1.2602024,-0.022191346,298.2854,79.16661
2024-07-28 06:00:00,925,-1.1315413,0.038185235,293.8103,78.92749
2024-07-28 06:00:00,850,-5.4547024,0.88778305,290.23926,74.921036
2024-07-28 06:00:00,700,-0.54074657,8.515057,282.38867,69.55304
2024-07-28 06:00:00,500,1.871561,12.032584,264.4961,32.42131
2024-07-28 07:00:00,1000,-1.7314758,-0.21389621,298.34106,73.49979
2024-07-28 07:00:00,925,-1.6501741,-0.19140428,293.84546,73.453766
2024-07-28 07:00:00,850,-5.5420675,1.198843,290.40137,73.34125
2024-07-28 07:00:00,700,-0.90212125,8.291822,282.22607,69.728516
2024-07-28 07:00:00,500,1.1435499,11.79082,264.5952,34.516357
2024-07-28 08:00:00,1000,-2.1104193,-0.27492458,299.50708,67.74478
2024-07-28 08:00:00,925,-2.0262585,-0.27272987,295.01074,68.358765
2024-07-28 08:00:00,850,-4.6653805,1.0750704,290.45947,74.11685
2024-07-28 08:00:00,700,-1.2613811,7.9687643,282.0891,66.37692
2024-07-28 08:00:00,500,0.20293558,11.702747,264.6482,35.39868
2024-07-28 09:00:00,1000,-2.2795877,-0.031074874,301.3247,59.547394
2024-07-28 09:00:00,925,-2.209322,-0.02888865,296.84497,59.9368
2024-07-28 09:00:00,850,-3.9084063,0.7750176,291.36182,71.61278
2024-07-28 09:00:00,700,-1.6200008,7.707754,282.0569,59.069733
2024-07-28 09:00:00,500,-0.55526996,11.504421,264.6975,35.734985
2024-07-28 10:00:00,1000,-1.9177828,0.23551363,302.3994,54.030655
2024-07-28 10:00:00,925,-1.8710537,0.20858389,297.93262,54.457153
2024-07-28 10:00:00,850,-2.9601154,0.85797536,292.18164,66.41716
2024-07-28 10:00:00,700,-2.0726204,6.315259,282.08276,50.55693
2024-07-28 10:00:00,500,-1.5961838,11.083261,264.98218,30.644241
2024-07-28 11:00:00,1000,-1.7410765,0.8622311,304.50073,46.41057
2024-07-28 11:00:00,925,-1.6915617,0.90451014,300.07812,46.32434
2024-07-28 11:00:00,850,-2.7451591,1.8252172,294.18823,56.996796
2024-07-28 11:00:00,700,-2.0011892,5.6176624,282.11548,42.880173
2024-07-28 11:00:00,500,-2.3777275,10.542716,265.0381,31.117203
2024-07-28 12:00:00,1000,-1.3766518,1.70257,306.52197,38.27449
2024-07-28 12:00:00,925,-1.3307753,1.7791729,302.07642,38.26477
2024-07-28 12:00:00,850,-2.1920166,2.9740639,296.01367,48.20761
2024-07-28 12:00:00,700,-1.8903942,5.383671,282.16113,40.30818
2024-07-28 12:00:00,500,-2.7576828,10.272883,265.0244,29.991653
2024-07-28 13:00:00,1000,-0.81465745,2.657961,308.01343,28.59343
2024-07-28 13:00:00,925,-0.7660286,2.7559881,303.5393,28.7285
2024-07-28 13:00:00,850,-1.4182434,4.5123053,297.5205,35.622284
2024-07-28 13:00:00,700,-1.5410042,5.797864,281.71533,58.32126
2024-07-28 13:00:00,500,-2.1322002,10.233491,264.94336,28.230194
2024-07-28 14:00:00,1000,-0.3701133,2.886487,308.65576,24.616394
2024-07-28 14:00:00,925,-0.32550848,2.9766512,304.17798,24.73384
2024-07-28 14:00:00,850,-0.7597919,4.846531,298.17358,30.631851
2024-07-28 14:00:00,700,-1.2982397,5.527709,282.16406,62.099487
2024-07-28 14:00:00,500,-1.2736864,10.090644,264.76294,25.771255
2024-07-28 15:00:00,1000,0.15864253,2.8868017,309.09082,23.263184
2024-07-28 15:00:00,925,0.1968019,2.9545937,304.6006,23.401047
2024-07-28 15:00:00,850,0.0055008195,4.9781837,298.6548,28.610718
2024-07-28 15:00:00,700,-0.8475052,5.858199,282.61694,58.188538
2024-07-28 15:00:00,500,-0.6227485,10.001587,264.6338,22.12439
2024-07-28 16:00:00,1000,0.8235244,3.038993,309.41797,21.847153
2024-07-28 16:00:00,925,0.8726618,3.066224,304.9292,22.228806
2024-07-28 16:00:00,850,0.95319563,5.2758226,298.96777,26.56781
2024-07-28 16:00:00,700,-0.26003903,6.213602,282.65552,57.984375
2024-07-28 16:00:00,500,-0.03824247,9.846994,264.66797,24.998291
2024-07-28 17:00:00,1000,1.3999271,2.0603342,308.7461,22.23346
2024-07-28 17:00:00,925,1.4390593,2.0638418,304.25903,22.764496
2024-07-28 17:00:00,850,2.4464493,4.2716694,298.4431,25.911179
2024-07-28 17:00:00,700,-0.57969296,7.17741,282.92432,50.10936
2024-07-28 17:00:00,500,0.869478,10.987901,264.40332,41.59247
2024-07-28 18:00:00,1000,1.3525133,0.69211173,308.91382,23.233917
2024-07-28 18:00:00,925,1.3746862,0.7112476,304.36597,23.930038
2024-07-28 18:00:00,850,2.459859,1.8629694,298.63086,26.30339
2024-07-28 18:00:00,700,-2.3383312,7.958887,283.0464,53.54161
2024-07-28 18:00:00,500,3.6837358,10.077847,264.7163,26.199936
2024-07-28 19:00:00,1000,1.1281776,0.4745627,308.42188,28.67955
2024-07-28 19:00:00,925,1.1626425,0.508848,303.8601,29.407272
2024-07-28 19:00:00,850,2.8789587,1.4984646,298.32715,27.901062
2024-07-28 19:00:00,700,-2.1138506,9.097797,283.02075,58.89409
2024-07-28 19:00:00,500,3.5838795,7.7572117,264.99048,20.645538
2024-07-28 20:00:00,1000,0.99301904,0.02645186,307.74707,32.929703
2024-07-28 20:00:00,925,1.0059929,0.019853208,303.21045,33.353256
2024-07-28 20:00:00,850,2.3975582,0.7372863,297.8423,30.902252
2024-07-28 20:00:00,700,-1.4045391,9.424635,283.2373,53.990707
2024-07-28 20:00:00,500,2.9953222,8.150583,265.1665,17.330978
2024-07-28 21:00:00,1000,0.72326404,-0.7521077,307.06226,37.804
2024-07-28 21:00:00,925,0.76748675,-0.75688905,302.5603,38.321274
2024-07-28 21:00:00,850,0.69721246,-0.2551338,297.34058,34.963226
2024-07-28 21:00:00,700,-1.224926,9.947792,283.7754,44.519974
2024-07-28 21:00:00,500,3.7413568,9.350743,264.78125,24.138885
2024-07-28 22:00:00,1000,0.74447906,-1.1999578,305.31006,48.66571
2024-07-28 22:00:00,925,0.7331327,-1.2137518,300.87036,49.399124
2024-07-28 22:00:00,850,0.5775894,-0.98899525,296.74072,40.81877
2024-07-28 22:00:00,700,-5.425951,11.561687,284.64258,42.440002
2024-07-28 22:00:00,500,5.351763,9.444576,264.79712,9.416166
2024-07-28 23:00:00,1000,0.3648932,-1.2846489,304.89917,54.81581
2024-07-28 23:00:00,925,0.3673635,-1.2598276,300.46216,55.492844
2024-07-28 23:00:00,850,-1.0147724,-1.7298412,296.4297,40.933945
2024-07-28 23:00:00,700,-3.96037,12.783081,284.65845,45.61017
2024-07-28 23:00:00,500,6.511553,9.624389,264.91406,10.4043865
2024-07-08 00:00:00,1000,1.4543295,-0.839343,294.55713,73.43262
2024-07-08 00:00:00,925,1.3133383,-0.9017452,290.2273,73.2888
2024-07-08 00:00:00,850,4.617874,-0.97564465,287.35474,48.166504
2024-07-08 00:00:00,700,5.8404694,3.8207903,278.74585,67.28381
2024-07-08 00:00:00,500,11.038993,4.0124617,263.5935,50.51573
2024-07-08 01:00:00,1000,1.3950548,-0.8551043,294.23804,76.86157
2024-07-08 01:00:00,925,1.2606096,-0.9228206,289.9148,76.48047
2024-07-08 01:00:00,850,4.6329594,-1.9092436,287.3999,44.392975
2024-07-08 01:00:00,700,6.088125,3.9976788,278.49292,72.47386
2024-07-08 01:00:00,500,10.189968,5.582782,263.25146,51.856018
2024-07-08 02:00:00,1000,1.2043619,-0.6996384,294.26636,79.22925
2024-07-08 02:00:00,925,1.0850468,-0.7728925,289.93457,78.875
2024-07-08 02:00:00,850,4.162388,-2.1875734,287.12866,50.9393
2024-07-08 02:00:00,700,5.740097,4.436036,278.34448,75.4397
2024-07-08 02:00:00,500,10.555528,6.823969,262.9126,53.273376
2024-07-08 03:00:00,1000,0.89400595,-0.21182066,294.542,80.65103
2024-07-08 03:00:00,925,0.79010534,-0.28583324,290.19092,80.256165
2024-07-08 03:00:00,850,3.1837206,-1.5207014,286.761,63.047073
2024-07-08 03:00:00,700,5.911084,5.038369,278.40405,74.189896
2024-07-08 03:00:00,500,11.253973,7.7015038,262.6665,54.299576
2024-07-08 04:00:00,1000,0.7777007,0.08699399,294.8208,82.65094
2024-07-08 04:00:00,925,0.6976913,0.0354714,290.44287,82.2749
2024-07-08 04:00:00,850,2.3840017,-0.38257062,286.55396,71.803085
2024-07-08 04:00:00,700,6.699189,4.7023582,278.17285,75.94513
2024-07-08 04:00:00,500,11.518829,8.491923,262.6067,55.083466
2024-07-08 05:00:00,1000,0.6332689,0.22970992,295.00098,83.921585
2024-07-08 05:00:00,925,0.5652108,0.16150284,290.60425,83.58394
2024-07-08 05:00:00,850,1.7286358,0.567197,286.4829,77.05415
2024-07-08 05:00:00,700,7.1526327,4.0592175,277.94165,77.36331
2024-07-08 05:00:00,500,11.596414,8.659496,262.53394,56.81482
2024-07-08 06:00:00,1000,0.33560032,0.32479775,295.09814,84.09717
2024-07-08 06:00:00,925,0.26448148,0.2376523,290.69653,83.862076
2024-07-08 06:00:00,850,1.0811329,1.3772316,286.46997,78.45972
2024-07-08 06:00:00,700,7.2163525,3.9531775,277.88867,76.24397
2024-07-08 06:00:00,500,11.583645,8.122855,262.3894,59.32672
2024-07-08 07:00:00,1000,0.20322841,0.5886465,295.03906,66.62407
2024-07-08 07:00:00,925,0.09875554,0.48226154,290.5996,66.837006
2024-07-08 07:00:00,850,0.71945703,2.230298,286.41284,78.01959
2024-07-08 07:00:00,700,7.0339746,4.4273815,277.8894,74.71611
2024-07-08 07:00:00,500,11.381106,7.2295723,262.27344,59.808
2024-07-08 08:00:00,1000,0.11465424,1.0262108,295.78394,61.201874
2024-07-08 08:00:00,925,0.0075480603,0.92239106,291.3806,61.528137
2024-07-08 08:00:00,850,0.6891972,2.50811,286.24146,75.21202
2024-07-08 08:00:00,700,6.776414,5.0535355,277.77197,75.49812
2024-07-08 08:00:00,500,10.640243,6.871148,262.27393,54.372116
2024-07-08 09:00:00,1000,0.5315485,1.4535866,297.0569,60.376495
2024-07-08 09:00:00,925,0.46862733,1.3571138,292.6748,60.555878
2024-07-08 09:00:00,850,1.0453033,2.5049248,287.11792,72.861084
2024-07-08 09:00:00,700,6.6026716,5.776434,277.61353,77.297134
2024-07-08 09:00:00,500,10.340738,7.141757,262.44458,44.415253
2024-07-08 10:00:00,1000,1.5251608,1.8336124,297.69385,56.982025
2024-07-08 10:00:00,925,1.5399895,1.7991066,293.3567,56.86943
2024-07-08 10:00:00,850,2.5854197,2.9517164,287.7483,68.282104
2024-07-08 10:00:00,700,4.290251,8.2520485,278.16357,71.02768
2024-07-08 10:00:00,500,12.169438,5.64694,262.6975,32.909775
2024-07-08 11:00:00,1000,1.7736082,2.3003912,299.1062,51.19432
2024-07-08 11:00:00,925,1.7767324,2.2735481,294.75586,51.302094
2024-07-08 11:00:00,850,2.9335642,3.656561,289.17358,60.643875
2024-07-08 11:00:00,700,4.529685,9.806806,278.30298,69.71825
2024-07-08 11:00:00,500,12.607067,6.061062,262.70093,25.672394
2024-07-08 12:00:00,1000,1.8393526,2.740574,299.92017,48.226273
2024-07-08 12:00:00,925,1.8346853,2.751073,295.5603,48.188965
2024-07-08 12:00:00,850,3.0664368,4.5728283,289.927,57.26349
2024-07-08 12:00:00,700,5.5591793,10.436677,278.38086,70.16197
2024-07-08 12:00:00,500,12.209726,7.643922,262.58203,23.467056
2024-07-08 13:00:00,1000,2.307066,3.0140352,300.6294,45.57025
2024-07-08 13:00:00,925,2.2864761,3.0310593,296.24683,45.21048
2024-07-08 13:00:00,850,4.053685,5.3090944,290.5852,54.15628
2024-07-08 13:00:00,700,6.5035276,9.530665,278.18018,72.54927
2024-07-08 13:00:00,500,12.178267,9.470451,262.4463,22.305481
2024-07-08 14:00:00,1000,2.688671,2.7621107,300.82373,45.62607
2024-07-08 14:00:00,925,2.672617,2.7676086,296.43652,44.96251
2024-07-08 14:00:00,850,4.876603,4.9542313,290.81348,53.667892
2024-07-08 14:00:00,700,7.5604315,9.14286,278.25244,68.76805
2024-07-08 14:00:00,500,12.206092,11.260529,262.52344,20.192032
2024-07-08 15:00:00,1000,2.8550348,2.6460733,301.00586,45.497116
2024-07-08 15:00:00,925,2.815877,2.6389675,296.62573,44.69574
2024-07-08 15:00:00,850,5.289711,4.8272552,291.02686,52.71837
2024-07-08 15:00:00,700,7.040304,7.904337,277.95264,74.14761
2024-07-08 15:00:00,500,12.755246,12.809489,262.81836,19.017181
2024-07-08 16:00:00,1000,3.0622034,2.4640074,301.31616,44.13794
2024-07-08 16:00:00,925,3.0240784,2.4497156,296.93066,43.438507
2024-07-08 16:00:00,850,5.7407455,4.531888,291.36206,50.711517
2024-07-08 16:00:00,700,6.6056223,7.4294395,277.59912,76.16632
2024-07-08 16:00:00,500,13.177878,13.47384,263.0752,22.324524
2024-07-08 17:00:00,1000,3.1520433,2.0737343,301.28613,43.918945
2024-07-08 17:00:00,925,3.1406345,2.0259476,296.9204,43.15245
2024-07-08 17:00:00,850,6.260893,4.1485596,291.34766,50.317993
2024-07-08 17:00:00,700,6.730674,7.207839,277.08887,79.751236
2024-07-08 17:00:00,500,12.178219,14.397406,263.06592,27.873306
2024-07-08 18:00:00,1000,2.905035,1.5104055,300.80786,45.698517
2024-07-08 18:00:00,925,2.8415546,1.4028263,296.42603,45.441742
2024-07-08 18:00:00,850,6.0474234,3.3432894,290.91284,52.682373
2024-07-08 18:00:00,700,6.548808,7.812316,277.0332,72.93759
2024-07-08 18:00:00,500,13.056223,15.195779,263.06128,31.786331
2024-07-08 19:00:00,1000,2.3005066,0.9530408,299.96338,51.36656
2024-07-08 19:00:00,925,2.184928,0.81852406,295.55933,51.663452
2024-07-08 19:00:00,850,6.041607,2.786255,290.14478,57.12027
2024-07-08 19:00:00,700,7.4713707,10.146956,277.51733,50.44281
2024-07-08 19:00:00,500,14.04909,15.41964,262.73193,35.404236
2024-07-08 20:00:00,1000,1.7886438,0.6839314,298.98706,56.737045
2024-07-08 20:00:00,925,1.658164,0.5511216,294.58276,57.0757
2024-07-08 20:00:00,850,5.0644865,2.1197777,289.26294,61.672256
2024-07-08 20:00:00,700,7.7554445,11.295412,277.4226,44.601974
2024-07-08 20:00:00,500,13.829571,17.300354,262.92017,42.854416
2024-07-08 21:00:00,1000,1.2807589,0.5330586,298.12354,62.28012
2024-07-08 21:00:00,925,1.107768,0.3670318,293.71753,62.646606
2024-07-08 21:00:00,850,4.4881287,1.6965847,288.5669,62.86017
2024-07-08 21:00:00,700,7.178936,11.752212,277.17334,43.208557
2024-07-08 21:00:00,500,14.671823,20.240616,262.75854,61.690887
2024-07-08 22:00:00,1000,1.3124332,0.97435737,297.68555,66.40167
2024-07-08 22:00:00,925,1.1187172,0.8057095,293.29932,66.50453
2024-07-08 22:00:00,850,5.2692947,2.3710117,288.2317,64.82344
2024-07-08 22:00:00,700,6.884156,12.178572,277.2649,46.317474
2024-07-08 22:00:00,500,14.408761,20.162247,262.05786,85.3775
2024-07-08 23:00:00,1000,1.3528652,0.8705077,296.95825,69.377945
2024-07-08 23:00:00,925,1.1640482,0.7416107,292.5703,69.41745
2024-07-08 23:00:00,850,5.018673,1.7924147,287.62183,66.35655
2024-07-08 23:00:00,700,8.6422415,12.6868305,277.54834,37.800003
2024-07-08 23:00:00,500,16.594803,17.337006,262.08032,103.03076
2024-07-09 00:00:00,1000,1.3787355,0.71424675,296.2915,71.54457
2024-07-09 00:00:00,925,1.2095699,0.5727359,291.9165,71.51613
2024-07-09 00:00:00,850,4.705697,1.1484041,287.04053,67.88966
2024-07-09 00:00:00,700,9.182705,14.664053,277.23755,39.707245
2024-07-09 00:00:00,500,17.459076,12.549499,262.46313,93.84798
2024-07-09 01:00:00,1000,1.3040953,0.69623494,295.52515,75.325134
2024-07-09 01:00:00,925,1.1363773,0.50923026,291.15674,75.10164
2024-07-09 01:00:00,850,5.0127687,1.0669031,286.30347,67.52635
2024-07-09 01:00:00,700,11.735714,13.454083,276.95972,64.21654
2024-07-09 01:00:00,500,15.608081,11.332315,262.2849,80.3289
2024-07-09 02:00:00,1000,0.93002146,1.2359877,294.84888,79.111664
2024-07-09 02:00:00,925,0.7457367,1.0331144,290.49,78.7666
2024-07-09 02:00:00,850,4.1616707,2.789132,285.7168,65.047775
2024-07-09 02:00:00,700,12.572688,8.824015,276.83398,86.45917
2024-07-09 02:00:00,500,15.837554,12.052292,261.74097,83.40329
2024-07-09 03:00:00,1000,0.84031343,1.0560083,294.2495,81.01094
2024-07-09 03:00:00,925,0.63898325,0.84244895,289.87964,80.8049
2024-07-09 03:00:00,850,3.9677143,2.823369,285.07275,68.86064
2024-07-09 03:00:00,700,13.036675,6.013749,276.87354,88.96976
2024-07-09 03:00:00,500,15.6581,11.638619,261.5559,78.876144
2024-07-09 04:00:00,1000,0.54324055,1.0705118,293.66406,83.52623
2024-07-09 04:00:00,925,0.3570652,0.87284005,289.2771,83.25682
2024-07-09 04:00:00,850,3.3844042,2.8769188,284.6443,73.6985
2024-07-09 04:00:00,700,13.51203,5.8721304,276.6753,89.41406
2024-07-09 04:00:00,500,15.430993,9.988345,261.886,73.206314
2024-07-09 05:00:00,1000,0.8160099,0.71968585,293.29028,85.388336
2024-07-09 05:00:00,925,0.64299893,0.5463016,288.93823,85.05905
2024-07-09 05:00:00,850,3.6198626,2.211588,284.46387,76.41531
2024-07-09 05:00:00,700,13.0719795,6.505266,276.6548,89.45148
2024-07-09 05:00:00,500,16.406479,8.008148,261.74805,77.49185
2024-07-09 06:00:00,1000,0.6191276,0.80301464,293.08984,86.45555
2024-07-09 06:00:00,925,0.46562397,0.59829813,288.7578,86.1797
2024-07-09 06:00:00,850,3.2353926,2.1108675,284.4768,78.59749
2024-07-09 06:00:00,700,12.206635,6.786168,276.74658,90.24518
2024-07-09 06:00:00,500,16.698242,7.485815,261.71826,77.90752
2024-07-09 07:00:00,1000,0.7446655,1.0847559,293.18335,79.09767
2024-07-09 07:00:00,925,0.5987878,0.8648614,288.85425,79.15521
2024-07-09 07:00:00,850,3.0910158,2.5690165,284.53857,80.666794
2024-07-09 07:00:00,700,12.41227,7.015849,276.82495,94.835175
2024-07-09 07:00:00,500,16.718307,7.7964945,262.02466,72.11037
2024-07-09 08:00:00,1000,0.58409,1.4753532,293.6521,77.60028
2024-07-09 08:00:00,925,0.5170885,1.2563467,289.3274,77.63605
2024-07-09 08:00:00,850,2.4150133,3.1252766,284.38428,85.94388
2024-07-09 08:00:00,700,12.215505,6.559971,276.90747,97.91661
2024-07-09 08:00:00,500,18.541626,8.201391,262.5901,57.44049
2024-07-09 09:00:00,1000,0.72115535,1.8784952,294.38477,75.52011
2024-07-09 09:00:00,925,0.7010163,1.7692747,290.0681,75.236694
2024-07-09 09:00:00,850,1.7424192,3.4326391,284.60083,90.97504
2024-07-09 09:00:00,700,11.430389,6.99794,276.91577,98.564926
2024-07-09 09:00:00,500,18.606476,9.267021,262.70776,70.98143
2024-07-09 10:00:00,1000,0.4887309,2.319213,294.31177,79.37715
2024-07-09 10:00:00,925,0.3977871,2.1381245,289.97046,79.372665
2024-07-09 10:00:00,850,1.0195446,4.0026083,284.6062,93.39224
2024-07-09 10:00:00,700,9.791646,9.392672,276.32422,98.44014
2024-07-09 10:00:00,500,18.489243,11.023046,262.37622,90.51596
2024-07-09 11:00:00,1000,0.835338,2.2454128,294.35205,80.06238
2024-07-09 11:00:00,925,0.73789674,2.1223736,290.0276,80.24327
2024-07-09 11:00:00,850,1.8501434,4.524479,284.56934,94.58385
2024-07-09 11:00:00,700,10.007623,9.069412,276.1797,102.19382
2024-07-09 11:00:00,500,18.87558,9.321666,263.01807,98.16576
2024-07-09 12:00:00,1000,1.091218,2.2822037,294.4026,80.401276
2024-07-09 12:00:00,925,1.0278931,2.224846,290.07153,80.59094
2024-07-09 12:00:00,850,2.3057585,4.2255116,284.83667,93.17311
2024-07-09 12:00:00,700,10.9563875,8.627724,276.50684,101.67781
2024-07-09 12:00:00,500,18.329025,6.748108,263.9729,82.68289
2024-07-09 13:00:00,1000,1.791563,2.6664524,294.917,77.59976
2024-07-09 13:00:00,925,1.69456,2.6356583,290.56763,77.91351
2024-07-09 13:00:00,850,3.6863956,5.1487665,285.34106,89.823044
2024-07-09 13:00:00,700,10.954586,7.6778374,276.50122,105.708755
2024-07-09 13:00:00,500,20.406845,8.018357,263.85474,82.688095
2024-07-09 14:00:00,1000,1.9272728,2.242856,295.14453,76.95911
2024-07-09 14:00:00,925,1.8690834,2.2398424,290.7954,77.255005
2024-07-09 14:00:00,850,4.3383846,5.042286,285.5288,89.05208
2024-07-09 14:00:00,700,10.920711,6.4181223,276.57178,103.45047
2024-07-09 14:00:00,500,20.289368,8.641519,263.50366,94.1093
2024-07-09 15:00:00,1000,2.0747318,1.8330574,295.34448,77.03473
2024-07-09 15:00:00,925,2.033618,1.8300142,290.98218,77.51427
2024-07-09 15:00:00,850,4.374917,4.009507,285.73877,88.7399
2024-07-09 15:00:00,700,10.500364,5.7330294,276.9629,97.163574
2024-07-09 15:00:00,500,20.575272,8.925363,263.40332,95.54758
2024-07-09 16:00:00,1000,2.3991938,1.6336308,296.094,72.377686
2024-07-09 16:00:00,925,2.3649464,1.5790968,291.7312,72.6785
2024-07-09 16:00:00,850,4.190284,3.2246532,286.45825,84.8163
2024-07-09 16:00:00,700,9.795179,5.345318,277.02588,99.997284
2024-07-09 16:00:00,500,21.007614,7.878891,263.7954,91.30893
2024-07-09 17:00:00,1000,2.2273188,1.1176004,296.2671,73.70097
2024-07-09 17:00:00,925,2.2152853,1.0708542,291.91382,73.757095
2024-07-09 17:00:00,850,4.014512,2.5360756,286.6787,85.095825
2024-07-09 17:00:00,700,9.008995,5.137824,276.9436,101.68623
2024-07-09 17:00:00,500,20.914627,7.6542015,263.7268,73.25525
2024-07-09 18:00:00,1000,1.692586,0.79306287,296.23706,74.94357
2024-07-09 18:00:00,925,1.720995,0.7568163,291.89624,74.903656
2024-07-09 18:00:00,850,3.5666828,1.9187346,286.55737,87.398834
2024-07-09 18:00:00,700,8.971486,5.084404,277.07788,99.15767
2024-07-09 18:00:00,500,21.242691,7.1994753,263.59937,43.149475
2024-07-09 19:00:00,1000,1.1911106,0.7619617,295.94116,77.79636
2024-07-09 19:00:00,925,1.2022991,0.7001164,291.5901,77.82153
2024-07-09 19:00:00,850,2.9120092,2.0801954,286.32178,89.79407
2024-07-09 19:00:00,700,8.385458,5.1359043,277.09302,99.40985
2024-07-09 19:00:00,500,21.804138,5.9704065,264.72192,16.55191
2024-07-09 20:00:00,1000,0.8721644,0.47221547,295.8025,80.7182
2024-07-09 20:00:00,925,0.8136951,0.38860035,291.44556,80.80759
2024-07-09 20:00:00,850,3.0216017,1.8506374,286.31885,89.41333
2024-07-09 20:00:00,700,8.343011,5.4647408,277.25903,99.956985
2024-07-09 20:00:00,500,21.9776,5.1406,265.37476,12.305023
2024-07-09 21:00:00,1000,0.9175388,0.40629256,295.57324,84.19293
2024-07-09 21:00:00,925,0.8110044,0.3243659,291.22583,84.08893
2024-07-09 21:00:00,850,3.1724567,1.5343189,286.28613,90.19537
2024-07-09 21:00:00,700,8.868522,5.755682,277.65967,99.38199
2024-07-09 21:00:00,500,22.303452,5.1908865,265.58545,10.63911
2024-07-09 22:00:00,1000,1.1239853,0.16045928,294.6162,87.7852
2024-07-09 22:00:00,925,1.0016327,0.07255489,290.2771,87.83327
2024-07-09 22:00:00,850,3.9996796,0.93606615,285.44043,94.19495
2024-07-09 22:00:00,700,11.347641,6.447444,279.23462,89.42964
2024-07-09 22:00:00,500,23.178986,5.1023006,265.8955,9.307094
2024-07-09 23:00:00,1000,0.79855263,0.28555572,294.4995,90.010345
2024-07-09 23:00:00,925,0.70511216,0.18952745,290.16553,90.0352
2024-07-09 23:00:00,850,3.4258432,0.81415486,285.42798,94.26599
2024-07-09 23:00:00,700,11.254695,5.4310093,278.9663,91.82834
2024-07-09 23:00:00,500,23.816864,3.6093235,266.03955,14.418226
2024-07-10 00:00:00,1000,0.6699544,0.4935981,294.3723,91.90077
2024-07-10 00:00:00,925,0.570098,0.39678997,290.04907,91.98625
2024-07-10 00:00:00,850,2.9797287,0.973697,285.35547,94.97781
2024-07-10 00:00:00,700,10.410775,5.091875,278.84717,89.925354
2024-07-10 00:00:00,500,24.550476,3.6096535,266.34497,16.150955
2024-07-10 01:00:00,1000,0.6549912,0.66250086,294.2727,93.064255
2024-07-10 01:00:00,925,0.5538457,0.5445659,289.94116,93.18236
2024-07-10 01:00:00,850,2.7635937,1.2814293,285.30493,95.102264
2024-07-10 01:00:00,700,9.463048,5.0059614,278.97852,84.02527
2024-07-10 01:00:00,500,24.74353,3.5282488,266.3838,17.031204
2024-07-10 02:00:00,1000,0.58983916,0.74020064,294.16406,94.64061
2024-07-10 02:00:00,925,0.50548035,0.6090075,289.82886,94.79167
2024-07-10 02:00:00,850,2.790411,1.5184803,285.24268,95.227615
2024-07-10 02:00:00,700,9.697967,5.233536,279.24072,75.89174
2024-07-10 02:00:00,500,25.010025,3.290556,266.24,26.06517
2024-07-10 03:00:00,1000,0.64968926,0.91213435,294.11768,94.367645
2024-07-10 03:00:00,925,0.5756983,0.7586454,289.78857,94.35986
2024-07-10 03:00:00,850,2.8317242,1.7752371,285.24243,95.31915
2024-07-10 03:00:00,700,10.64143,4.863819,279.47876,69.07236
2024-07-10 03:00:00,500,25.42546,3.0279446,265.96265,32.97592
2024-07-10 04:00:00,1000,0.5858031,0.9652397,294.00977,94.35692
2024-07-10 04:00:00,925,0.5102574,0.8110485,289.69653,94.290115
2024-07-10 04:00:00,850,2.8705816,1.9084768,285.2522,95.93295
2024-07-10 04:00:00,700,11.783542,4.079626,279.91016,62.67964
2024-07-10 04:00:00,500,26.033096,2.8271866,265.76343,33.088562
2024-07-10 05:00:00,1000,0.40545624,0.9121523,293.91626,95.96629
2024-07-10 05:00:00,925,0.33676356,0.74232864,289.6018,96.024475
2024-07-10 05:00:00,850,2.8628836,2.086131,285.24097,96.57175
2024-07-10 05:00:00,700,12.697881,3.3189812,280.28564,58.373077
2024-07-10 05:00:00,500,26.719482,2.6440344,265.60962,36.284393
2024-07-10 06:00:00,1000,0.55559653,1.1065207,293.87085,94.88281
2024-07-10 06:00:00,925,0.48531443,0.9437193,289.53613,95.27725
2024-07-10 06:00:00,850,2.81003,2.13591,285.24146,96.99602
2024-07-10 06:00:00,700,12.852284,2.6640072,280.6172,53.494766
2024-07-10 06:00:00,500,26.57956,2.5719051,265.35522,47.002823
2024-07-10 07:00:00,1000,0.9554772,1.3669863,294.23657,90.46806
2024-07-10 07:00:00,925,0.88072896,1.2389603,289.86743,90.870056
2024-07-10 07:00:00,850,2.4706745,2.0285044,285.114,99.51782
2024-07-10 07:00:00,700,13.020357,2.9131384,280.87085,49.05095
2024-07-10 07:00:00,500,25.72432,3.5796824,265.10303,51.11174
2024-07-10 08:00:00,1000,1.0169525,1.3578825,294.88232,83.58293
2024-07-10 08:00:00,925,0.9995061,1.2720671,290.5171,83.64984
2024-07-10 08:00:00,850,2.506425,1.9687786,285.52515,94.724335
2024-07-10 08:00:00,700,13.7443285,3.516842,280.8645,54.030228
2024-07-10 08:00:00,500,24.849686,5.206237,265.0669,39.292877
2024-07-10 09:00:00,1000,1.3754311,1.5449867,295.92236,75.93529
2024-07-10 09:00:00,925,1.348073,1.4448385,291.53882,75.81468
2024-07-10 09:00:00,850,2.3879433,2.2180252,286.02075,92.09099
2024-07-10 09:00:00,700,14.692088,3.9229622,280.70068,64.086365
2024-07-10 09:00:00,500,24.4012,6.7580967,264.93652,29.632843
2024-07-10 10:00:00,1000,1.4287319,1.5005322,297.01196,69.83882
2024-07-10 10:00:00,925,1.3862734,1.4047327,292.59912,69.818054
2024-07-10 10:00:00,850,2.5871744,2.3910885,287.2268,83.31801
2024-07-10 10:00:00,700,12.737325,4.145548,280.4265,73.22461
2024-07-10 10:00:00,500,25.54306,8.369235,265.01147,30.889618
2024-07-10 11:00:00,1000,1.8642235,1.784688,298.2151,63.900284
2024-07-10 11:00:00,925,1.8125563,1.7337618,293.7827,63.70401
2024-07-10 11:00:00,850,3.5690422,2.8997622,288.44458,74.54706
2024-07-10 11:00:00,700,13.275697,4.1025343,280.23535,79.269806
2024-07-10 11:00:00,500,25.612396,8.895258,264.82983,34.695602
2024-07-10 12:00:00,1000,2.3663425,1.6958799,299.0879,60.64795
2024-07-10 12:00:00,925,2.3167648,1.6651049,294.64844,60.412643
2024-07-10 12:00:00,850,4.635762,2.9505987,289.21484,71.60394
2024-07-10 12:00:00,700,13.949897,4.005535,279.95264,83.384674
2024-07-10 12:00:00,500,25.587128,9.18338,264.73242,42.329193
2024-07-10 13:00:00,1000,2.6057253,1.5924711,299.87012,59.40782
2024-07-10 13:00:00,925,2.5699863,1.622571,295.42456,59.168198
2024-07-10 13:00:00,850,4.838211,2.8489103,289.96924,69.663284
2024-07-10 13:00:00,700,13.42144,4.0893116,279.71094,80.60391
2024-07-10 13:00:00,500,25.628616,9.37146,264.8567,48.11003
2024-07-10 14:00:00,1000,2.8045235,1.609477,300.53296,56.98294
2024-07-10 14:00:00,925,2.7790432,1.650527,296.09717,56.486298
2024-07-10 14:00:00,850,5.0082455,2.9509983,290.61865,68.11113
2024-07-10 14:00:00,700,12.56945,4.149953,279.5525,79.14484
2024-07-10 14:00:00,500,25.77304,9.162398,265.02246,51.4048
2024-07-10 15:00:00,1000,2.8802853,1.5245743,300.8208,57.420746
2024-07-10 15:00:00,925,2.8627052,1.557764,296.39282,56.81732
2024-07-10 15:00:00,850,5.367531,3.0119963,290.82544,68.13205
2024-07-10 15:00:00,700,11.167365,3.7880297,279.59717,80.8288
2024-07-10 15:00:00,500,25.569077,8.978222,265.1001,53.220947
2024-07-10 16:00:00,1000,2.909505,1.3834953,301.17334,56.2872
2024-07-10 16:00:00,925,2.918765,1.3909149,296.76318,55.675278
2024-07-10 16:00:00,850,5.449753,2.8019943,291.12305,66.92226
2024-07-10 16:00:00,700,11.108059,3.3637886,279.74854,78.08258
2024-07-10 16:00:00,500,25.17128,9.114582,265.1355,53.03659
2024-07-10 17:00:00,1000,2.7561102,0.9345355,301.1089,58.204117
2024-07-10 17:00:00,925,2.7728052,0.9103906,296.7146,57.41568
2024-07-10 17:00:00,850,5.397647,2.0917273,291.04565,69.402176
2024-07-10 17:00:00,700,10.912632,3.0324812,279.9668,77.150406
2024-07-10 17:00:00,500,24.81337,9.212775,265.16602,47.7184
2024-07-10 18:00:00,1000,2.552619,0.64275545,300.9895,59.47931
2024-07-10 18:00:00,925,2.5982113,0.5788961,296.57568,58.92018
2024-07-10 18:00:00,850,4.8900137,1.5414648,290.94922,70.54816
2024-07-10 18:00:00,700,11.344862,3.0182467,280.52832,71.351654
2024-07-10 18:00:00,500,24.502518,9.657588,265.24878,39.111465
2024-07-10 19:00:00,1000,1.7278662,0.21788538,300.6089,64.02722
2024-07-10 19:00:00,925,1.7424297,0.06541586,296.17603,64.100174
2024-07-10 19:00:00,850,4.5458975,0.9768861,290.6267,73.528915
2024-07-10 19:00:00,700,11.711356,3.1291037,280.92847,65.20445
2024-07-10 19:00:00,500,24.272049,9.865003,265.33765,30.347275
2024-07-10 20:00:00,1000,1.2530861,0.052126948,300.0481,70.0927
2024-07-10 20:00:00,925,1.1828861,-0.13359237,295.62476,70.44467
2024-07-10 20:00:00,850,4.1089497,0.5345616,290.16504,76.92427
2024-07-10 20:00:00,700,11.634165,3.4658642,281.1704,60.269196
2024-07-10 20:00:00,500,23.747665,9.938959,265.30835,23.399734
2024-07-10 21:00:00,1000,1.1794615,0.20614707,299.5105,75.79237
2024-07-10 21:00:00,925,1.0210304,0.05112242,295.12134,76.09975
2024-07-10 21:00:00,850,3.078805,0.50469536,289.75757,79.64719
2024-07-10 21:00:00,700,11.369146,3.948351,281.35815,55.647537
2024-07-10 21:00:00,500,22.931961,10.284742,265.32544,18.3125
2024-07-10 22:00:00,1000,1.1059008,0.5136042,299.01904,82.046616
2024-07-10 22:00:00,925,0.9713055,0.4318037,294.65747,82.09683
2024-07-10 22:00:00,850,2.7983713,1.2101622,289.73657,79.810715
2024-07-10 22:00:00,700,10.900422,6.600953,281.51978,60.68936
2024-07-10 22:00:00,500,21.902313,11.134077,265.5166,15.190249
2024-07-10 23:00:00,1000,1.1445475,0.5460661,298.6377,86.95819
2024-07-10 23:00:00,925,1.035739,0.44982064,294.3125,86.71411
2024-07-10 23:00:00,850,2.940239,1.567337,289.48145,81.70615
2024-07-10 23:00:00,700,11.58289,7.423085,281.13354,67.198685
2024-07-10 23:00:00,500,21.753983,12.414048,265.4995,18.898636
2024-07-11 00:00:00,1000,1.1400719,0.4630412,298.2102,90.82715
2024-07-11 00:00:00,925,0.9949057,0.3162608,293.885,90.563034
2024-07-11 00:00:00,850,3.187437,1.3655825,289.14062,83.17615
2024-07-11 00:00:00,700,12.413363,7.6218433,280.917,69.70776
2024-07-11 00:00:00,500,22.785385,13.237152,265.4712,23.541794
2024-07-11 01:00:00,1000,1.2584324,0.41353303,297.73047,93.54498
2024-07-11 01:00:00,925,1.0646753,0.2578814,293.41675,93.40027
2024-07-11 01:00:00,850,3.266283,1.0560846,288.76123,84.486404
2024-07-11 01:00:00,700,12.902963,7.658766,280.83545,67.678375
2024-07-11 01:00:00,500,23.942703,13.475488,265.33618,26.229065
2024-07-11 02:00:00,1000,1.4353008,0.3114872,297.2124,95.362305
2024-07-11 02:00:00,925,1.1976976,0.13757432,292.90796,95.1543
2024-07-11 02:00:00,850,3.694417,0.7584852,288.45508,85.46387
2024-07-11 02:00:00,700,13.253093,7.4646015,280.5808,67.554504
2024-07-11 02:00:00,500,24.445938,12.996765,265.11133,26.347504
2024-07-11 03:00:00,1000,1.4891186,0.24218756,296.62378,96.42769
2024-07-11 03:00:00,925,1.2144766,0.11426437,292.30322,96.44545
2024-07-11 03:00:00,850,4.0989914,0.65728456,288.16724,87.254944
2024-07-11 03:00:00,700,13.492705,7.187806,280.43555,65.44878
2024-07-11 03:00:00,500,24.565796,12.105514,264.97046,21.276398
2024-07-11 04:00:00,1000,1.5615778,0.18161154,296.26123,97.60928
2024-07-11 04:00:00,925,1.2767496,0.12934756,291.94507,97.361435
2024-07-11 04:00:00,850,4.4482,0.57515156,287.8806,87.89531
2024-07-11 04:00:00,700,13.572023,7.189595,280.32227,60.44957
2024-07-11 04:00:00,500,24.99199,11.1265135,264.90332,12.33476
2024-07-11 05:00:00,1000,1.5591669,0.078498244,295.9624,98.0276
2024-07-11 05:00:00,925,1.3255243,0.060708128,291.66846,97.58356
2024-07-11 05:00:00,850,4.801073,0.06512451,287.58447,87.55893
2024-07-11 05:00:00,700,13.307986,7.5940113,280.2539,50.445984
2024-07-11 05:00:00,500,25.82405,10.245658,264.87915,5.179533
2024-07-11 06:00:00,1000,1.3121119,0.022541225,295.70312,97.14194
2024-07-11 06:00:00,925,1.1214333,-0.0054929815,291.40698,96.93924
2024-07-11 06:00:00,850,4.9252005,-0.38373625,287.2495,87.57062
2024-07-11 06:00:00,700,13.288083,8.164888,280.37402,34.635757
2024-07-11 06:00:00,500,26.2901,9.60876,264.80322,2.4326468
2024-07-11 07:00:00,1000,1.4401627,0.05964878,295.40308,90.79413
2024-07-11 07:00:00,925,1.2817612,0.005786147,291.0437,90.801254
2024-07-11 07:00:00,850,4.6824265,-0.5219023,286.88428,89.66162
2024-07-11 07:00:00,700,13.66774,8.407389,280.65088,19.04152
2024-07-11 07:00:00,500,25.67389,8.816909,264.7754,2.1971521
2024-07-11 08:00:00,1000,1.8942738,0.057866063,296.1587,82.88338
2024-07-11 08:00:00,925,1.7542353,0.013311956,291.77344,82.842636
2024-07-11 08:00:00,850,4.5064373,-0.3049208,286.48315,92.56859
2024-07-11 08:00:00,700,14.187992,8.257576,280.8794,8.635019
2024-07-11 08:00:00,500,23.954712,7.320695,264.87305,2.1283484
2024-07-11 09:00:00,1000,2.2758627,0.11625576,297.08398,71.53871
2024-07-11 09:00:00,925,2.2002878,0.08055806,292.677,71.180145
2024-07-11 09:00:00,850,4.003067,0.28367174,286.97656,86.58388
2024-07-11 09:00:00,700,14.693423,7.828863,280.91016,6.180566
2024-07-11 09:00:00,500,22.222733,6.333661,264.78003,2.1559439
2024-07-11 10:00:00,1000,2.3013964,0.32629114,297.7854,63.644714
2024-07-11 10:00:00,925,2.218193,0.28634363,293.34546,63.236755
2024-07-11 10:00:00,850,3.689601,0.58540386,287.68286,77.14751
2024-07-11 10:00:00,700,15.563986,5.3373337,280.53613,10.728546
2024-07-11 10:00:00,500,20.836914,7.2807293,264.76685,2.418993
2024-07-11 11:00:00,1000,2.6153183,0.41588968,298.55322,56.993362
2024-07-11 11:00:00,925,2.5140657,0.37652832,294.08496,56.932755
2024-07-11 11:00:00,850,4.239641,0.7526439,288.437,68.29175
2024-07-11 11:00:00,700,14.41101,4.185623,280.34668,15.392353
2024-07-11 11:00:00,500,21.106796,7.585389,264.29565,2.920002
2024-07-11 12:00:00,1000,3.0586004,0.21122015,299.08447,50.527237
2024-07-11 12:00:00,925,2.9374952,0.17371035,294.61426,50.6212
2024-07-11 12:00:00,850,5.074361,0.5159997,288.99585,59.803375
2024-07-11 12:00:00,700,13.611033,3.9053822,280.29468,16.399933
2024-07-11 12:00:00,500,22.003342,7.9788313,263.97217,3.1343584
2024-07-11 13:00:00,1000,3.2854567,-0.123552084,299.38647,47.542923
2024-07-11 13:00:00,925,3.1542273,-0.14237833,294.91846,47.63533
2024-07-11 13:00:00,850,5.5434113,-0.011926357,289.2627,56.539734
2024-07-11 13:00:00,700,12.85999,3.8422556,280.14844,16.263092
2024-07-11 13:00:00,500,22.83989,7.7574797,263.79736,3.2731495
2024-07-11 14:00:00,1000,3.5273218,-0.43578124,299.63403,45.986176
2024-07-11 14:00:00,925,3.4111996,-0.4439695,295.1819,46.23819
2024-07-11 14:00:00,850,6.070483,-0.6079984,289.50757,54.473007
2024-07-11 14:00:00,700,12.427792,3.6114168,280.10376,14.305048
2024-07-11 14:00:00,500,23.079056,7.059553,263.73364,3.4999456
2024-07-11 15:00:00,1000,3.5580769,-0.7527509,299.6975,44.995224
2024-07-11 15:00:00,925,3.4580326,-0.77494836,295.2417,45.17888
2024-07-11 15:00:00,850,6.1410265,-1.2494478,289.59302,53.728012
2024-07-11 15:00:00,700,12.303678,2.9912214,280.00293,14.478791
2024-07-11 15:00:00,500,22.688278,6.6766443,263.64697,4.3685284
2024-07-11 16:00:00,1000,3.3784075,-1.0377197,299.6443,45.49617
2024-07-11 16:00:00,925,3.3043804,-1.0681372,295.20044,45.659256
2024-07-11 16:00:00,850,5.952401,-1.7926989,289.55908,54.339813
2024-07-11 16:00:00,700,11.842668,1.914957,279.73193,13.846121
2024-07-11 16:00:00,500,22.270248,6.7261553,263.50952,5.20135
2024-07-11 17:00:00,1000,3.1529217,-1.250165,299.34644,47.795593
2024-07-11 17:00:00,925,3.1079512,-1.2675304,294.91064,47.7977
2024-07-11 17:00:00,850,5.6370497,-2.1901302,289.27417,57.68123
2024-07-11 17:00:00,700,11.252269,1.1772747,279.4712,11.920393
2024-07-11 17:00:00,500,22.28276,6.8947945,263.37378,6.04984
2024-07-11 18:00:00,1000,2.7171001,-1.5990629,298.5227,54.68416
2024-07-11 18:00:00,925,2.6685696,-1.6015062,294.10596,54.68521
2024-07-11 18:00:00,850,5.0487814,-2.942686,288.55127,65.778
2024-07-11 18:00:00,700,10.364468,0.56488425,279.27686,12.05341
2024-07-11 18:00:00,500,22.381042,6.8879356,263.2461,7.061818
2024-07-11 19:00:00,1000,2.4232016,-1.8129673,297.42236,63.694275
2024-07-11 19:00:00,925,2.363922,-1.8024435,293.02295,63.852158
2024-07-11 19:00:00,850,5.075473,-3.7883263,287.57983,75.193115
2024-07-11 19:00:00,700,9.611011,0.10155624,279.01294,10.896726
2024-07-11 19:00:00,500,22.601929,6.812352,263.15723,7.4796534
2024-07-11 20:00:00,1000,1.9585419,-1.8730154,296.00586,74.09424
2024-07-11 20:00:00,925,1.8490849,-1.8207073,291.63403,74.25351
2024-07-11 20:00:00,850,4.9882517,-4.63406,286.1399,88.19208
2024-07-11 20:00:00,700,8.462704,-0.011096969,278.43384,11.644368
2024-07-11 20:00:00,500,23.127762,6.0219374,263.02148,8.453475
2024-07-11 21:00:00,1000,1.7546663,-1.9275875,294.72388,82.39703
2024-07-11 21:00:00,925,1.6430511,-1.832449,290.36743,82.496826
2024-07-11 21:00:00,850,4.88282,-5.198848,285.14478,90.36771
2024-07-11 21:00:00,700,7.717989,0.12782544,278.26196,10.802846
2024-07-11 21:00:00,500,23.579422,5.3590117,262.82275,9.640676
2024-07-11 22:00:00,1000,1.4812393,-1.7856388,294.56323,88.39383
2024-07-11 22:00:00,925,1.3714542,-1.6726103,290.23242,88.59262
2024-07-11 22:00:00,850,4.6992617,-4.968705,285.38794,85.86334
2024-07-11 22:00:00,700,7.530655,-1.1170483,278.25073,14.99154
2024-07-11 22:00:00,500,21.852234,7.594837,262.1726,10.509392
2024-07-11 23:00:00,1000,1.3019085,-1.7057972,293.90088,91.6814
2024-07-11 23:00:00,925,1.2445049,-1.5567713,289.57495,91.96666
2024-07-11 23:00:00,850,3.7621784,-5.972002,285.0127,78.75957
2024-07-11 23:00:00,700,6.850314,-1.2262468,278.0415,19.26175
2024-07-11 23:00:00,500,23.258438,5.797617,262.2893,9.052907
2024-07-12 00:00:00,1000,1.3144808,-1.530591,293.3755,92.00813
2024-07-12 00:00:00,925,1.3153343,-1.3982573,289.03296,92.54413
2024-07-12 00:00:00,850,2.9689817,-5.976528,284.60864,80.37869
2024-07-12 00:00:00,700,6.6465073,-0.6367849,277.87988,17.392593
2024-07-12 00:00:00,500,23.701553,3.3803272,262.3152,5.024661
2024-07-12 01:00:00,1000,1.2255564,-1.5090933,292.9458,91.41902
2024-07-12 01:00:00,925,1.2632217,-1.3767614,288.59058,92.04375
2024-07-12 01:00:00,850,2.3454666,-6.157482,284.12378,83.0824
2024-07-12 01:00:00,700,7.270668,-0.85812527,277.5254,14.451996
2024-07-12 01:00:00,500,23.145569,1.6201344,262.32837,3.3109932
2024-07-12 02:00:00,1000,1.183918,-1.6681194,292.64917,91.8934
2024-07-12 02:00:00,925,1.227848,-1.5375347,288.3086,92.35327
2024-07-12 02:00:00,850,1.9736032,-6.094244,283.67798,86.91014
2024-07-12 02:00:00,700,7.7217636,-1.8835135,277.53467,10.618934
2024-07-12 02:00:00,500,22.80989,1.0120173,262.35498,3.281993
2024-07-12 03:00:00,1000,0.9411255,-1.6251974,292.3562,92.67987
2024-07-12 03:00:00,925,1.0195026,-1.4838219,288.02954,93.091354
2024-07-12 03:00:00,850,1.463067,-5.7581863,283.31177,88.105774
2024-07-12 03:00:00,700,7.620618,-2.913745,277.5874,9.393814
2024-07-12 03:00:00,500,23.069626,0.6866657,262.29028,3.590498
2024-07-12 04:00:00,1000,0.73242104,-1.4901466,292.0962,92.753296
2024-07-12 04:00:00,925,0.8320338,-1.3529167,287.75488,93.28351
2024-07-12 04:00:00,850,0.9669645,-5.2181273,283.26953,85.394485
2024-07-12 04:00:00,700,7.184084,-3.6240358,277.5581,10.100796
2024-07-12 04:00:00,500,23.750656,-0.4900331,262.20288,4.2316036
2024-07-12 05:00:00,1000,0.50088763,-1.3503532,291.8318,92.80928
2024-07-12 05:00:00,925,0.6406947,-1.2266827,287.47534,93.10716
2024-07-12 05:00:00,850,0.31632054,-4.575041,282.97363,82.042725
2024-07-12 05:00:00,700,6.683429,-3.8573122,277.50806,10.713244
2024-07-12 05:00:00,500,23.915817,-2.638605,262.15845,5.316085
2024-07-12 06:00:00,1000,0.32131165,-1.4592342,291.6704,91.07826
2024-07-12 06:00:00,925,0.49519938,-1.3133135,287.32056,91.54523
2024-07-12 06:00:00,850,-0.2477358,-4.082529,282.7561,79.65274
2024-07-12 06:00:00,700,6.396859,-3.9525194,277.35278,11.3777275
2024-07-12 06:00:00,500,23.078323,-4.6813374,262.02197,6.7707872
2024-07-12 07:00:00,1000,-0.002989328,-1.6702137,292.073,81.20471
2024-07-12 07:00:00,925,0.1631152,-1.5533819,287.69727,81.739716
2024-07-12 07:00:00,850,-0.55269456,-3.4015818,282.62427,80.85745
2024-07-12 07:00:00,700,6.3925333,-3.8514538,277.18774,12.345192
2024-07-12 07:00:00,500,22.114105,-5.6262074,261.91553,8.146486
2024-07-12 08:00:00,1000,-0.25428802,-1.5419769,292.89307,68.89751
2024-07-12 08:00:00,925,-0.13879651,-1.4695377,288.5188,69.43402
2024-07-12 08:00:00,850,-0.5917723,-2.5209713,283.0244,83.493774
2024-07-12 08:00:00,700,6.758298,-3.9281502,277.09082,12.9101715
2024-07-12 08:00:00,500,22.067291,-5.768816,261.9541,8.060935
2024-07-12 09:00:00,1000,-0.49242175,-1.2322826,294.08447,60.63307
2024-07-12 09:00:00,925,-0.42489773,-1.1677198,289.74707,60.45645
2024-07-12 09:00:00,850,-0.86242795,-1.6819811,284.1831,72.89725
2024-07-12 09:00:00,700,7.4279823,-4.071681,277.19824,12.500272
2024-07-12 09:00:00,500,22.543304,-5.5595074,262.15308,6.95467
2024-07-12 10:00:00,1000,-0.45027578,-0.5427094,295.22266,52.124817
2024-07-12 10:00:00,925,-0.40926528,-0.4806803,290.8589,51.932983
2024-07-12 10:00:00,850,-0.64713454,-0.42251313,285.21338,63.15039
2024-07-12 10:00:00,700,7.5259085,-4.510701,278.2434,11.103009
2024-07-12 10:00:00,500,21.44777,-3.794238,262.88867,6.0299263
2024-07-12 11:00:00,1000,-0.13510406,-0.34495825,296.65088,42.939697
2024-07-12 11:00:00,925,-0.0999648,-0.28289872,292.24512,43.249115
2024-07-12 11:00:00,850,-0.09374434,-0.15976143,286.5774,51.971542
2024-07-12 11:00:00,700,7.603158,-4.0878925,278.0852,10.112712
2024-07-12 11:00:00,500,21.50978,-3.6385422,262.89355,6.2016706
2024-07-12 12:00:00,1000,0.26909125,-0.30655277,297.76904,38.65782
2024-07-12 12:00:00,925,0.28541017,-0.26473826,293.34448,39.0869
2024-07-12 12:00:00,850,0.40879846,-0.15420723,287.6372,46.823196
2024-07-12 12:00:00,700,7.214858,-3.1762476,278.26465,8.128898
2024-07-12 12:00:00,500,21.318771,-3.4750662,262.89038,6.304988
2024-07-12 13:00:00,1000,0.62798685,-0.27834976,298.844,36.26596
2024-07-12 13:00:00,925,0.63389957,-0.21407163,294.4126,36.53392
2024-07-12 13:00:00,850,0.8964711,-0.080023825,288.74023,42.58249
2024-07-12 13:00:00,700,7.041832,-2.2341862,278.563,6.078727
2024-07-12 13:00:00,500,20.62439,-3.2720852,262.88672,6.4446983
2024-07-12 14:00:00,1000,1.1850023,-0.34885418,299.73804,34.966736
2024-07-12 14:00:00,925,1.1760902,-0.31836444,295.33472,35.01172
2024-07-12 14:00:00,850,1.7282467,-0.21639168,289.64355,40.725082
2024-07-12 14:00:00,700,6.825099,-1.2176456,278.49,4.875865
2024-07-12 14:00:00,500,19.30838,-2.8666935,262.87646,7.415987
2024-07-12 15:00:00,1000,1.5774574,-0.61646426,300.33203,34.823074
2024-07-12 15:00:00,925,1.5532026,-0.6131521,295.92603,34.799423
2024-07-12 15:00:00,850,2.3659906,-0.5777571,290.2683,40.41562
2024-07-12 15:00:00,700,6.0583973,0.15358257,278.14502,9.539963
2024-07-12 15:00:00,500,18.392822,-2.065484,262.8755,8.919823
2024-07-12 16:00:00,1000,1.5321312,-0.8804323,300.58594,36.300232
2024-07-12 16:00:00,925,1.519536,-0.8685069,296.1953,36.146652
2024-07-12 16:00:00,850,2.1503334,-1.0711527,290.4812,42.96611
2024-07-12 16:00:00,700,5.4506264,0.985241,278.2881,16.593216
2024-07-12 16:00:00,500,18.026932,-0.99727744,262.76147,11.624056
2024-07-12 17:00:00,1000,1.3218622,-1.1770906,300.45654,38.76425
2024-07-12 17:00:00,925,1.346508,-1.1487494,296.0625,38.6868
2024-07-12 17:00:00,850,1.623951,-1.5447464,290.37036,46.14267
2024-07-12 17:00:00,700,5.205372,1.1730576,278.73755,17.56549
2024-07-12 17:00:00,500,17.830902,0.015399303,262.52222,15.028692
2024-07-12 18:00:00,1000,1.0092144,-1.4257212,299.96606,42.464035
2024-07-12 18:00:00,925,1.0794487,-1.3548317,295.5813,42.375458
2024-07-12 18:00:00,850,1.1980171,-2.0490322,290.03857,49.4377
2024-07-12 18:00:00,700,4.8239517,1.2197104,279.03345,18.482513
2024-07-12 18:00:00,500,17.151962,1.242425,262.13354,16.911606
2024-07-12 19:00:00,1000,0.7046243,-1.3182421,299.24146,47.648605
2024-07-12 19:00:00,925,0.8416811,-1.2385683,294.86157,47.516846
2024-07-12 19:00:00,850,0.8967817,-2.210641,289.43262,52.812347
2024-07-12 19:00:00,700,4.2250137,1.4971399,279.04126,20.358734
2024-07-12 19:00:00,500,16.547272,2.7575731,261.74854,16.495682
2024-07-12 20:00:00,1000,0.4970343,-1.2447033,298.36572,53.005707
2024-07-12 20:00:00,925,0.60101074,-1.1652765,294.00122,52.815582
2024-07-12 20:00:00,850,0.28307247,-1.9739504,288.7146,56.17961
2024-07-12 20:00:00,700,3.8091965,2.0489998,278.97925,20.382858
2024-07-12 20:00:00,500,16.237244,4.1261005,261.5244,16.336472
2024-07-12 21:00:00,1000,0.13862354,-0.995658,297.44824,57.450546
2024-07-12 21:00:00,925,0.24464238,-0.93636674,293.0647,57.531097
2024-07-12 21:00:00,850,-0.5574762,-1.1432114,288.0327,59.47397
2024-07-12 21:00:00,700,3.5643864,3.3998508,278.84814,18.678589
2024-07-12 21:00:00,500,16.527206,5.4868135,261.61328,17.110382
2024-07-12 22:00:00,1000,-0.8772295,-0.6664606,295.78882,69.18057
2024-07-12 22:00:00,925,-0.791752,-0.64722526,291.4026,69.2486
2024-07-12 22:00:00,850,-2.8260145,0.32385987,286.66577,73.24817
2024-07-12 22:00:00,700,2.9144049,4.9910145,279.24878,16.720032
2024-07-12 22:00:00,500,16.197983,6.733164,262.40625,17.191849
2024-07-12 23:00:00,1000,-1.5296555,-0.26364416,294.9148,74.15535
2024-07-12 23:00:00,925,-1.4588261,-0.22403514,290.53833,74.15993
2024-07-12 23:00:00,850,-4.6722918,0.5272401,285.56567,80.37808
2024-07-12 23:00:00,700,4.3246355,5.1724844,279.69214,8.470803
2024-07-12 23:00:00,500,17.639679,5.544957,262.47852,22.53595
2024-07-13 00:00:00,1000,-1.6232014,-0.15222931,294.03638,77.49956
2024-07-13 00:00:00,925,-1.5734196,-0.1034323,289.67017,77.34624
2024-07-13 00:00:00,850,-4.822487,0.52475554,284.76172,84.57092
2024-07-13 00:00:00,700,5.2369175,4.877697,280.1223,3.8678703
2024-07-13 00:00:00,500,17.639267,4.9343147,261.85547,37.133286
2024-07-13 01:00:00,1000,-1.5442419,-0.11417675,293.46216,80.10948
2024-07-13 01:00:00,925,-1.5071316,-0.049939677,289.08862,79.80455
2024-07-13 01:00:00,850,-4.1568747,0.37716407,284.22754,86.71608
2024-07-13 01:00:00,700,6.0282307,5.076659,280.06836,3.2406206
2024-07-13 01:00:00,500,17.287613,5.377961,261.18604,52.245102
2024-07-13 02:00:00,1000,-1.5446663,0.003962379,293.08838,81.41411
2024-07-13 02:00:00,925,-1.5042353,0.08200574,288.71655,80.96155
2024-07-13 02:00:00,850,-4.0504913,0.3971632,283.91455,86.90941
2024-07-13 02:00:00,700,6.9881344,4.069145,279.95337,2.909071
2024-07-13 02:00:00,500,17.589355,5.5622663,260.6621,67.374664
2024-07-13 03:00:00,1000,-1.6576328,0.28412014,292.7754,82.6877
2024-07-13 03:00:00,925,-1.5858717,0.37346423,288.38916,82.14748
2024-07-13 03:00:00,850,-4.709732,0.8126968,283.6831,86.10333
2024-07-13 03:00:00,700,7.1833553,2.4449291,279.7224,3.11555
2024-07-13 03:00:00,500,17.965042,5.23864,260.53003,78.97458
2024-07-13 04:00:00,1000,-1.6269131,0.41677237,292.43115,83.67259
2024-07-13 04:00:00,925,-1.5292034,0.49553555,288.03662,83.011765
2024-07-13 04:00:00,850,-5.2655096,1.2718716,283.3606,86.004776
2024-07-13 04:00:00,700,6.621997,1.2110424,279.4375,3.2298288
2024-07-13 04:00:00,500,17.977524,4.256469,260.90137,93.193634
2024-07-13 05:00:00,1000,-1.6163015,0.3460976,292.0796,84.28284
2024-07-13 05:00:00,925,-1.5069294,0.3982038,287.67578,83.764145
2024-07-13 05:00:00,850,-5.488099,1.3982477,283.03174,86.5945
2024-07-13 05:00:00,700,5.7084627,0.20257223,279.11035,3.418582
2024-07-13 05:00:00,500,17.2462,3.1896687,261.38818,99.19896
2024-07-13 06:00:00,1000,-1.6174898,0.27812827,291.76953,83.76814
2024-07-13 06:00:00,925,-1.5076914,0.28128552,287.34814,83.47751
2024-07-13 06:00:00,850,-5.557678,1.5669117,282.7473,86.82591
2024-07-13 06:00:00,700,4.7069244,-0.053906277,279.0127,3.2688866
2024-07-13 06:00:00,500,16.416687,2.5912619,261.80908,95.486465
2024-07-13 07:00:00,1000,-1.8953571,0.41120094,292.0952,77.733826
2024-07-13 07:00:00,925,-1.7891636,0.36959153,287.6731,77.74313
2024-07-13 07:00:00,850,-4.6183147,1.4773645,282.60376,90.30031
2024-07-13 07:00:00,700,4.173644,0.29216844,279.0752,3.122921
2024-07-13 07:00:00,500,15.604958,2.418332,262.10327,89.21184
2024-07-13 08:00:00,1000,-1.9364967,0.4459135,293.09644,71.499054
2024-07-13 08:00:00,925,-1.869277,0.38677567,288.74707,71.673706
2024-07-13 08:00:00,850,-3.480814,1.1088095,283.32544,86.74643
2024-07-13 08:00:00,700,4.200947,0.76551604,279.2578,3.1190214
2024-07-13 08:00:00,500,15.488808,2.5970926,262.52344,79.70134
2024-07-13 09:00:00,1000,-1.6761141,0.6300035,294.5244,65.983505
2024-07-13 09:00:00,925,-1.6111383,0.6041775,290.18262,66.35565
2024-07-13 09:00:00,850,-2.763485,1.2342749,284.64404,79.97676
2024-07-13 09:00:00,700,4.532709,1.2285194,279.36157,3.4977312
2024-07-13 09:00:00,500,15.486353,2.5090113,262.89404,70.97444
2024-07-13 10:00:00,1000,-0.88857216,0.8687862,296.00024,62.25255
2024-07-13 10:00:00,925,-0.8545037,0.86811113,291.68677,61.63925
2024-07-13 10:00:00,850,-1.240943,1.501378,286.0498,75.48616
2024-07-13 10:00:00,700,4.801611,0.6277845,279.01294,4.2475624
2024-07-13 10:00:00,500,14.779538,2.9884024,263.0669,74.71333
2024-07-13 11:00:00,1000,-0.26793897,0.96268,297.6494,54.55078
2024-07-13 11:00:00,925,-0.23991448,1.0370445,293.30225,53.68518
2024-07-13 11:00:00,850,-0.22798789,1.4691906,287.66602,65.14186
2024-07-13 11:00:00,700,4.1575346,0.96410084,278.9231,4.226614
2024-07-13 11:00:00,500,14.8369,2.652379,263.11914,69.10153
2024-07-13 12:00:00,1000,0.50735486,1.0536356,299.16724,46.839767
2024-07-13 12:00:00,925,0.5471471,1.1397429,294.8125,45.88945
2024-07-13 12:00:00,850,0.89753735,1.6519976,289.14404,55.59108
2024-07-13 12:00:00,700,4.071416,1.6346302,278.8562,4.3915405
2024-07-13 12:00:00,500,15.202587,2.765154,263.07202,66.343704
2024-07-13 13:00:00,1000,0.8711799,1.1393042,300.45166,40.56143
2024-07-13 13:00:00,925,0.8891424,1.2044773,296.06372,39.56154
2024-07-13 13:00:00,850,1.3765821,1.7689476,290.41333,47.88919
2024-07-13 13:00:00,700,3.9723253,2.5228643,278.94385,5.2972765
2024-07-13 13:00:00,500,16.349258,2.9810057,263.14795,67.66147
2024-07-13 14:00:00,1000,1.3787441,1.158145,301.4729,35.82158
2024-07-13 14:00:00,925,1.3956699,1.221056,297.0818,34.750412
2024-07-13 14:00:00,850,2.1080341,1.8021936,291.39526,42.321823
2024-07-13 14:00:00,700,4.4298887,3.567338,278.85864,8.969901
2024-07-13 14:00:00,500,17.823715,2.7036066,263.59277,72.59018
2024-07-13 15:00:00,1000,1.879899,1.2040977,302.1399,33.398605
2024-07-13 15:00:00,925,1.9179258,1.2775536,297.73462,32.170395
2024-07-13 15:00:00,850,2.8888874,1.9477739,292.0598,39.19438
2024-07-13 15:00:00,700,4.2406664,4.420004,278.1748,34.065536
2024-07-13 15:00:00,500,19.048233,2.0424652,264.1985,75.451584
2024-07-13 16:00:00,1000,2.2889547,1.0538254,302.42456,32.935257
2024-07-13 16:00:00,925,2.3496866,1.1285772,297.99023,31.576874
2024-07-13 16:00:00,850,3.6131792,1.8448515,292.43555,37.256165
2024-07-13 16:00:00,700,3.9390135,4.5099316,278.0547,45.7191
2024-07-13 16:00:00,500,19.262009,1.401577,264.61353,72.350845
2024-07-13 17:00:00,1000,2.5597658,0.76844454,302.40527,33.77289
2024-07-13 17:00:00,925,2.6534767,0.8172708,297.99023,32.28476
2024-07-13 17:00:00,850,4.2417297,1.4163208,292.49976,37.17775
2024-07-13 17:00:00,700,4.005172,4.689419,278.3916,41.927277
2024-07-13 17:00:00,500,18.794708,0.860248,264.90894,65.52887
2024-07-13 18:00:00,1000,2.5479784,0.49839586,302.06763,36.28949
2024-07-13 18:00:00,925,2.6574936,0.5165533,297.6516,35.047974
2024-07-13 18:00:00,850,4.502162,0.8800878,292.20117,40.268158
2024-07-13 18:00:00,700,4.1967545,5.4133406,279.14526,28.742874
2024-07-13 18:00:00,500,17.483383,0.8204688,265.2671,58.82222
2024-07-13 19:00:00,1000,2.052659,0.22967857,301.38867,42.11255
2024-07-13 19:00:00,925,2.2021475,0.21314853,296.97437,41.26204
2024-07-13 19:00:00,850,4.844164,0.22736186,291.5105,46.11168
2024-07-13 19:00:00,700,5.239876,5.9617825,279.88672,19.52388
2024-07-13 19:00:00,500,17.254349,1.5035648,265.51392,59.22638
2024-07-13 20:00:00,1000,1.5270338,0.32486296,300.5647,47.8833
2024-07-13 20:00:00,925,1.643426,0.25765097,296.1338,47.888412
2024-07-13 20:00:00,850,4.6423693,0.15237522,290.708,51.934586
2024-07-13 20:00:00,700,6.3629055,6.0643253,280.46875,15.285691
2024-07-13 20:00:00,500,16.895126,1.6783276,265.3938,68.52225
2024-07-13 21:00:00,1000,1.330965,0.39380538,299.7959,52.990997
2024-07-13 21:00:00,925,1.3346195,0.3219478,295.34058,53.632675
2024-07-13 21:00:00,850,3.9857845,0.08806282,290.04175,56.316116
2024-07-13 21:00:00,700,6.9464703,5.901207,280.74097,15.19332
2024-07-13 21:00:00,500,15.995967,2.5701408,265.03442,80.608765
2024-07-13 22:00:00,1000,1.3847904,0.32946414,298.78247,57.513702
2024-07-13 22:00:00,925,1.272706,0.2685495,294.35718,58.301926
2024-07-13 22:00:00,850,3.5321255,0.285024,289.25415,58.779648
2024-07-13 22:00:00,700,4.79887,7.712922,280.63306,18.403732
2024-07-13 22:00:00,500,16.913223,5.025778,265.06177,85.715775
2024-07-13 23:00:00,1000,1.4051943,0.21028757,298.27686,62.10048
2024-07-13 23:00:00,925,1.2891254,0.19591159,293.88647,62.817047
2024-07-13 23:00:00,850,3.0923061,0.7214687,288.94458,59.243423
2024-07-13 23:00:00,700,5.7636395,8.034817,280.58008,18.243103
2024-07-13 23:00:00,500,17.324142,6.521247,264.95947,91.48944
2024-07-14 00:00:00,1000,1.5366116,0.12344527,297.6416,66.271805
2024-07-14 00:00:00,925,1.380209,0.06926167,293.2539,67.13756
2024-07-14 00:00:00,850,3.4790487,0.6067568,288.48633,60.481995
2024-07-14 00:00:00,700,6.9293346,7.5818434,280.4485,18.653671
2024-07-14 00:00:00,500,17.508606,8.114645,264.9436,90.086136
2024-07-14 01:00:00,1000,1.5896444,-0.03107775,296.8518,69.84982
2024-07-14 01:00:00,925,1.4323349,-0.059618764,292.4602,70.72867
2024-07-14 01:00:00,850,3.937132,0.1041649,287.87378,61.590134
2024-07-14 01:00:00,700,8.291794,6.5041323,280.4773,20.430252
2024-07-14 01:00:00,500,18.110703,9.4282675,264.80908,86.848526
2024-07-14 02:00:00,1000,1.6847849,-0.32749516,296.0935,73.74747
2024-07-14 02:00:00,925,1.5502625,-0.3789242,291.70508,74.451675
2024-07-14 02:00:00,850,4.174967,-0.71389943,287.41943,61.204117
2024-07-14 02:00:00,700,9.366588,5.172284,280.40942,23.688644
2024-07-14 02:00:00,500,18.044662,9.584094,264.5891,84.487076
2024-07-14 03:00:00,1000,1.69699,-0.64017636,295.32227,77.92468
2024-07-14 03:00:00,925,1.5404148,-0.7177083,290.93115,78.505844
2024-07-14 03:00:00,850,4.2330227,-1.8241625,286.98096,62.14334
2024-07-14 03:00:00,700,9.774345,4.039524,280.17725,31.222076
2024-07-14 03:00:00,500,16.715942,11.352939,264.22144,86.04776
2024-07-14 04:00:00,1000,1.4841709,-0.61917347,294.76782,79.99626
2024-07-14 04:00:00,925,1.3412447,-0.7274461,290.39014,80.0435
2024-07-14 04:00:00,850,3.4468718,-2.247488,286.73926,61.512085
2024-07-14 04:00:00,700,9.834373,3.3679094,279.70874,47.294464
2024-07-14 04:00:00,500,16.557724,14.024228,263.90967,90.99927
2024-07-14 05:00:00,1000,1.0343513,-0.16202945,294.71924,81.09151
2024-07-14 05:00:00,925,0.95539814,-0.29671246,290.33496,80.90524
2024-07-14 05:00:00,850,1.6473742,-1.4744978,287.14746,46.609634
2024-07-14 05:00:00,700,9.7701025,3.4314613,279.7766,67.43808
2024-07-14 05:00:00,500,18.510513,14.581395,263.96313,96.59952
2024-07-14 06:00:00,1000,0.9388954,0.32078063,295.09277,81.55406
2024-07-14 06:00:00,925,0.864937,0.19498569,290.67554,82.08656
2024-07-14 06:00:00,850,0.96885,0.2832955,287.65723,34.48674
2024-07-14 06:00:00,700,9.15145,3.3441448,279.94214,74.04544
2024-07-14 06:00:00,500,21.768356,12.430183,263.90527,100.42703
2024-07-14 07:00:00,1000,1.3192787,0.35655957,294.92896,76.89371
2024-07-14 07:00:00,925,1.1679077,0.19309527,290.50342,78.329666
2024-07-14 07:00:00,850,2.528942,0.80432737,287.41626,33.370987
2024-07-14 07:00:00,700,7.929964,4.112091,279.4702,78.21562
2024-07-14 07:00:00,500,20.24292,8.842701,263.85522,93.58995
2024-07-14 08:00:00,1000,1.4674997,0.29821032,295.6206,55.521454
2024-07-14 08:00:00,925,1.3562803,0.17091274,291.23633,56.77736
2024-07-14 08:00:00,850,3.0494928,0.41041088,286.91797,37.998703
2024-07-14 08:00:00,700,8.0268755,4.5980387,279.24536,77.85051
2024-07-14 08:00:00,500,17.077393,7.4204245,264.10645,69.758484
2024-07-14 09:00:00,1000,1.4606514,0.5013229,297.0874,38.69789
2024-07-14 09:00:00,925,1.3816719,0.37922025,292.73047,39.24594
2024-07-14 09:00:00,850,2.412012,0.74597067,287.30347,42.26068
2024-07-14 09:00:00,700,8.487468,4.8024206,279.12524,74.7892
2024-07-14 09:00:00,500,15.25926,7.381609,264.2666,49.412903
2024-07-14 10:00:00,1000,1.6536865,0.3652001,297.70825,33.19159
2024-07-14 10:00:00,925,1.5960636,0.287695,293.3628,33.0757
2024-07-14 10:00:00,850,2.5061712,0.57027924,287.80835,37.795105
2024-07-14 10:00:00,700,7.615402,4.9047413,279.1399,71.18518
2024-07-14 10:00:00,500,13.547263,6.5213327,264.60596,24.173737
2024-07-14 11:00:00,1000,1.896143,0.8322333,298.73462,33.08017
2024-07-14 11:00:00,925,1.8764305,0.78784823,294.38794,32.73297
2024-07-14 11:00:00,850,2.8975792,1.3481045,288.77832,38.2735
2024-07-14 11:00:00,700,7.51433,5.1534147,279.18262,68.60799
2024-07-14 11:00:00,500,12.319836,8.105791,264.63672,19.415588
2024-07-14 12:00:00,1000,2.4306393,1.0169268,299.28076,37.299286
2024-07-14 12:00:00,925,2.4126759,0.9490671,294.92407,36.95842
2024-07-14 12:00:00,850,3.8607407,1.7636919,289.30005,43.920242
2024-07-14 12:00:00,700,7.6082172,5.552162,279.16992,69.567505
2024-07-14 12:00:00,500,12.408283,8.920258,264.70605,13.653966
2024-07-14 13:00:00,1000,2.8036613,1.0486183,299.43848,42.457962
2024-07-14 13:00:00,925,2.7723532,0.97537434,295.0752,42.01912
2024-07-14 13:00:00,850,4.5855513,1.9073267,289.46216,50.15686
2024-07-14 13:00:00,700,7.6077805,5.956465,279.11768,72.15665
2024-07-14 13:00:00,500,12.744957,8.98857,264.56592,8.839269
2024-07-14 14:00:00,1000,2.9149532,0.8563319,299.44116,47.255173
2024-07-14 14:00:00,925,2.8850708,0.84097683,295.08228,46.82872
2024-07-14 14:00:00,850,4.810955,1.5963726,289.47803,55.869797
2024-07-14 14:00:00,700,7.961113,6.082471,279.2046,71.90964
2024-07-14 14:00:00,500,12.912653,8.800059,264.33765,5.3652096
2024-07-14 15:00:00,1000,3.2075682,1.2452288,299.9607,48.667343
2024-07-14 15:00:00,925,3.1650887,1.225071,295.57837,48.48735
2024-07-14 15:00:00,850,5.2599335,2.1087637,289.94507,58.167145
2024-07-14 15:00:00,700,8.521448,5.640999,279.24097,71.04634
2024-07-14 15:00:00,500,13.162971,9.049591,264.292,4.490367
2024-07-14 16:00:00,1000,3.0524063,1.6564646,300.4287,48.579376
2024-07-14 16:00:00,925,3.0254145,1.653265,296.0464,48.350815
2024-07-14 16:00:00,850,5.322193,2.8696413,290.5044,57.28221
2024-07-14 16:00:00,700,8.456553,4.8539963,279.08203,72.58382
2024-07-14 16:00:00,500,13.993384,9.387738,264.23926,4.08022
2024-07-14 17:00:00,1000,2.6321087,1.8840694,300.64917,49.231552
2024-07-14 17:00:00,925,2.6461525,1.8789492,296.28955,48.91716
2024-07-14 17:00:00,850,4.776204,3.3660498,290.79053,57.38379
2024-07-14 17:00:00,700,8.419567,4.8583574,279.09204,66.46327
2024-07-14 17:00:00,500,14.801566,9.458737,264.06494,5.952441
2024-07-14 18:00:00,1000,2.262209,2.1458836,300.6172,50.70192
2024-07-14 18:00:00,925,2.3057404,2.0791016,296.2644,50.352203
2024-07-14 18:00:00,850,4.5259714,4.131256,290.79077,58.606003
2024-07-14 18:00:00,700,7.8807993,5.3138866,279.2881,60.661575
2024-07-14 18:00:00,500,15.473649,9.151068,263.92212,10.619188
2024-07-14 19:00:00,1000,1.9886732,2.3102798,300.09814,54.509094
2024-07-14 19:00:00,925,1.9819393,2.1988316,295.72583,54.49025
2024-07-14 19:00:00,850,5.2151337,5.520482,290.24585,63.114136
2024-07-14 19:00:00,700,8.050023,6.58325,279.4358,60.57495
2024-07-14 19:00:00,500,16.056961,9.513504,263.91284,10.960081
2024-07-14 20:00:00,1000,1.7383928,2.0830097,299.1372,59.99716
2024-07-14 20:00:00,925,1.6592407,1.9256096,294.7473,60.12755
2024-07-14 20:00:00,850,4.8451376,5.3263416,289.31128,69.91005
2024-07-14 20:00:00,700,9.25906,8.01906,279.3806,68.984665
2024-07-14 20:00:00,500,16.078842,10.407919,263.70728,7.4087706
2024-07-14 21:00:00,1000,1.5182257,1.8780613,298.1255,66.16783
2024-07-14 21:00:00,925,1.4093962,1.751482,293.7378,66.42505
2024-07-14 21:00:00,850,4.7757006,5.323494,288.43115,76.02899
2024-07-14 21:00:00,700,9.515828,9.5528145,279.30957,78.89473
2024-07-14 21:00:00,500,16.309326,12.023408,263.70776,7.566905
2024-07-14 22:00:00,1000,0.9935944,1.5983715,297.21606,74.040436
2024-07-14 22:00:00,925,0.9210532,1.487608,292.81836,74.45372
2024-07-14 22:00:00,850,4.4555006,4.8678513,287.71558,82.728455
2024-07-14 22:00:00,700,9.540005,11.156895,279.95825,74.43448
2024-07-14 22:00:00,500,16.265625,12.073791,264.25952,11.566195
2024-07-14 23:00:00,1000,0.91384554,1.9845724,296.6084,77.59276
2024-07-14 23:00:00,925,0.8209942,1.75282,292.21167,77.81328
2024-07-14 23:00:00,850,4.8200607,6.037118,287.17456,86.0164
2024-07-14 23:00:00,700,11.84905,11.473193,279.261,79.75641
2024-07-14 23:00:00,500,16.918762,12.757406,264.5083,14.509606
2025-07-01 00:00:00,1000,-0.13942194,0.056052867,304.5901,61.480606
2025-07-01 00:00:00,925,-0.19751638,0.0009619787,300.24292,61.99298
2025-07-01 00:00:00,850,-0.2602167,1.5858412,296.36182,27.093369
2025-07-01 00:00:00,700,-1.7864008,6.66004,282.22388,46.206726
2025-07-01 00:00:00,500,2.1618652,4.0981445,262.61548,49.502274
2025-07-01 01:00:00,1000,-0.45691675,0.061842386,304.42114,58.245712
2025-07-01 01:00:00,925,-0.48098606,0.020221304,300.0171,58.959854
2025-07-01 01:00:00,850,-1.384345,2.1270065,296.0598,26.650711
2025-07-01 01:00:00,700,-1.0186968,6.821189,282.1477,47.383972
2025-07-01 01:00:00,500,1.8309269,4.9037676,262.6372,45.477768
2025-07-01 02:00:00,1000,-0.6037936,0.058994412,304.0869,54.527298
2025-07-01 02:00:00,925,-0.5677031,0.06117727,299.6228,55.525177
2025-07-01 02:00:00,850,-1.35392,2.6383533,295.91406,25.733124
2025-07-01 02:00:00,700,-0.10854977,7.084818,282.40942,45.475372
2025-07-01 02:00:00,500,2.4212341,5.1176176,262.2627,46.5775
2025-07-01 03:00:00,1000,-0.74547774,0.12790221,303.66968,52.0486
2025-07-01 03:00:00,925,-0.68560815,0.13753253,299.21802,52.55043
2025-07-01 03:00:00,850,-1.0495853,2.7822475,295.78784,25.331696
2025-07-01 03:00:00,700,1.4220562,6.450718,282.64136,42.71637
2025-07-01 03:00:00,500,2.9578676,4.334799,262.13013,42.82837
2025-07-01 04:00:00,1000,-0.8269957,0.34909612,303.04395,49.970444
2025-07-01 04:00:00,925,-0.751779,0.33566314,298.61694,50.022263
2025-07-01 04:00:00,850,-0.9990186,3.1122475,295.55444,25.774414
2025-07-01 04:00:00,700,2.6848097,5.717598,282.7024,41.95555
2025-07-01 04:00:00,500,2.4745665,3.6987934,262.13916,37.44171
2025-07-01 05:00:00,1000,-0.6481581,0.3254133,302.54834,48.583923
2025-07-01 05:00:00,925,-0.5895066,0.2938547,298.1455,48.75609
2025-07-01 05:00:00,850,-0.6306512,3.2833052,295.40674,26.146622
2025-07-01 05:00:00,700,3.4271173,5.0195494,282.6692,42.662582
2025-07-01 05:00:00,500,1.247241,3.7527628,262.2854,33.021652
2025-07-01 06:00:00,1000,-0.2763397,0.2965057,302.49268,49.08911
2025-07-01 06:00:00,925,-0.26241446,0.27205062,298.0371,49.50641
2025-07-01 06:00:00,850,-0.106756985,3.263173,295.37695,26.50682
2025-07-01 06:00:00,700,3.9388676,4.388035,282.61646,43.725296
2025-07-01 06:00:00,500,0.23092377,4.6987877,262.57593,30.263168
2025-07-01 07:00:00,1000,-0.35988337,0.35087603,302.67432,49.00142
2025-07-01 07:00:00,925,-0.36461806,0.33120352,298.1433,49.70128
2025-07-01 07:00:00,850,0.17929143,3.352415,295.35132,27.118622
2025-07-01 07:00:00,700,4.458126,3.7981377,282.573,44.81569
2025-07-01 07:00:00,500,-0.097779274,6.1186857,262.8191,30.370117
2025-07-01 08:00:00,1000,-0.7298022,0.8480494,302.77612,37.727707
2025-07-01 08:00:00,925,-0.7537568,0.7750061,298.15796,39.01851
2025-07-01 08:00:00,850,0.15244979,3.6055355,295.20264,28.093307
2025-07-01 08:00:00,700,4.855213,3.483365,282.5459,45.49141
2025-07-01 08:00:00,500,0.08085334,7.355117,262.76978,35.162704
2025-07-01 09:00:00,1000,-0.7921553,1.3732872,304.6577,31.134583
2025-07-01 09:00:00,925,-0.7659913,1.2849884,300.03442,33.37999
2025-07-01 09:00:00,850,-0.20929205,3.3312998,294.74463,34.20363
2025-07-01 09:00:00,700,5.155753,3.3965244,282.54346,45.735733
2025-07-01 09:00:00,500,1.0501003,7.8367443,262.6057,40.558
2025-07-01 10:00:00,1000,-0.59887344,1.721674,305.56274,28.710571
2025-07-01 10:00:00,925,-0.58821046,1.7068691,301.0371,29.759735
2025-07-01 10:00:00,850,-0.45384234,2.8541708,295.13696,35.75998
2025-07-01 10:00:00,700,0.48880368,3.8390055,282.98486,41.458008
2025-07-01 10:00:00,500,3.718792,8.279481,261.48682,43.67624
2025-07-01 11:00:00,1000,-0.45715553,2.0401154,306.94482,26.073807
2025-07-01 11:00:00,925,-0.41357964,2.0906658,302.4475,26.849945
2025-07-01 11:00:00,850,-0.45083964,3.3318138,296.55786,31.512009
2025-07-01 11:00:00,700,0.77969974,5.2670813,283.20776,36.639114
2025-07-01 11:00:00,500,3.982132,7.02143,261.94604,43.769745
2025-07-01 12:00:00,1000,-0.32453972,2.4564905,308.05615,24.145721
2025-07-01 12:00:00,925,-0.31252462,2.552147,303.57935,24.59526
2025-07-01 12:00:00,850,-0.5852962,3.9129162,297.5149,30.437836
2025-07-01 12:00:00,700,1.1404037,6.061453,283.3745,34.6082
2025-07-01 12:00:00,500,4.718607,6.430559,262.86108,28.188446
2025-07-01 13:00:00,1000,-0.039165728,2.8089762,308.68042,22.384567
2025-07-01 13:00:00,925,-0.038079984,2.9177074,304.1897,22.828033
2025-07-01 13:00:00,850,-0.22337121,4.606324,298.1255,28.840454
2025-07-01 13:00:00,700,0.5273241,5.5757036,282.50024,49.43042
2025-07-01 13:00:00,500,3.59056,5.3945704,262.70752,58.60843
2025-07-01 14:00:00,1000,0.24270236,2.8641348,309.3186,20.41745
2025-07-01 14:00:00,925,0.21691197,3.0047493,304.8064,20.953583
2025-07-01 14:00:00,850,0.3124299,4.8759174,298.80225,25.922546
2025-07-01 14:00:00,700,1.0494232,5.4146814,282.71948,43.972656
2025-07-01 14:00:00,500,3.2888956,4.999548,263.15186,49.352875
2025-07-01 15:00:00,1000,0.9403821,2.7251787,309.50537,19.292984
2025-07-01 15:00:00,925,0.9414896,2.8602648,304.98438,19.946548
2025-07-01 15:00:00,850,1.2658339,4.928299,299.0625,23.546143
2025-07-01 15:00:00,700,1.1134424,5.360484,282.78955,46.24713
2025-07-01 15:00:00,500,4.0110474,5.1182785,263.8557,42.356125
2025-07-01 16:00:00,1000,2.0494137,1.7437191,309.3064,18.20906
2025-07-01 16:00:00,925,2.0599518,1.8561583,304.7859,18.775467
2025-07-01 16:00:00,850,3.2783508,3.566946,298.93115,21.891083
2025-07-01 16:00:00,700,2.0542707,5.1700563,282.6206,47.500244
2025-07-01 16:00:00,500,3.9880724,5.0766325,263.84473,55.61209
2025-07-01 17:00:00,1000,3.0652494,0.79585963,308.333,21.52353
2025-07-01 17:00:00,925,3.0680494,0.92034,303.813,21.827438
2025-07-01 17:00:00,850,5.4309235,1.7711744,298.06494,25.58014
2025-07-01 17:00:00,700,2.4124403,5.2910833,282.46973,49.289856
2025-07-01 17:00:00,500,3.1469202,4.969331,263.7649,61.33162
2025-07-01 18:00:00,1000,3.0993109,-0.5532279,307.2085,29.529129
2025-07-01 18:00:00,925,3.1274796,-0.41877562,302.7146,29.586563
2025-07-01 18:00:00,850,6.310009,-0.9185643,297.0913,33.54123
2025-07-01 18:00:00,700,0.3490718,5.7994385,283.00342,43.29796
2025-07-01 18:00:00,500,4.0572643,5.98936,263.6892,62.563507
2025-07-01 19:00:00,1000,2.2510996,-0.89067334,306.1394,40.008026
2025-07-01 19:00:00,925,2.3273106,-0.75052595,301.63403,40.004974
2025-07-01 19:00:00,850,5.77489,-1.786417,296.05298,43.159027
2025-07-01 19:00:00,700,0.6098263,6.686701,283.56738,34.21521
2025-07-01 19:00:00,500,4.990135,6.4409504,263.43677,68.31384
2025-07-01 20:00:00,1000,1.7074413,-0.928846,305.1565,48.88896
2025-07-01 20:00:00,925,1.776537,-0.8142128,300.6316,48.910233
2025-07-01 20:00:00,850,4.7488356,-1.4952841,295.23242,50.927246
2025-07-01 20:00:00,700,1.646141,6.793233,283.49707,34.56404
2025-07-01 20:00:00,500,5.2656155,7.103198,263.16162,68.03488
2025-07-01 21:00:00,1000,1.4167566,-0.9318332,304.28955,56.590286
2025-07-01 21:00:00,925,1.4768057,-0.8012347,299.7893,56.77719
2025-07-01 21:00:00,850,4.2384415,-0.48838472,294.7588,55.67627
2025-07-01 21:00:00,700,2.323452,6.4889517,283.35132,36.614716
2025-07-01 21:00:00,500,5.02697,8.641951,262.80713,71.157104
2025-07-01 22:00:00,1000,1.2470665,-1.0158129,303.99292,67.68071
2025-07-01 22:00:00,925,1.2893391,-0.94500846,299.49097,68.030396
2025-07-01 22:00:00,850,4.0262985,0.3233837,295.05103,53.44081
2025-07-01 22:00:00,700,1.8087149,3.7287197,283.2815,40.329575
2025-07-01 22:00:00,500,4.88591,10.461668,262.18506,60.79184
2025-07-01 23:00:00,1000,0.94707245,-0.9619998,303.46777,73.84587
2025-07-01 23:00:00,925,0.9974068,-0.86448747,298.979,74.42743
2025-07-01 23:00:00,850,3.2641258,-0.0008684625,294.90405,54.868607
2025-07-01 23:00:00,700,0.9227615,4.4096193,283.34326,40.099182
2025-07-01 23:00:00,500,6.243,10.682657,262.50757,45.478592
2025-07-02 00:00:00,1000,0.4170295,-0.86537653,302.68677,79.79091
2025-07-02 00:00:00,925,0.52305204,-0.7173639,298.23633,80.08382
2025-07-02 00:00:00,850,1.4187517,-0.33728194,294.09814,64.62248
2025-07-02 00:00:00,700,1.1065636,5.4485626,283.1775,42.99182
2025-07-02 00:00:00,500,8.795015,10.051641,262.91406,25.468689
2025-07-02 01:00:00,1000,0.079182744,-0.7510049,301.7527,84.25522
2025-07-02 01:00:00,925,0.22407418,-0.5737868,297.33032,84.37537
2025-07-02 01:00:00,850,-0.86868083,0.117830575,293.19263,72.548706
2025-07-02 01:00:00,700,2.8280811,6.740755,282.85693,48.77269
2025-07-02 01:00:00,500,10.677143,9.495886,263.135,14.591166
2025-07-02 02:00:00,1000,0.0008339316,-0.5931556,301.21313,87.06082
2025-07-02 02:00:00,925,0.18222982,-0.4042142,296.80054,86.87526
2025-07-02 02:00:00,850,-2.2699022,0.8425748,292.68384,74.28
2025-07-02 02:00:00,700,4.672758,7.6752853,282.68262,52.26596
2025-07-02 02:00:00,500,11.339062,9.126164,263.21802,10.877004
2025-07-02 03:00:00,1000,0.13684452,-0.33890367,300.97485,88.49811
2025-07-02 03:00:00,925,0.30731905,-0.14589244,296.57544,87.98746
2025-07-02 03:00:00,850,-2.590973,1.7268372,292.19922,75.12714
2025-07-02 03:00:00,700,6.415061,7.7528324,282.68042,51.084595
2025-07-02 03:00:00,500,11.510524,9.048605,263.22852,10.379156
2025-07-02 04:00:00,1000,0.41247886,-0.17614728,300.69507,89.37071
2025-07-02 04:00:00,925,0.533771,-0.058044165,296.30737,88.83418
2025-07-02 04:00:00,850,-1.811511,2.5476007,291.7932,75.25369
2025-07-02 04:00:00,700,7.5643835,7.106846,282.63477,48.195618
2025-07-02 04:00:00,500,11.61934,9.183837,263.2976,10.498433
2025-07-02 05:00:00,1000,0.6570657,-0.46128953,300.3506,90.98691
2025-07-02 05:00:00,925,0.74256366,-0.37460816,295.9795,90.51999
2025-07-02 05:00:00,850,-0.53851813,2.5746164,291.41455,76.842255
2025-07-02 05:00:00,700,8.116736,6.7344055,282.43164,47.12619
2025-07-02 05:00:00,500,11.822659,9.403883,263.35913,9.691796
2025-07-02 06:00:00,1000,0.5448355,-0.7555366,299.8501,91.72583
2025-07-02 06:00:00,925,0.64350545,-0.6501311,295.49023,91.63728
2025-07-02 06:00:00,850,0.15229297,1.9122925,291.16553,78.23949
2025-07-02 06:00:00,700,8.620778,6.9660597,282.20215,46.245865
2025-07-02 06:00:00,500,11.903183,9.468391,263.43774,8.383341
2025-07-02 07:00:00,1000,0.08381605,-0.8758126,299.62793,80.2357
2025-07-02 07:00:00,925,0.13794619,-0.84512913,295.20654,80.2117
2025-07-02 07:00:00,850,0.20548034,1.3214912,290.86328,79.45566
2025-07-02 07:00:00,700,9.457037,7.481139,282.0371,45.870026
2025-07-02 07:00:00,500,11.620068,9.662587,263.56738,7.299817
2025-07-02 08:00:00,1000,-0.2970097,-0.41393697,300.7566,69.19829
2025-07-02 08:00:00,925,-0.20412642,-0.37624377,296.27393,69.29373
2025-07-02 08:00:00,850,-0.0970909,0.7418371,290.85376,80.91206
2025-07-02 08:00:00,700,9.88655,7.7482004,281.8391,48.219025
2025-07-02 08:00:00,500,10.6296425,10.185802,263.75537,7.2376404
2025-07-02 09:00:00,1000,-0.24043834,0.39274746,302.2002,59.628372
2025-07-02 09:00:00,925,-0.20344055,0.4404918,297.71338,59.60344
2025-07-02 09:00:00,850,-0.10797435,1.0360403,291.9734,73.847
2025-07-02 09:00:00,700,10.2509,7.949334,281.60962,51.38629
2025-07-02 09:00:00,500,9.984831,10.940958,263.88306,7.835124
2025-07-02 10:00:00,1000,-0.82200885,0.8695925,303.53784,47.765076
2025-07-02 10:00:00,925,-0.789775,0.90074664,299.04004,47.73056
2025-07-02 10:00:00,850,-0.87800896,2.0522242,293.3506,57.42627
2025-07-02 10:00:00,700,8.0565195,6.786459,282.80396,36.358566
2025-07-02 10:00:00,500,9.980889,9.003195,263.66553,11.390009
2025-07-02 11:00:00,1000,-0.60826397,0.86572134,304.90186,41.719345
2025-07-02 11:00:00,925,-0.58608043,0.92219883,300.36792,41.862778
2025-07-02 11:00:00,850,-0.7818707,2.0846252,294.56396,50.39792
2025-07-02 11:00:00,700,7.7852087,7.876319,282.54224,39.861023
2025-07-02 11:00:00,500,10.067401,9.223054,263.35547,11.881661
2025-07-02 12:00:00,1000,-0.120764196,0.96462953,306.0791,37.767746
2025-07-02 12:00:00,925,-0.099303484,1.0245714,301.5227,37.98903
2025-07-02 12:00:00,850,-0.29348898,2.022028,295.5725,46.993286
2025-07-02 12:00:00,700,6.667984,8.508609,282.34863,43.200073
2025-07-02 12:00:00,500,9.563855,9.582455,263.14673,14.464497
2025-07-02 13:00:00,1000,0.35427696,0.64593893,306.99268,35.512146
2025-07-02 13:00:00,925,0.37549645,0.70533746,302.42285,36.03389
2025-07-02 13:00:00,850,0.34573305,1.566041,296.41968,44.32965
2025-07-02 13:00:00,700,2.5145473,7.623068,281.22388,70.974335
2025-07-02 13:00:00,500,9.287013,10.288906,263.0415,13.365987
2025-07-02 14:00:00,1000,0.98555994,0.85061294,306.01318,39.5063
2025-07-02 14:00:00,925,1.0151272,0.90329856,301.48364,39.804077
2025-07-02 14:00:00,850,1.2774982,1.6589994,295.7151,46.188293
2025-07-02 14:00:00,700,1.4901495,7.4360466,281.46265,65.412735
2025-07-02 14:00:00,500,8.8387165,10.937509,262.76538,32.454346
2025-07-02 15:00:00,1000,0.8215157,-0.7578797,305.18604,41.696854
2025-07-02 15:00:00,925,0.82300144,-0.6968951,300.6753,41.86917
2025-07-02 15:00:00,850,0.88105625,-0.7354821,294.79956,49.596817
2025-07-02 15:00:00,700,1.1898336,8.052069,281.365,68.604645
2025-07-02 15:00:00,500,8.565243,12.08348,262.76147,24.45082
2025-07-02 16:00:00,1000,-1.2259493,-0.645997,303.67822,48.240463
2025-07-02 16:00:00,925,-1.2133207,-0.56033206,299.19995,48.436523
2025-07-02 16:00:00,850,-2.1573925,-0.36275584,293.53467,56.90715
2025-07-02 16:00:00,700,4.695141,9.00782,281.63306,57.01181
2025-07-02 16:00:00,500,8.857885,12.736639,263.1504,32.17125
2025-07-02 17:00:00,1000,-2.4992104,-0.7327341,303.89746,47.643753
2025-07-02 17:00:00,925,-2.4380808,-0.6273687,299.40186,47.933517
2025-07-02 17:00:00,850,-4.62694,-0.7204442,293.6643,57.31212
2025-07-02 17:00:00,700,5.43126,8.068904,281.47827,56.001053
2025-07-02 17:00:00,500,10.789562,12.947708,263.70068,20.61615
2025-07-02 18:00:00,1000,-1.8766394,0.40530157,301.5254,60.746902
2025-07-02 18:00:00,925,-1.8011227,0.5283804,297.0923,60.720123
2025-07-02 18:00:00,850,-5.6779413,1.4767904,291.979,63.323715
2025-07-02 18:00:00,700,3.8918676,8.916723,280.02222,71.89404
2025-07-02 18:00:00,500,10.470137,11.806736,263.6289,47.8591
2025-07-02 19:00:00,1000,-2.6946144,-0.8751621,301.50146,62.068283
2025-07-02 19:00:00,925,-2.4603758,-0.71841973,297.05176,62.108383
2025-07-02 19:00:00,850,-7.399679,-0.79200363,291.6123,69.17108
2025-07-02 19:00:00,700,6.555538,8.04295,281.24707,53.56317
2025-07-02 19:00:00,500,10.940471,12.734323,263.27905,31.640701
2025-07-02 20:00:00,1000,-3.225462,-0.68881124,300.53833,64.92038
2025-07-02 20:00:00,925,-2.9171371,-0.53052986,296.0857,65.03783
2025-07-02 20:00:00,850,-8.449907,-0.70964456,290.56982,74.320496
2025-07-02 20:00:00,700,7.40055,7.4978037,281.51807,51.17372
2025-07-02 20:00:00,500,12.421879,11.2367525,263.4353,25.052917
2025-07-02 21:00:00,1000,-3.4867783,-0.6469714,299.06763,66.91106
2025-07-02 21:00:00,925,-3.1961699,-0.4746753,294.61377,66.85034
2025-07-02 21:00:00,850,-9.163197,-0.5429988,289.06323,78.734726
2025-07-02 21:00:00,700,7.4954386,7.085746,281.55322,49.567917
2025-07-02 21:00:00,500,12.970091,9.784665,263.47607,39.57341
2025-07-02 22:00:00,1000,-2.505231,-0.66383374,296.7256,76.49306
2025-07-02 22:00:00,925,-2.3129644,-0.58628017,292.30542,76.51283
2025-07-02 22:00:00,850,-7.7324047,-1.384861,286.94287,90.16107
2025-07-02 22:00:00,700,2.2448025,6.735862,282.87866,32.1566
2025-07-02 22:00:00,500,12.571427,8.987369,262.7212,41.124893
2025-07-02 23:00:00,1000,-1.9288969,-0.5481601,296.25122,77.42508
2025-07-02 23:00:00,925,-1.7747145,-0.4339791,291.82446,77.61597
2025-07-02 23:00:00,850,-6.703331,-0.41266584,286.88354,87.15718
2025-07-02 23:00:00,700,2.3467302,6.9485025,282.48145,45.933563
2025-07-02 23:00:00,500,12.354858,7.6932096,262.60815,48.47754
2025-07-03 00:00:00,1000,-1.689785,-0.6159042,295.8557,78.67044
2025-07-03 00:00:00,925,-1.5501375,-0.46132892,291.4536,78.70444
2025-07-03 00:00:00,850,-6.738345,-0.028052747,286.81445,86.25525
2025-07-03 00:00:00,700,2.9870024,7.1727753,282.44556,46.628967
2025-07-03 00:00:00,500,12.105347,7.0738745,262.54785,54.581696
2025-07-03 01:00:00,1000,-1.6442671,-0.6560523,295.5149,79.88406
2025-07-03 01:00:00,925,-1.442131,-0.50371176,291.1294,79.75278
2025-07-03 01:00:00,850,-7.145236,-0.117685795,286.70215,86.279465
2025-07-03 01:00:00,700,3.5887632,7.4981422,282.48608,48.535248
2025-07-03 01:00:00,500,11.161904,6.9941273,262.3755,58.372208
2025-07-03 02:00:00,1000,-1.7282887,-0.6273539,295.25024,80.908676
2025-07-03 02:00:00,925,-1.4633045,-0.49661815,290.87598,80.52597
2025-07-03 02:00:00,850,-7.877243,-0.2027927,286.4812,87.04544
2025-07-03 02:00:00,700,4.47913,7.817067,282.42676,50.7601
2025-07-03 02:00:00,500,10.545392,7.4146547,262.39893,57.39247
2025-07-03 03:00:00,1000,-1.7067289,-0.66296893,295.062,80.72528
2025-07-03 03:00:00,925,-1.4616442,-0.5660006,290.688,80.430176
2025-07-03 03:00:00,850,-8.275542,-0.44514346,286.25854,87.11426
2025-07-03 03:00:00,700,5.3651886,8.256024,282.36182,50.773087
2025-07-03 03:00:00,500,10.63986,8.178099,262.45386,58.217773
2025-07-03 04:00:00,1000,-1.6958055,-0.60032123,294.85376,80.40846
2025-07-03 04:00:00,925,-1.4754944,-0.53425753,290.49243,80.19765
2025-07-03 04:00:00,850,-8.348643,-0.4383291,286.10693,87.669815
2025-07-03 04:00:00,700,6.103817,8.279504,282.29248,48.699142
2025-07-03 04:00:00,500,10.777769,8.877302,262.38647,61.659424
2025-07-03 05:00:00,1000,-1.6768494,-0.4203605,294.6604,79.67198
2025-07-03 05:00:00,925,-1.4390106,-0.37670106,290.2881,79.62157
2025-07-03 05:00:00,850,-8.3470745,0.08272737,286.042,88.71358
2025-07-03 05:00:00,700,6.889926,7.978101,282.2539,45.461548
2025-07-03 05:00:00,500,10.981273,8.987046,262.33496,63.64714
2025-07-03 06:00:00,1000,-1.969327,-0.26907218,294.511,78.52577
2025-07-03 06:00:00,925,-1.7922134,-0.28529817,290.1045,78.79489
2025-07-03 06:00:00,850,-8.726423,0.86962104,286.01025,89.349335
2025-07-03 06:00:00,700,7.614888,7.6521177,282.23218,42.745148
2025-07-03 06:00:00,500,11.035045,8.674128,262.32764,63.264297
2025-07-03 07:00:00,1000,-2.6056995,-0.06187271,294.9707,75.76755
2025-07-03 07:00:00,925,-2.385127,-0.10988784,290.4812,76.515015
2025-07-03 07:00:00,850,-8.822788,1.4337234,285.8042,89.763885
2025-07-03 07:00:00,700,8.291671,7.5560007,282.25806,40.694824
2025-07-03 07:00:00,500,10.981914,8.2919445,262.40796,61.125946
2025-07-03 08:00:00,1000,-2.8447647,0.060053654,296.09058,70.71724
2025-07-03 08:00:00,925,-2.6666222,0.0077815168,291.60938,71.25215
2025-07-03 08:00:00,850,-6.6672907,1.3325529,286.2456,88.05171
2025-07-03 08:00:00,700,8.726132,7.6574965,282.2505,41.44136
2025-07-03 08:00:00,500,10.624234,8.050136,262.47314,59.140182
2025-07-03 09:00:00,1000,-2.8437119,0.27732623,297.76782,64.05997
2025-07-03 09:00:00,925,-2.709674,0.25210387,293.27197,64.51619
2025-07-03 09:00:00,850,-5.355565,1.4586706,287.58618,81.35208
2025-07-03 09:00:00,700,8.644191,7.883128,282.14673,44.09993
2025-07-03 09:00:00,500,9.908816,8.04186,262.4248,58.784027
2025-07-03 10:00:00,1000,-2.4300938,0.2228201,298.75,57.65518
2025-07-03 10:00:00,925,-2.3376427,0.2393235,294.2932,57.841675
2025-07-03 10:00:00,850,-4.1055794,0.73132026,288.3777,73.13634
2025-07-03 10:00:00,700,5.1890097,6.568448,282.98608,45.029404
2025-07-03 10:00:00,500,7.652976,6.470213,261.02222,85.48456
2025-07-03 11:00:00,1000,-2.4664793,0.12893975,300.60596,50.885742
2025-07-03 11:00:00,925,-2.3653173,0.2018401,296.15747,50.902206
2025-07-03 11:00:00,850,-4.1083727,0.5123661,290.1753,64.56859
2025-07-03 11:00:00,700,4.7770195,6.8639584,282.49365,54.549194
2025-07-03 11:00:00,500,6.20566,6.859749,261.72217,74.22218
2025-07-03 12:00:00,1000,-2.1947746,0.037219048,302.19824,46.168198
2025-07-03 12:00:00,925,-2.0909147,0.094922125,297.74,45.97232
2025-07-03 12:00:00,850,-3.4648,0.2308163,291.75342,58.353073
2025-07-03 12:00:00,700,3.9074364,7.2101526,282.5066,59.05867
2025-07-03 12:00:00,500,4.7459135,9.139044,261.70508,68.80214
2025-07-03 13:00:00,1000,-2.0626945,0.16974908,303.81982,41.61798
2025-07-03 13:00:00,925,-1.9971027,0.22772825,299.3296,41.51979
2025-07-03 13:00:00,850,-3.1017208,0.3005324,293.34888,52.200134
2025-07-03 13:00:00,700,2.8975744,7.3288946,282.69507,59.7446
2025-07-03 13:00:00,500,4.2198677,11.106294,261.64966,62.742447
2025-07-03 14:00:00,1000,-2.0501137,0.56461316,305.01196,38.760925
2025-07-03 14:00:00,925,-2.0090208,0.62416923,300.4807,38.87285
2025-07-03 14:00:00,850,-3.1219301,0.8136936,294.47974,48.78653
2025-07-03 14:00:00,700,2.2414446,6.984617,282.5896,61.450546
2025-07-03 14:00:00,500,4.5935345,11.69425,261.72485,48.693558
2025-07-03 15:00:00,1000,-2.0778646,0.9197157,305.59814,37.549973
2025-07-03 15:00:00,925,-2.0548716,0.9911998,301.0432,37.50287
2025-07-03 15:00:00,850,-3.191558,1.5099201,295.09937,46.67038
2025-07-03 15:00:00,700,2.1944342,6.78405,281.9519,68.29237
2025-07-03 15:00:00,500,4.901906,11.081094,262.031,37.166794
2025-07-03 16:00:00,1000,-2.405634,1.1724577,306.02197,36.632767
2025-07-03 16:00:00,925,-2.3705578,1.241272,301.4497,36.6187
2025-07-03 16:00:00,850,-3.7896404,2.150216,295.57153,44.91844
2025-07-03 16:00:00,700,2.2600021,6.4652863,281.58057,72.40485
2025-07-03 16:00:00,500,6.355404,10.579623,262.11865,42.114548
2025-07-03 17:00:00,1000,-2.341236,0.38438565,306.08032,36.8963
2025-07-03 17:00:00,925,-2.2466059,0.5015124,301.52783,36.986298
2025-07-03 17:00:00,850,-4.071599,1.2023029,295.64526,44.3864
2025-07-03 17:00:00,700,2.147849,6.314995,281.365,77.06915
2025-07-03 17:00:00,500,7.25274,10.566052,262.71313,30.451492
2025-07-03 18:00:00,1000,-1.2881317,-0.6972431,304.08252,46.427414
2025-07-03 18:00:00,925,-1.0948849,-0.5503203,299.5725,46.584625
2025-07-03 18:00:00,850,-3.1125174,-0.32348883,294.0327,50.179077
2025-07-03 18:00:00,700,2.5748568,5.1137886,281.09546,78.66632
2025-07-03 18:00:00,500,8.036482,10.70368,263.46045,27.250061
2025-07-03 19:00:00,1000,-2.6276846,0.04007202,303.84058,50.778778
2025-07-03 19:00:00,925,-2.3212452,0.023094714,299.27563,51.25302
2025-07-03 19:00:00,850,-7.028119,0.04523826,293.66626,53.014496
2025-07-03 19:00:00,700,-0.9125933,4.0779657,280.49683,89.14719
2025-07-03 19:00:00,500,8.855276,7.90228,263.04004,27.684784
2025-07-03 20:00:00,1000,-1.526434,1.3594494,302.1914,59.106705
2025-07-03 20:00:00,925,-1.3565302,1.3849411,297.61206,59.996902
2025-07-03 20:00:00,850,-8.076008,3.6104603,292.42822,63.177414
2025-07-03 20:00:00,700,-3.6095657,4.224612,280.53076,84.7314
2025-07-03 20:00:00,500,6.216831,5.959363,262.53003,34.85608
2025-07-03 21:00:00,1000,-1.8656712,0.3945428,301.6267,62.499115
2025-07-03 21:00:00,925,-1.6776619,0.51287144,297.0581,63.3788
2025-07-03 21:00:00,850,-9.130014,2.3765812,291.92554,68.88849
2025-07-03 21:00:00,700,-1.361063,4.9692307,281.30127,64.45189
2025-07-03 21:00:00,500,4.055087,6.117098,261.82422,52.320114
2025-07-03 22:00:00,1000,-2.5866365,-0.10102767,300.09424,70.28787
2025-07-03 22:00:00,925,-2.429967,-0.09248984,295.55908,71.05684
2025-07-03 22:00:00,850,-8.421305,-0.89729726,290.0625,78.79158
2025-07-03 22:00:00,700,-2.367632,8.203004,281.4143,61.412354
2025-07-03 22:00:00,500,8.495737,5.1138353,261.9004,42.331802
2025-07-03 23:00:00,1000,-2.4667788,0.06571144,298.60864,75.623535
2025-07-03 23:00:00,925,-2.3156385,0.035744097,294.06152,76.2711
2025-07-03 23:00:00,850,-8.600349,-0.073857725,289.40088,79.3085
2025-07-03 23:00:00,700,1.993473,7.961606,281.65015,59.351913
2025-07-03 23:00:00,500,7.862624,3.1868382,261.92896,40.43521
2025-07-04 00:00:00,1000,-1.6442575,0.12218219,297.61963,78.51358
2025-07-04 00:00:00,925,-1.4792442,0.12036049,293.1316,78.896835
2025-07-04 00:00:00,850,-7.3721275,0.82316536,289.18286,77.84427
2025-07-04 00:00:00,700,3.9895592,6.533779,281.70264,61.850372
2025-07-04 00:00:00,500,6.459961,3.629856,262.146,47.696228
2025-07-04 01:00:00,1000,-1.7276888,0.15223765,297.10522,80.62016
2025-07-04 01:00:00,925,-1.5453529,0.1255644,292.64233,81.01085
2025-07-04 01:00:00,850,-8.254615,1.8668957,288.99707,78.48787
2025-07-04 01:00:00,700,4.0614367,4.845069,281.729,62.422302
2025-07-04 01:00:00,500,5.8864202,4.750395,261.771,51.079422
2025-07-04 02:00:00,1000,-2.1535177,0.022473592,296.47656,82.348114
2025-07-04 02:00:00,925,-1.9661684,-0.016234983,291.99512,82.94534
2025-07-04 02:00:00,850,-9.959529,2.681551,288.1543,83.894196
2025-07-04 02:00:00,700,2.9513073,3.2452965,281.79688,61.20865
2025-07-04 02:00:00,500,6.698718,5.2655153,261.29956,52.49286
2025-07-04 03:00:00,1000,-1.9707966,-0.32417893,295.885,83.42151
2025-07-04 03:00:00,925,-1.7991257,-0.3908679,291.42407,83.98903
2025-07-04 03:00:00,850,-9.884533,3.2737722,288.0371,85.01195
2025-07-04 03:00:00,700,1.284481,2.4455576,281.73657,60.650482
2025-07-04 03:00:00,500,7.837802,5.042054,261.04492,54.946533
2025-07-04 04:00:00,1000,-1.8885193,-0.3446864,295.43896,85.1698
2025-07-04 04:00:00,925,-1.7197952,-0.4325971,290.99243,85.7077
2025-07-04 04:00:00,850,-9.103607,3.850109,287.91382,86.05873
2025-07-04 04:00:00,700,0.9059365,2.7240744,281.7063,60.090973
2025-07-04 04:00:00,500,8.306789,5.0825834,261.04907,56.222153
2025-07-04 05:00:00,1000,-1.6101675,-0.20620811,295.34448,86.22847
2025-07-04 05:00:00,925,-1.4522171,-0.31275964,290.91504,86.724625
2025-07-04 05:00:00,850,-7.877451,4.9718018,288.48608,83.27782
2025-07-04 05:00:00,700,0.7694562,3.2896557,281.7173,59.211365
2025-07-04 05:00:00,500,7.9866533,4.371502,261.1455,57.560913
2025-07-04 06:00:00,1000,-1.3627615,-0.0844875,295.4702,85.05612
2025-07-04 06:00:00,925,-1.2576551,-0.18532264,291.05762,85.553085
2025-07-04 06:00:00,850,-6.1896706,5.648555,289.15894,79.290665
2025-07-04 06:00:00,700,-0.09948921,3.831396,281.60034,59.809082
2025-07-04 06:00:00,500,7.370694,3.6836882,261.36768,58.513367
2025-07-04 07:00:00,1000,-1.5408039,0.1387738,296.19946,80.20587
2025-07-04 07:00:00,925,-1.4965734,0.02213661,291.7505,80.50787
2025-07-04 07:00:00,850,-4.1055365,5.317275,289.60693,75.96207
2025-07-04 07:00:00,700,-0.8563041,4.3858576,281.615,59.624664
2025-07-04 07:00:00,500,6.5309124,4.1436453,261.37256,60.935318
2025-07-04 08:00:00,1000,-1.7278137,0.33927,297.812,73.503525
2025-07-04 08:00:00,925,-1.653285,0.20710611,293.3069,74.11995
2025-07-04 08:00:00,850,-2.6993475,4.212347,289.81348,73.566025
2025-07-04 08:00:00,700,-1.2170124,4.872671,281.65308,58.818115
2025-07-04 08:00:00,500,5.547064,5.207961,261.1836,62.444244
2025-07-04 09:00:00,1000,-1.7793226,0.66677886,299.76343,64.93143
2025-07-04 09:00:00,925,-1.753108,0.58541065,295.28638,65.1534
2025-07-04 09:00:00,850,-2.2856188,2.3938522,289.71533,79.15462
2025-07-04 09:00:00,700,-1.222084,5.8193874,281.66846,58.549515
2025-07-04 09:00:00,500,4.3500633,6.000559,260.9524,63.05452
2025-07-04 10:00:00,1000,-1.7883301,0.53262955,300.15942,56.72229
2025-07-04 10:00:00,925,-1.7952881,0.48249727,295.72217,56.602448
2025-07-04 10:00:00,850,-2.5926094,1.2360373,289.8142,71.191055
2025-07-04 10:00:00,700,-0.47628593,3.5265732,281.80542,48.425293
2025-07-04 10:00:00,500,6.7888956,6.6430645,260.8999,72.88269
2025-07-04 11:00:00,1000,-1.6716967,0.82513475,302.12134,48.52353
2025-07-04 11:00:00,925,-1.6694736,0.8735282,297.67285,48.1978
2025-07-04 11:00:00,850,-2.2805243,1.6589375,291.6753,60.90181
2025-07-04 11:00:00,700,0.16493964,4.267434,281.77393,47.946365
2025-07-04 11:00:00,500,6.341605,6.147732,261.19165,77.10956
2025-07-04 12:00:00,1000,-1.1848564,0.9289684,303.83594,42.598175
2025-07-04 12:00:00,925,-1.1847811,0.9733283,299.35645,42.43579
2025-07-04 12:00:00,850,-1.5606213,1.6639471,293.25903,54.308395
2025-07-04 12:00:00,700,0.9579403,4.7255573,281.55615,49.38704
2025-07-04 12:00:00,500,5.9841547,6.1077023,261.34326,79.71451
2025-07-04 13:00:00,1000,-0.43369836,0.79367316,304.94507,39.148148
2025-07-04 13:00:00,925,-0.43137395,0.83416986,300.47217,38.93167
2025-07-04 13:00:00,850,-0.40433872,1.3788481,294.32544,49.91147
2025-07-04 13:00:00,700,1.8711748,4.669466,281.19678,51.21286
2025-07-04 13:00:00,500,6.2061996,5.919738,261.32397,83.79082
2025-07-04 14:00:00,1000,-0.3362131,0.6473298,305.64185,36.632156
2025-07-04 14:00:00,925,-0.33432704,0.6813495,301.17212,36.199646
2025-07-04 14:00:00,850,-0.30821174,1.1412716,295.04907,46.25296
2025-07-04 14:00:00,700,2.4296007,3.7045584,280.64038,63.203247
2025-07-04 14:00:00,500,6.4650145,5.6067114,261.1914,88.617386
2025-07-04 15:00:00,1000,0.20861381,0.9765978,305.22974,39.865707
2025-07-04 15:00:00,925,0.23757356,1.0211468,300.76636,39.449936
2025-07-04 15:00:00,850,-0.113450766,1.6039476,294.8308,47.881805
2025-07-04 15:00:00,700,0.58718854,3.0078974,280.44775,73.40001
2025-07-04 15:00:00,500,6.3880863,5.743822,261.43286,83.400055
2025-07-04 16:00:00,1000,1.922677,0.5038409,304.1609,44.751434
2025-07-04 16:00:00,925,1.9284201,0.57475156,299.729,44.320587
2025-07-04 16:00:00,850,2.0840845,1.3971243,293.56885,55.73822
2025-07-04 16:00:00,700,-1.0967398,3.6666603,279.7522,84.60977
2025-07-04 16:00:00,500,6.459402,5.3880844,261.98926,77.5638
2025-07-04 17:00:00,1000,1.5371361,-1.7071247,301.10864,63.184174
2025-07-04 17:00:00,925,1.5515919,-1.6673737,296.6902,62.966827
2025-07-04 17:00:00,850,3.5972843,-2.1463804,291.72144,64.86197
2025-07-04 17:00:00,700,-0.24794823,5.1298523,280.01978,76.58113
2025-07-04 17:00:00,500,6.656124,5.210574,262.65356,58.206924
2025-07-04 18:00:00,1000,-0.5833057,-2.3100061,300.05444,69.793945
2025-07-04 18:00:00,925,-0.56853193,-2.272624,295.64648,69.6857
2025-07-04 18:00:00,850,-0.023093686,-4.9735355,291.80298,61.825226
2025-07-04 18:00:00,700,0.3024001,5.4041452,280.85767,60.159866
2025-07-04 18:00:00,500,8.391001,5.4278126,262.281,62.322205
2025-07-04 19:00:00,1000,-0.75740486,-1.5324183,299.6892,72.42946
2025-07-04 19:00:00,925,-0.61376494,-1.4875584,295.26147,72.374664
2025-07-04 19:00:00,850,-2.4965496,-4.123438,292.5747,56.00267
2025-07-04 19:00:00,700,0.1076712,4.5636187,280.99658,59.39508
2025-07-04 19:00:00,500,8.824494,4.632573,261.78564,69.66058
2025-07-04 20:00:00,1000,-0.4102319,-0.5933148,299.8015,73.19827
2025-07-04 20:00:00,925,-0.19641346,-0.5263566,295.35083,73.508575
2025-07-04 20:00:00,850,-3.6845465,-2.0610352,293.2688,51.885437
2025-07-04 20:00:00,700,1.0603132,4.546406,281.0415,59.246643
2025-07-04 20:00:00,500,8.104591,1.9565754,261.4265,70.23393
2025-07-04 21:00:00,1000,-0.28905052,-0.28216994,300.63794,75.06818
2025-07-04 21:00:00,925,-0.06309855,-0.24403095,296.1526,75.46544
2025-07-04 21:00:00,850,-4.484352,-0.17162496,293.40405,50.888
2025-07-04 21:00:00,700,1.8027754,4.1248264,280.9756,60.050797
2025-07-04 21:00:00,500,6.5864344,0.6749822,261.20605,61.532455
2025-07-04 22:00:00,1000,0.0153018385,-0.47469133,300.74512,81.9626
2025-07-04 22:00:00,925,0.108853936,-0.5133651,296.292,82.2301
2025-07-04 22:00:00,850,-3.824586,0.962252,292.79346,53.661407
2025-07-04 22:00:00,700,2.8945885,2.5140877,281.69458,56.971863
2025-07-04 22:00:00,500,4.076806,1.4807663,261.2976,43.16591
2025-07-04 23:00:00,1000,-0.3376509,-0.6388155,300.43848,82.781265
2025-07-04 23:00:00,925,-0.2517258,-0.605578,295.99023,82.97159
2025-07-04 23:00:00,850,-4.7498894,0.61443335,292.26025,59.220444
2025-07-04 23:00:00,700,2.594182,2.5775585,281.3816,63.223785
2025-07-04 23:00:00,500,3.8442945,2.2557783,261.00195,46.859833
2025-07-05 00:00:00,1000,-0.51156646,-0.7840526,300.187,83.982544
2025-07-05 00:00:00,925,-0.40678763,-0.71381605,295.7561,84.183395
2025-07-05 00:00:00,850,-5.157694,-0.07449585,291.63452,66.684494
2025-07-05 00:00:00,700,2.297327,2.2772036,281.25,66.01587
2025-07-05 00:00:00,500,3.5900583,2.5831947,260.6057,53.025497
2025-07-05 01:00:00,1000,-0.7842912,-0.48480982,299.80054,84.63377
2025-07-05 01:00:00,925,-0.64334804,-0.43933856,295.38403,84.67821
2025-07-05 01:00:00,850,-5.5538673,-0.26025403,290.89844,76.11662
2025-07-05 01:00:00,700,1.7714014,1.7885485,281.146,67.97946
2025-07-05 01:00:00,500,3.7091532,2.573102,260.31006,55.50409
2025-07-05 02:00:00,1000,-1.1329193,-0.034826618,299.20825,85.40187
2025-07-05 02:00:00,925,-1.0057144,-0.0028585223,294.8059,85.38959
2025-07-05 02:00:00,850,-6.455657,0.40251684,290.10522,83.17825
2025-07-05 02:00:00,700,1.5555582,1.4760847,281.07544,68.96759
2025-07-05 02:00:00,500,4.265958,2.4631586,260.2312,46.06653
2025-07-05 03:00:00,1000,-1.2469025,0.022775281,298.57324,86.24835
2025-07-05 03:00:00,925,-1.1547289,0.05511809,294.19482,86.29712
2025-07-05 03:00:00,850,-6.530011,0.8691201,289.5122,84.01642
2025-07-05 03:00:00,700,1.1924648,1.2783079,281.0359,67.70705
2025-07-05 03:00:00,500,4.3230677,2.5302591,260.20923,34.471756
2025-07-05 04:00:00,1000,-1.3600521,-0.1355325,297.8894,88.02582
2025-07-05 04:00:00,925,-1.3008137,-0.108958006,293.5393,88.097046
2025-07-05 04:00:00,850,-6.4594193,0.9987903,289.0559,81.879486
2025-07-05 04:00:00,700,0.91685015,0.6418735,280.96484,67.766815
2025-07-05 04:00:00,500,3.7006006,3.079032,260.07422,33.385345
2025-07-05 05:00:00,1000,-1.20473,-0.33601803,297.36084,89.37216
2025-07-05 05:00:00,925,-1.1521034,-0.290442,293.01978,89.53862
2025-07-05 05:00:00,850,-5.9514675,0.82918894,288.9087,80.238464
2025-07-05 05:00:00,700,0.8681688,-0.36817664,280.79297,69.604645
2025-07-05 05:00:00,500,3.2334127,3.741435,259.8672,35.312744
2025-07-05 06:00:00,1000,-0.9661375,-0.33617574,297.146,89.89778
2025-07-05 06:00:00,925,-0.84344417,-0.30267316,292.7915,90.04892
2025-07-05 06:00:00,850,-5.387557,0.90884763,289.34448,78.25606
2025-07-05 06:00:00,700,0.5312279,-0.6029907,280.60815,71.6039
2025-07-05 06:00:00,500,3.2257175,4.276782,259.82178,31.589905
2025-07-05 07:00:00,1000,-1.3191862,-0.39208066,297.3938,78.45453
2025-07-05 07:00:00,925,-1.2107372,-0.41163814,292.9314,78.83913
2025-07-05 07:00:00,850,-4.7797832,0.90879846,289.82593,76.28731
2025-07-05 07:00:00,700,-0.037551887,-0.3049221,280.48584,72.40056
2025-07-05 07:00:00,500,3.4043608,3.8220701,259.96558,23.725037
2025-07-05 08:00:00,1000,-1.468996,-0.4967746,298.75952,71.78798
2025-07-05 08:00:00,925,-1.4029837,-0.5086874,294.33154,71.70331
2025-07-05 08:00:00,850,-3.9197178,0.52873325,289.89575,76.72438
2025-07-05 08:00:00,700,-0.67054766,0.32664257,280.43555,71.193665
2025-07-05 08:00:00,500,3.3083296,2.587307,260.24194,15.409404
2025-07-05 09:00:00,1000,-1.6133595,-0.5207552,300.3452,64.72246
2025-07-05 09:00:00,925,-1.574091,-0.49612534,295.91602,64.5336
2025-07-05 09:00:00,850,-2.8232412,-0.474665,290.12793,80.11957
2025-07-05 09:00:00,700,-1.1082058,1.0409174,280.4082,69.3575
2025-07-05 09:00:00,500,2.732686,1.5641384,260.47485,10.252842
2025-07-05 10:00:00,1000,-1.6517143,-0.33644903,301.03613,56.688812
2025-07-05 10:00:00,925,-1.6112795,-0.35944998,296.58643,56.53331
2025-07-05 10:00:00,850,-2.9023104,-0.17443532,290.65186,70.56557
2025-07-05 10:00:00,700,0.9289978,1.1915922,280.8435,55.926453
2025-07-05 10:00:00,500,0.53085554,0.10436398,260.56958,12.188935
2025-07-05 11:00:00,1000,-1.489728,-0.41570163,302.81982,47.524628
2025-07-05 11:00:00,925,-1.4614096,-0.4046638,298.35962,47.34941
2025-07-05 11:00:00,850,-2.3069267,-0.4339602,292.344,60.11302
2025-07-05 11:00:00,700,0.8307269,1.5036011,280.95508,55.198135
2025-07-05 11:00:00,500,0.10212016,-0.49089932,261.02783,7.9863577
2025-07-05 12:00:00,1000,-0.9326658,-0.40357918,304.19556,41.82495
2025-07-05 12:00:00,925,-0.913047,-0.36505264,299.71582,41.41031
2025-07-05 12:00:00,850,-1.2594061,-0.46223068,293.708,52.491394
2025-07-05 12:00:00,700,1.2732582,1.3962955,280.95117,53.49057
2025-07-05 12:00:00,500,-0.23818266,-0.80505407,261.33276,6.2580442
2025-07-05 13:00:00,1000,-0.22898859,-0.48347932,305.28687,37.02513
2025-07-05 13:00:00,925,-0.23487431,-0.39522976,300.78394,36.396942
2025-07-05 13:00:00,850,-0.2061466,-0.63396025,294.8269,45.693207
2025-07-05 13:00:00,700,1.8344173,0.9590562,280.60596,55.830353
2025-07-05 13:00:00,500,-0.18039083,-0.41584748,261.53467,6.331455
2025-07-05 14:00:00,1000,0.030511,-0.41271198,306.05103,35.158707
2025-07-05 14:00:00,925,0.039550774,-0.3370304,301.57202,34.37532
2025-07-05 14:00:00,850,0.15643746,-0.46754485,295.50195,43.22603
2025-07-05 14:00:00,700,1.0573835,0.5167732,279.75537,89.626465
2025-07-05 14:00:00,500,-0.19582742,-1.1966267,262.14282,18.618256
2025-07-05 15:00:00,1000,0.052081894,-0.5265742,306.18823,33.972595
2025-07-05 15:00:00,925,0.065384924,-0.44403213,301.68018,33.454376
2025-07-05 15:00:00,850,0.006113395,-0.57665676,295.68994,41.85347
2025-07-05 15:00:00,700,0.3397622,1.0791178,279.9773,88.404816
2025-07-05 15:00:00,500,0.89716107,-2.4797277,262.2395,51.509323
2025-07-05 16:00:00,1000,1.3437595,-0.71843904,305.1582,38.378815
2025-07-05 16:00:00,925,1.3358202,-0.6589349,300.68604,37.807816
2025-07-05 16:00:00,850,1.4547148,-1.1306181,294.77246,45.718613
2025-07-05 16:00:00,700,-1.0219221,1.0179548,280.00464,88.48476
2025-07-05 16:00:00,500,1.3698769,-4.4366903,263.48413,46.2274
2025-07-05 17:00:00,1000,2.1008215,-1.2598038,303.11548,46.581696
2025-07-05 17:00:00,925,2.0859814,-1.235961,298.6931,45.927704
2025-07-05 17:00:00,850,3.6175642,-2.250249,293.1853,55.340042
2025-07-05 17:00:00,700,-0.07319534,0.5603228,280.39624,80.5629
2025-07-05 17:00:00,500,0.29501694,-4.0344553,264.1516,42.93869
2025-07-05 18:00:00,1000,0.9812775,-1.8036242,304.04175,44.12465
2025-07-05 18:00:00,925,0.97347134,-1.739131,299.59106,43.55542
2025-07-05 18:00:00,850,1.8251429,-3.2738132,293.86328,51.398987
2025-07-05 18:00:00,700,0.8748017,0.5424808,280.67358,77.20241
2025-07-05 18:00:00,500,0.3010475,-4.5317593,264.47827,40.45529
2025-07-05 19:00:00,1000,0.25719756,-1.6896992,304.17114,43.715225
2025-07-05 19:00:00,925,0.34928143,-1.5682001,299.72192,43.39476
2025-07-05 19:00:00,850,0.3961197,-3.4368544,294.0542,49.49478
2025-07-05 19:00:00,700,0.96590054,1.1720114,280.91724,72.9149
2025-07-05 19:00:00,500,1.4411821,-4.7426157,264.74292,35.76625
2025-07-05 20:00:00,1000,-0.2683394,-1.160903,303.91992,47.477997
2025-07-05 20:00:00,925,-0.08312136,-1.0671206,299.46558,47.523895
2025-07-05 20:00:00,850,-0.8819502,-2.8104067,293.8733,50.17917
2025-07-05 20:00:00,700,1.0573063,2.1556034,280.8811,71.68063
2025-07-05 20:00:00,500,3.0100746,-5.876315,264.80835,34.881226
2025-07-05 21:00:00,1000,-0.7989415,-1.0697927,303.23315,51.547592
2025-07-05 21:00:00,925,-0.5766862,-0.9852171,298.74683,52.015106
2025-07-05 21:00:00,850,-2.9073887,-2.0802498,293.2439,55.43297
2025-07-05 21:00:00,700,1.711031,2.6391153,280.6975,72.46666
2025-07-05 21:00:00,500,4.4441633,-7.0736647,265.16626,45.691788
2025-07-05 22:00:00,1000,-0.8513662,-0.7762908,302.05225,58.54683
2025-07-05 22:00:00,925,-0.6932303,-0.67405856,297.51953,59.10219
2025-07-05 22:00:00,850,-2.8878517,-0.74564564,291.9619,65.02234
2025-07-05 22:00:00,700,6.434428,1.8999805,280.88916,76.49811
2025-07-05 22:00:00,500,4.3148956,-10.393791,265.21118,62.59233
2025-07-05 23:00:00,1000,-0.87626696,-0.6351772,300.9912,63.913376
2025-07-05 23:00:00,925,-0.77878773,-0.5217226,296.50586,64.09151
2025-07-05 23:00:00,850,-2.9886427,-0.15707594,291.03125,72.88057
2025-07-05 23:00:00,700,7.7786884,0.21415567,280.61572,75.39856
2025-07-05 23:00:00,500,4.7369432,-8.658059,265.32202,59.81755
2025-07-06 00:00:00,1000,-0.73365134,-0.42352074,299.96924,69.91142
2025-07-06 00:00:00,925,-0.67289954,-0.35693777,295.5298,69.772766
2025-07-06 00:00:00,850,-2.2348166,-0.012569625,290.2561,78.89525
2025-07-06 00:00:00,700,7.715371,-0.15569776,280.4773,69.644684
2025-07-06 00:00:00,500,5.397187,-7.6640196,265.0022,58.779785
2025-07-06 01:00:00,1000,-0.9164108,-0.029763445,298.96338,75.287766
2025-07-06 01:00:00,925,-0.8890281,0.04360546,294.55298,75.10104
2025-07-06 01:00:00,850,-2.487234,0.22458214,289.29688,85.33322
2025-07-06 01:00:00,700,7.8620977,-0.13953358,280.50903,63.349426
2025-07-06 01:00:00,500,6.399501,-7.0107203,264.5813,60.866104
2025-07-06 02:00:00,1000,-0.9489463,0.006534163,298.16528,79.96413
2025-07-06 02:00:00,925,-0.94830346,0.10459447,293.76782,79.80498
2025-07-06 02:00:00,850,-2.7372398,0.6281771,288.7356,85.72473
2025-07-06 02:00:00,700,8.5061,-1.1002073,280.73926,52.029266
2025-07-06 02:00:00,500,6.927393,-6.640873,264.5459,56.227203
2025-07-06 03:00:00,1000,-0.42729366,-0.51800776,297.64404,83.70241
2025-07-06 03:00:00,925,-0.4260792,-0.42509037,293.24268,83.5302
2025-07-06 03:00:00,850,-1.946805,0.5903458,288.69946,81.259476
2025-07-06 03:00:00,700,8.944893,-1.714634,280.83765,42.771088
2025-07-06 03:00:00,500,7.387348,-6.884177,264.64478,60.83345
2025-07-06 04:00:00,1000,0.13432014,-0.5716329,297.24854,87.14609
2025-07-06 04:00:00,925,0.11376524,-0.49840343,292.8457,86.79285
2025-07-06 04:00:00,850,-0.8551643,0.46587855,288.79004,78.15184
2025-07-06 04:00:00,700,9.593571,-1.5926933,280.90674,35.444748
2025-07-06 04:00:00,500,8.170321,-6.9757957,264.76367,72.33899
2025-07-06 05:00:00,1000,0.49693,-0.5772268,296.83154,90.0365
2025-07-06 05:00:00,925,0.48156202,-0.4958169,292.4287,89.61043
2025-07-06 05:00:00,850,0.22975492,-0.07861161,288.89087,76.87077
2025-07-06 05:00:00,700,9.859395,-2.3265514,280.94287,25.34877
2025-07-06 05:00:00,500,9.340475,-7.758317,264.83887,73.088806
2025-07-06 06:00:00,1000,0.5843286,-0.46172118,296.68408,90.179245
2025-07-06 06:00:00,925,0.56727743,-0.38723296,292.25903,90.36371
2025-07-06 06:00:00,850,1.2898331,-0.5089743,288.9536,76.90082
2025-07-06 06:00:00,700,8.778613,-2.7870016,280.96753,16.969559
2025-07-06 06:00:00,500,9.412112,-8.605308,264.9619,65.76425
2025-07-06 07:00:00,1000,0.92133385,-0.75217986,296.813,82.62291
2025-07-06 07:00:00,925,0.8631515,-0.7605229,292.35034,83.160446
2025-07-06 07:00:00,850,2.3815136,-1.3380213,288.89185,76.16583
2025-07-06 07:00:00,700,7.7214794,-2.9409895,281.1106,17.832672
2025-07-06 07:00:00,500,8.322911,-9.308656,265.45288,51.98494
2025-07-06 08:00:00,1000,1.2007713,-1.1446075,298.04907,72.03116
2025-07-06 08:00:00,925,1.1603498,-1.121975,293.5298,72.93446
2025-07-06 08:00:00,850,2.5330238,-2.1839676,288.25977,83.9279
2025-07-06 08:00:00,700,7.101638,-3.355257,281.0183,30.849045
2025-07-06 08:00:00,500,7.725668,-9.160755,265.8313,45.278824
2025-07-06 09:00:00,1000,1.4777832,-1.5250368,299.27295,61.260376
2025-07-06 09:00:00,925,1.475769,-1.485342,294.78784,61.88855
2025-07-06 09:00:00,850,2.5709524,-2.6391497,289.1609,75.12305
2025-07-06 09:00:00,700,6.9224873,-3.6355457,280.8872,42.729034
2025-07-06 09:00:00,500,8.150479,-9.078888,266.06982,46.301193
2025-07-06 10:00:00,1000,1.3132133,-1.5717678,300.2168,47.839127
2025-07-06 10:00:00,925,1.3173494,-1.5638428,295.7893,47.632584
2025-07-06 10:00:00,850,1.9890804,-2.5970783,290.07056,57.767395
2025-07-06 10:00:00,700,7.9904976,-5.790493,280.94482,50.887375
2025-07-06 10:00:00,500,8.797944,-10.056863,266.46387,44.745605
2025-07-06 11:00:00,1000,1.3696556,-1.6372681,301.5276,37.35051
2025-07-06 11:00:00,925,1.3243132,-1.6506281,297.0957,37.33745
2025-07-06 11:00:00,850,1.901433,-2.5862532,291.2705,45.54016
2025-07-06 11:00:00,700,7.9627066,-5.8596563,280.82666,63.835022
2025-07-06 11:00:00,500,8.643547,-11.56237,266.7556,43.965775
2025-07-06 12:00:00,1000,1.7435331,-1.6574659,302.49536,34.076584
2025-07-06 12:00:00,925,1.6820602,-1.6732864,298.03345,34.29001
2025-07-06 12:00:00,850,2.4986105,-2.5211515,292.16138,42.147125
2025-07-06 12:00:00,700,7.3578186,-5.2595263,280.4839,74.65527
2025-07-06 12:00:00,500,8.111575,-12.050489,267.04346,39.5968
2025-07-06 13:00:00,1000,2.4129133,-2.1542482,303.02856,34.53038
2025-07-06 13:00:00,925,2.3403978,-2.1797314,298.55566,34.59645
2025-07-06 13:00:00,850,3.6257896,-3.2894402,292.69482,42.78734
2025-07-06 13:00:00,700,6.4234858,-4.031663,280.27588,79.53143
2025-07-06 13:00:00,500,8.194031,-11.690431,267.29712,34.455917
2025-07-06 14:00:00,1000,2.6783056,-2.6200266,303.01758,37.558838
2025-07-06 14:00:00,925,2.5759525,-2.6139145,298.54468,37.692215
2025-07-06 14:00:00,850,4.153672,-4.207896,292.75366,46.3779
2025-07-06 14:00:00,700,5.8096724,-2.9466171,280.55713,75.231384
2025-07-06 14:00:00,500,8.537827,-11.347928,267.52026,29.399643
2025-07-06 15:00:00,1000,2.637082,-2.911808,302.7522,41.388687
2025-07-06 15:00:00,925,2.5259466,-2.8672752,298.31763,41.5869
2025-07-06 15:00:00,850,4.1454363,-4.7791986,292.55566,50.790634
2025-07-06 15:00:00,700,6.0597954,-2.2975235,281.2627,64.76303
2025-07-06 15:00:00,500,9.058313,-11.409264,267.70508,25.441025
2025-07-06 16:00:00,1000,2.479329,-2.952797,302.51904,44.44275
2025-07-06 16:00:00,925,2.3737364,-2.8706923,298.10767,44.59105
2025-07-06 16:00:00,850,3.9328585,-5.0182533,292.34253,54.66327
2025-07-06 16:00:00,700,6.393524,-2.3369255,281.80225,55.92473
2025-07-06 16:00:00,500,9.232147,-11.927846,267.90723,22.982315
2025-07-06 17:00:00,1000,2.4259691,-2.8033533,302.27954,46.703415
2025-07-06 17:00:00,925,2.342372,-2.7282696,297.87598,46.712128
2025-07-06 17:00:00,850,3.9261427,-4.8413744,292.12158,57.294662
2025-07-06 17:00:00,700,6.512188,-2.6432743,282.20825,47.709
2025-07-06 17:00:00,500,9.198849,-12.362249,267.98706,22.559937
2025-07-06 18:00:00,1000,2.239026,-2.7695627,301.65723,50.20642
2025-07-06 18:00:00,925,2.20848,-2.6793566,297.23975,50.195633
2025-07-06 18:00:00,850,3.755004,-5.0418243,291.58765,60.823273
2025-07-06 18:00:00,700,6.1214333,-2.9494162,282.52856,40.03409
2025-07-06 18:00:00,500,9.053125,-12.491242,268.04614,23.12947
2025-07-06 19:00:00,1000,1.883604,-2.8052473,300.5315,56.362457
2025-07-06 19:00:00,925,1.8705206,-2.6849813,296.1245,56.36946
2025-07-06 19:00:00,850,3.3518353,-5.5715017,290.594,67.38803
2025-07-06 19:00:00,700,5.637642,-3.1103287,282.82837,32.453033
2025-07-06 19:00:00,500,9.126668,-12.323642,268.1272,23.770233
2025-07-06 20:00:00,1000,1.3580875,-2.4151983,299.20874,63.492172
2025-07-06 20:00:00,925,1.3660536,-2.2859392,294.80713,63.523422
2025-07-06 20:00:00,850,2.6512861,-6.0918474,289.31274,75.26683
2025-07-06 20:00:00,700,5.0994625,-3.244606,283.11475,25.171707
2025-07-06 20:00:00,500,9.369224,-12.029393,268.1958,24.882095
2025-07-06 21:00:00,1000,0.9456403,-2.1936855,298.11182,69.20616
2025-07-06 21:00:00,925,0.9828962,-2.0546007,293.72095,69.248825
2025-07-06 21:00:00,850,1.3836832,-5.5477104,288.489,79.03645
2025-07-06 21:00:00,700,4.747363,-3.4752254,283.38306,20.562088
2025-07-06 21:00:00,500,9.70682,-11.769712,268.2898,25.69757
2025-07-06 22:00:00,1000,0.99647427,-2.0466824,296.70166,81.12543
2025-07-06 22:00:00,925,1.0729237,-1.8890381,292.32544,81.19206
2025-07-06 22:00:00,850,1.6616602,-5.526638,288.2566,78.63255
2025-07-06 22:00:00,700,5.7232313,-3.7380047,283.72168,14.10666
2025-07-06 22:00:00,500,9.960858,-11.136309,268.4182,26.347717
2025-07-06 23:00:00,1000,0.79104775,-1.7536125,296.16992,84.33942
2025-07-06 23:00:00,925,0.91277146,-1.5992937,291.80054,84.382706
2025-07-06 23:00:00,850,1.0506811,-5.1547613,287.7937,79.07597
2025-07-06 23:00:00,700,5.319681,-4.86604,283.72607,12.399203
2025-07-06 23:00:00,500,10.409468,-10.391061,268.43408,26.623749
2025-07-07 00:00:00,1000,0.61489755,-1.4474039,295.6499,87.60437
2025-07-07 00:00:00,925,0.74429274,-1.2930536,291.29468,87.57294
2025-07-07 00:00:00,850,0.6343519,-4.4971294,287.239,80.52353
2025-07-07 00:00:00,700,4.9020157,-5.6272926,283.69287,9.282802
2025-07-07 00:00:00,500,10.821466,-9.862334,268.489,27.040161
2025-07-07 01:00:00,1000,0.5246808,-1.2436924,295.2495,89.44055
2025-07-07 01:00:00,925,0.6356491,-1.1054306,290.9104,89.3723
2025-07-07 01:00:00,850,0.35444605,-3.8056288,286.87524,79.665405
2025-07-07 01:00:00,700,4.6786776,-6.249795,283.7561,6.188754
2025-07-07 01:00:00,500,11.027668,-9.700334,268.43823,28.28984
2025-07-07 02:00:00,1000,0.41215402,-1.13029,294.88184,90.63234
2025-07-07 02:00:00,925,0.5270221,-0.9581921,290.5547,90.4393
2025-07-07 02:00:00,850,-0.014422201,-3.1980505,286.479,79.06152
2025-07-07 02:00:00,700,4.415224,-6.2720413,283.79736,4.0626984
2025-07-07 02:00:00,500,11.024715,-9.5290985,268.28467,31.143402
2025-07-07 03:00:00,1000,0.12017596,-1.1746254,294.57056,90.412796
2025-07-07 03:00:00,925,0.2303533,-1.0354099,290.23633,90.49605
2025-07-07 03:00:00,850,-0.5782643,-2.7152863,286.03394,81.28192
2025-07-07 03:00:00,700,4.146986,-5.920583,283.65674,3.15629
2025-07-07 03:00:00,500,10.682214,-9.319743,267.9292,35.710297
2025-07-07 04:00:00,1000,-0.113460004,-1.1150131,294.39722,89.34384
2025-07-07 04:00:00,925,-0.007351812,-1.0124722,290.0559,89.58977
2025-07-07 04:00:00,850,-1.0108795,-2.2531528,285.57446,83.82167
2025-07-07 04:00:00,700,4.1068096,-5.6223783,283.54712,3.1158075
2025-07-07 04:00:00,500,10.719228,-9.08617,267.68066,36.129623
2025-07-07 05:00:00,1000,-0.13923651,-1.0843601,294.2063,88.84354
2025-07-07 05:00:00,925,-0.025204234,-1.00632,289.84814,89.237885
2025-07-07 05:00:00,850,-0.95138615,-2.0068254,285.2749,82.65141
2025-07-07 05:00:00,700,4.3003197,-6.0501223,283.65308,4.6349525
2025-07-07 05:00:00,500,10.814423,-9.29365,267.5686,30.936813
2025-07-07 06:00:00,1000,-0.25241065,-1.1324587,294.16943,86.05295
2025-07-07 06:00:00,925,-0.16190308,-1.1037359,289.8015,86.40169
2025-07-07 06:00:00,850,-0.7823496,-1.956048,285.1482,78.761765
2025-07-07 06:00:00,700,4.632702,-6.9637413,283.69922,7.0448685
2025-07-07 06:00:00,500,10.43188,-8.613353,267.40918,25.262558
2025-07-07 07:00:00,1000,-0.32146126,-1.1505985,294.45996,78.98593
2025-07-07 07:00:00,925,-0.2155652,-1.1116905,290.0786,79.462814
2025-07-07 07:00:00,850,-0.5528333,-1.7954512,284.93262,85.370636
2025-07-07 07:00:00,700,4.47427,-7.9096107,283.19727,11.630071
2025-07-07 07:00:00,500,10.763222,-7.551936,267.54956,21.597916
2025-07-07 08:00:00,1000,-0.22432858,-1.2124939,295.55054,63.625427
2025-07-07 08:00:00,925,-0.14265013,-1.1861677,291.19556,63.748627
2025-07-07 08:00:00,850,-0.28218675,-1.7388096,285.69922,76.54343
2025-07-07 08:00:00,700,3.3996267,-7.885565,282.656,25.079742
2025-07-07 08:00:00,500,11.4154825,-7.6398134,267.53467,19.940887
2025-07-07 09:00:00,1000,-0.17788196,-1.2442741,296.8181,53.1528
2025-07-07 09:00:00,925,-0.14451987,-1.2099571,292.49658,52.68727
2025-07-07 09:00:00,850,-0.26329702,-1.7201986,286.88403,62.791656
2025-07-07 09:00:00,700,2.5971584,-7.64876,282.82202,37.727325
2025-07-07 09:00:00,500,11.557608,-7.593149,267.1538,18.402878
2025-07-07 10:00:00,1000,-0.16693717,-0.71485287,298.4834,45.733032
2025-07-07 10:00:00,925,-0.1436562,-0.69072044,294.1328,45.263382
2025-07-07 10:00:00,850,-0.29482508,-0.66251993,288.33057,55.770294
2025-07-07 10:00:00,700,1.9682655,-8.214734,282.1609,42.188416
2025-07-07 10:00:00,500,13.554926,-6.55163,267.26392,16.878418
2025-07-07 11:00:00,1000,-0.24867266,-1.2704716,299.73926,41.171158
2025-07-07 11:00:00,925,-0.2370528,-1.2668514,295.34937,41.033127
2025-07-07 11:00:00,850,-0.38803387,-1.5944738,289.4646,51.716614
2025-07-07 11:00:00,700,1.8051348,-6.68521,281.94238,41.845413
2025-07-07 11:00:00,500,14.208025,-6.417184,267.2727,17.26007
2025-07-07 12:00:00,1000,-0.20108747,-1.3532143,300.84082,38.417084
2025-07-07 12:00:00,925,-0.18503422,-1.3557549,296.4331,38.338196
2025-07-07 12:00:00,850,-0.30658716,-1.7152929,290.51855,48.301315
2025-07-07 12:00:00,700,2.3565044,-5.7632,281.9336,40.85063
2025-07-07 12:00:00,500,13.95043,-7.044507,266.88672,16.351181
2025-07-07 13:00:00,1000,-0.15483028,-1.6534595,301.97974,35.938385
2025-07-07 13:00:00,925,-0.11913729,-1.6588669,297.56152,35.795853
2025-07-07 13:00:00,850,-0.2118321,-2.2235432,291.63892,44.98944
2025-07-07 13:00:00,700,2.7554054,-5.2870016,281.84082,40.729843
2025-07-07 13:00:00,500,12.784174,-7.7367535,266.43262,15.639854
2025-07-07 14:00:00,1000,-0.25393254,-1.9212694,302.8877,34.03871
2025-07-07 14:00:00,925,-0.21399641,-1.9245787,298.46582,33.878967
2025-07-07 14:00:00,850,-0.31492662,-2.7468576,292.5725,42.1557
2025-07-07 14:00:00,700,2.9016018,-4.9795303,281.8755,38.290466
2025-07-07 14:00:00,500,11.630543,-7.7302494,266.34448,14.895654
2025-07-07 15:00:00,1000,-0.47274625,-2.0136194,303.52173,32.531967
2025-07-07 15:00:00,925,-0.41487563,-2.0165806,299.08325,32.534622
2025-07-07 15:00:00,850,-0.62598246,-2.8974886,293.20557,40.253372
2025-07-07 15:00:00,700,2.778943,-4.7538786,282.11792,29.425797
2025-07-07 15:00:00,500,10.47617,-7.6341534,266.36987,13.9989395
2025-07-07 16:00:00,1000,-0.8921794,-2.044981,303.79053,32.00618
2025-07-07 16:00:00,925,-0.8260349,-2.0420437,299.35107,31.971207
2025-07-07 16:00:00,850,-1.2618341,-2.908249,293.48633,39.181778
2025-07-07 16:00:00,700,2.5142946,-4.3821344,282.46362,19.364395
2025-07-07 16:00:00,500,9.368159,-7.1624126,266.37036,13.46195
2025-07-07 17:00:00,1000,-1.4719563,-2.0547676,303.4558,33.216187
2025-07-07 17:00:00,925,-1.403986,-2.042118,299.0337,33.034225
2025-07-07 17:00:00,850,-2.221036,-2.9216957,293.27905,39.771576
2025-07-07 17:00:00,700,2.4176464,-4.12821,283.00415,13.580835
2025-07-07 17:00:00,500,8.000441,-6.77419,266.2527,13.366263
2025-07-07 18:00:00,1000,-2.1400537,-2.0722895,302.30273,36.938766
2025-07-07 18:00:00,925,-2.043562,-2.04982,297.89233,36.675568
2025-07-07 18:00:00,850,-3.5849657,-3.2401047,292.30444,43.232132
2025-07-07 18:00:00,700,2.387988,-4.099452,283.63184,9.78698
2025-07-07 18:00:00,500,6.5378504,-6.5863714,266.09497,13.557034
2025-07-07 19:00:00,1000,-2.4276915,-1.9261484,300.35352,43.458817
2025-07-07 19:00:00,925,-2.2703142,-1.8557415,295.96484,43.288116
2025-07-07 19:00:00,850,-5.0140944,-3.651187,290.49316,51.09384
2025-07-07 19:00:00,700,1.7696342,-4.543577,284.45703,5.6859055
2025-07-07 19:00:00,500,5.3139067,-6.198512,266.021,13.206634
2025-07-07 20:00:00,1000,-2.2807732,-1.4009323,298.34497,49.57544
2025-07-07 20:00:00,925,-2.0709562,-1.2904072,293.97534,49.453384
2025-07-07 20:00:00,850,-4.5408764,-2.9395266,288.45142,58.882492
2025-07-07 20:00:00,700,0.81906295,-4.540328,284.6792,4.2804747
2025-07-07 20:00:00,500,4.5001945,-5.5824623,265.9724,13.0523405
2025-07-07 21:00:00,1000,-2.285904,-1.1069279,296.59814,54.55461
2025-07-07 21:00:00,925,-2.0470352,-1.01686,292.19702,54.443512
2025-07-07 21:00:00,850,-4.6380215,-2.6529942,286.8606,63.379166
2025-07-07 21:00:00,700,0.8817652,-3.9801035,284.53052,4.6928434
2025-07-07 21:00:00,500,3.7534065,-4.9598637,265.94653,12.74861
2025-07-07 22:00:00,1000,-2.411457,-0.6478128,295.66626,59.61714
2025-07-07 22:00:00,925,-2.2245512,-0.62469745,291.2185,60.005966
2025-07-07 22:00:00,850,-5.2765436,-1.1352816,286.18872,62.988647
2025-07-07 22:00:00,700,1.7230043,-3.4567509,283.67896,5.3275547
2025-07-07 22:00:00,500,4.1487703,-2.9933233,266.1057,14.415823
2025-07-07 23:00:00,1000,-2.376937,-0.33522868,294.49878,62.965622
2025-07-07 23:00:00,925,-2.1724262,-0.32192743,290.03955,63.515182
2025-07-07 23:00:00,850,-5.8529587,-0.6854851,285.1792,65.48802
2025-07-07 23:00:00,700,1.75138,-3.2125416,283.94238,5.972686
2025-07-07 23:00:00,500,4.04354,-2.1688643,266.13672,14.6862755
